stage,sequence,pts_ns,dts_ns,duration_ns
depay_src,1,20048745800000,,
parser_src,1,20048745800000,,33333333
decoder_sink,1,20048745800000,,33333333
decoder_src,1,20048745800000,,33333333
depay_src,2,20048779122222,,
parser_src,2,20048779122222,,33333333
decoder_sink,2,20048779122222,,33333333
decoder_src,2,20048779122222,,33333333
depay_src,3,20048812455555,,
parser_src,3,20048812455555,,33333333
decoder_sink,3,20048812455555,,33333333
decoder_src,3,20048812455555,,33333333
depay_src,4,20048845800000,,
parser_src,4,20048845800000,,33333333
decoder_sink,4,20048845800000,,33333333
decoder_src,4,20048845800000,,33333333
depay_src,5,20048879122222,,
parser_src,5,20048879122222,,33333333
decoder_sink,5,20048879122222,,33333333
decoder_src,5,20048879122222,,33333333
depay_src,6,20048912455555,,
parser_src,6,20048912455555,,33333333
decoder_sink,6,20048912455555,,33333333
decoder_src,6,20048912455555,,33333333
depay_src,7,20048945800000,,
parser_src,7,20048945800000,,33333333
decoder_sink,7,20048945800000,,33333333
decoder_src,7,20048945800000,,33333333
depay_src,8,20048979122222,,
parser_src,8,20048979122222,,33333333
decoder_sink,8,20048979122222,,33333333
decoder_src,8,20048979122222,,33333333
depay_src,9,20049012455555,,
parser_src,9,20049012455555,,33333333
decoder_sink,9,20049012455555,,33333333
decoder_src,9,20049012455555,,33333333
depay_src,10,20049045800000,,
parser_src,10,20049045800000,,33333333
decoder_sink,10,20049045800000,,33333333
decoder_src,10,20049045800000,,33333333
depay_src,11,20049079122222,,
parser_src,11,20049079122222,,33333333
decoder_sink,11,20049079122222,,33333333
decoder_src,11,20049079122222,,33333333
depay_src,12,20049112455555,,
parser_src,12,20049112455555,,33333333
decoder_sink,12,20049112455555,,33333333
decoder_src,12,20049112455555,,33333333
depay_src,13,20049145800000,,
parser_src,13,20049145800000,,33333333
decoder_sink,13,20049145800000,,33333333
decoder_src,13,20049145800000,,33333333
depay_src,14,20049179122222,,
parser_src,14,20049179122222,,33333333
decoder_sink,14,20049179122222,,33333333
decoder_src,14,20049179122222,,33333333
depay_src,15,20049212455555,,
parser_src,15,20049212455555,,33333333
decoder_sink,15,20049212455555,,33333333
decoder_src,15,20049212455555,,33333333
depay_src,16,20049245800000,,
parser_src,16,20049245800000,,33333333
decoder_sink,16,20049245800000,,33333333
decoder_src,16,20049245800000,,33333333
depay_src,17,20049279122222,,
parser_src,17,20049279122222,,33333333
decoder_sink,17,20049279122222,,33333333
decoder_src,17,20049279122222,,33333333
depay_src,18,20049312455555,,
parser_src,18,20049312455555,,33333333
decoder_sink,18,20049312455555,,33333333
decoder_src,18,20049312455555,,33333333
depay_src,19,20049345800000,,
parser_src,19,20049345800000,,33333333
decoder_sink,19,20049345800000,,33333333
decoder_src,19,20049345800000,,33333333
depay_src,20,20049379122222,,
parser_src,20,20049379122222,,33333333
decoder_sink,20,20049379122222,,33333333
decoder_src,20,20049379122222,,33333333
depay_src,21,20049412455555,,
parser_src,21,20049412455555,,33333333
decoder_sink,21,20049412455555,,33333333
decoder_src,21,20049412455555,,33333333
depay_src,22,20049445800000,,
parser_src,22,20049445800000,,33333333
decoder_sink,22,20049445800000,,33333333
decoder_src,22,20049445800000,,33333333
depay_src,23,20049479122222,,
parser_src,23,20049479122222,,33333333
decoder_sink,23,20049479122222,,33333333
decoder_src,23,20049479122222,,33333333
depay_src,24,20049512455555,,
parser_src,24,20049512455555,,33333333
decoder_sink,24,20049512455555,,33333333
decoder_src,24,20049512455555,,33333333
depay_src,25,20049545800000,,
parser_src,25,20049545800000,,33333333
decoder_sink,25,20049545800000,,33333333
decoder_src,25,20049545800000,,33333333
depay_src,26,20049579122222,,
parser_src,26,20049579122222,,33333333
decoder_sink,26,20049579122222,,33333333
decoder_src,26,20049579122222,,33333333
depay_src,27,20049612455555,,
parser_src,27,20049612455555,,33333333
decoder_sink,27,20049612455555,,33333333
decoder_src,27,20049612455555,,33333333
depay_src,28,20049645800000,,
parser_src,28,20049645800000,,33333333
decoder_sink,28,20049645800000,,33333333
decoder_src,28,20049645800000,,33333333
depay_src,29,20049679122222,,
parser_src,29,20049679122222,,33333333
decoder_sink,29,20049679122222,,33333333
decoder_src,29,20049679122222,,33333333
depay_src,30,20049712455555,,
parser_src,30,20049712455555,,33333333
decoder_sink,30,20049712455555,,33333333
decoder_src,30,20049712455555,,33333333
depay_src,31,20049745800000,,
parser_src,31,20049745800000,,33333333
decoder_sink,31,20049745800000,,33333333
decoder_src,31,20049745800000,,33333333
depay_src,32,20049779122222,,
parser_src,32,20049779122222,,33333333
decoder_sink,32,20049779122222,,33333333
decoder_src,32,20049779122222,,33333333
depay_src,33,20049812455555,,
parser_src,33,20049812455555,,33333333
decoder_sink,33,20049812455555,,33333333
decoder_src,33,20049812455555,,33333333
depay_src,34,20049845800000,,
parser_src,34,20049845800000,,33333333
decoder_sink,34,20049845800000,,33333333
decoder_src,34,20049845800000,,33333333
depay_src,35,20049879122222,,
parser_src,35,20049879122222,,33333333
decoder_sink,35,20049879122222,,33333333
decoder_src,35,20049879122222,,33333333
depay_src,36,20049912455555,,
parser_src,36,20049912455555,,33333333
decoder_sink,36,20049912455555,,33333333
decoder_src,36,20049912455555,,33333333
depay_src,37,20049945800000,,
parser_src,37,20049945800000,,33333333
decoder_sink,37,20049945800000,,33333333
decoder_src,37,20049945800000,,33333333
depay_src,38,20049979122222,,
parser_src,38,20049979122222,,33333333
decoder_sink,38,20049979122222,,33333333
decoder_src,38,20049979122222,,33333333
depay_src,39,20050012455555,,
parser_src,39,20050012455555,,33333333
decoder_sink,39,20050012455555,,33333333
decoder_src,39,20050012455555,,33333333
depay_src,40,20050045800000,,
parser_src,40,20050045800000,,33333333
decoder_sink,40,20050045800000,,33333333
decoder_src,40,20050045800000,,33333333
depay_src,41,20050079122222,,
parser_src,41,20050079122222,,33333333
decoder_sink,41,20050079122222,,33333333
decoder_src,41,20050079122222,,33333333
depay_src,42,20050112455555,,
parser_src,42,20050112455555,,33333333
decoder_sink,42,20050112455555,,33333333
decoder_src,42,20050112455555,,33333333
depay_src,43,20050145800000,,
parser_src,43,20050145800000,,33333333
decoder_sink,43,20050145800000,,33333333
decoder_src,43,20050145800000,,33333333
depay_src,44,20050179122222,,
parser_src,44,20050179122222,,33333333
decoder_sink,44,20050179122222,,33333333
decoder_src,44,20050179122222,,33333333
depay_src,45,20050212455555,,
parser_src,45,20050212455555,,33333333
decoder_sink,45,20050212455555,,33333333
decoder_src,45,20050212455555,,33333333
depay_src,46,20050245800000,,
parser_src,46,20050245800000,,33333333
decoder_sink,46,20050245800000,,33333333
decoder_src,46,20050245800000,,33333333
depay_src,47,20050279122222,,
parser_src,47,20050279122222,,33333333
decoder_sink,47,20050279122222,,33333333
decoder_src,47,20050279122222,,33333333
depay_src,48,20050312455555,,
parser_src,48,20050312455555,,33333333
decoder_sink,48,20050312455555,,33333333
decoder_src,48,20050312455555,,33333333
depay_src,49,20050345800000,,
parser_src,49,20050345800000,,33333333
decoder_sink,49,20050345800000,,33333333
decoder_src,49,20050345800000,,33333333
depay_src,50,20050379122222,,
parser_src,50,20050379122222,,33333333
decoder_sink,50,20050379122222,,33333333
decoder_src,50,20050379122222,,33333333
depay_src,51,20050412455555,,
parser_src,51,20050412455555,,33333333
decoder_sink,51,20050412455555,,33333333
decoder_src,51,20050412455555,,33333333
depay_src,52,20050445800000,,
parser_src,52,20050445800000,,33333333
decoder_sink,52,20050445800000,,33333333
decoder_src,52,20050445800000,,33333333
depay_src,53,20050479122222,,
parser_src,53,20050479122222,,33333333
decoder_sink,53,20050479122222,,33333333
decoder_src,53,20050479122222,,33333333
depay_src,54,20050512455555,,
parser_src,54,20050512455555,,33333333
decoder_sink,54,20050512455555,,33333333
decoder_src,54,20050512455555,,33333333
depay_src,55,20050545800000,,
parser_src,55,20050545800000,,33333333
decoder_sink,55,20050545800000,,33333333
decoder_src,55,20050545800000,,33333333
depay_src,56,20050579122222,,
parser_src,56,20050579122222,,33333333
decoder_sink,56,20050579122222,,33333333
decoder_src,56,20050579122222,,33333333
depay_src,57,20050612455555,,
parser_src,57,20050612455555,,33333333
decoder_sink,57,20050612455555,,33333333
decoder_src,57,20050612455555,,33333333
depay_src,58,20050645800000,,
parser_src,58,20050645800000,,33333333
decoder_sink,58,20050645800000,,33333333
decoder_src,58,20050645800000,,33333333
depay_src,59,20050679122222,,
parser_src,59,20050679122222,,33333333
decoder_sink,59,20050679122222,,33333333
decoder_src,59,20050679122222,,33333333
depay_src,60,20050712455555,,
parser_src,60,20050712455555,,33333333
decoder_sink,60,20050712455555,,33333333
decoder_src,60,20050712455555,,33333333
depay_src,61,20050745800000,,
parser_src,61,20050745800000,,33333333
decoder_sink,61,20050745800000,,33333333
decoder_src,61,20050745800000,,33333333
depay_src,62,20050779122222,,
parser_src,62,20050779122222,,33333333
decoder_sink,62,20050779122222,,33333333
decoder_src,62,20050779122222,,33333333
depay_src,63,20050812455555,,
parser_src,63,20050812455555,,33333333
decoder_sink,63,20050812455555,,33333333
decoder_src,63,20050812455555,,33333333
depay_src,64,20050845800000,,
parser_src,64,20050845800000,,33333333
decoder_sink,64,20050845800000,,33333333
decoder_src,64,20050845800000,,33333333
depay_src,65,20050879122222,,
parser_src,65,20050879122222,,33333333
decoder_sink,65,20050879122222,,33333333
decoder_src,65,20050879122222,,33333333
depay_src,66,20050912455555,,
parser_src,66,20050912455555,,33333333
decoder_sink,66,20050912455555,,33333333
decoder_src,66,20050912455555,,33333333
depay_src,67,20050945800000,,
parser_src,67,20050945800000,,33333333
decoder_sink,67,20050945800000,,33333333
decoder_src,67,20050945800000,,33333333
depay_src,68,20050979122222,,
parser_src,68,20050979122222,,33333333
decoder_sink,68,20050979122222,,33333333
decoder_src,68,20050979122222,,33333333
depay_src,69,20051012455555,,
parser_src,69,20051012455555,,33333333
decoder_sink,69,20051012455555,,33333333
decoder_src,69,20051012455555,,33333333
depay_src,70,20051045800000,,
parser_src,70,20051045800000,,33333333
decoder_sink,70,20051045800000,,33333333
decoder_src,70,20051045800000,,33333333
depay_src,71,20051079122222,,
parser_src,71,20051079122222,,33333333
decoder_sink,71,20051079122222,,33333333
decoder_src,71,20051079122222,,33333333
depay_src,72,20051112455555,,
parser_src,72,20051112455555,,33333333
decoder_sink,72,20051112455555,,33333333
decoder_src,72,20051112455555,,33333333
depay_src,73,20051145800000,,
parser_src,73,20051145800000,,33333333
decoder_sink,73,20051145800000,,33333333
decoder_src,73,20051145800000,,33333333
depay_src,74,20051179122222,,
parser_src,74,20051179122222,,33333333
decoder_sink,74,20051179122222,,33333333
decoder_src,74,20051179122222,,33333333
depay_src,75,20051212455555,,
parser_src,75,20051212455555,,33333333
decoder_sink,75,20051212455555,,33333333
decoder_src,75,20051212455555,,33333333
depay_src,76,20051245800000,,
parser_src,76,20051245800000,,33333333
decoder_sink,76,20051245800000,,33333333
decoder_src,76,20051245800000,,33333333
depay_src,77,20051279122222,,
parser_src,77,20051279122222,,33333333
decoder_sink,77,20051279122222,,33333333
decoder_src,77,20051279122222,,33333333
depay_src,78,20051312455555,,
parser_src,78,20051312455555,,33333333
decoder_sink,78,20051312455555,,33333333
decoder_src,78,20051312455555,,33333333
depay_src,79,20051345800000,,
parser_src,79,20051345800000,,33333333
decoder_sink,79,20051345800000,,33333333
decoder_src,79,20051345800000,,33333333
depay_src,80,20051379122222,,
parser_src,80,20051379122222,,33333333
decoder_sink,80,20051379122222,,33333333
decoder_src,80,20051379122222,,33333333
depay_src,81,20051412455555,,
parser_src,81,20051412455555,,33333333
decoder_sink,81,20051412455555,,33333333
decoder_src,81,20051412455555,,33333333
depay_src,82,20051445800000,,
parser_src,82,20051445800000,,33333333
decoder_sink,82,20051445800000,,33333333
decoder_src,82,20051445800000,,33333333
depay_src,83,20051479122222,,
parser_src,83,20051479122222,,33333333
decoder_sink,83,20051479122222,,33333333
decoder_src,83,20051479122222,,33333333
depay_src,84,20051512455555,,
parser_src,84,20051512455555,,33333333
decoder_sink,84,20051512455555,,33333333
decoder_src,84,20051512455555,,33333333
depay_src,85,20051545800000,,
parser_src,85,20051545800000,,33333333
decoder_sink,85,20051545800000,,33333333
decoder_src,85,20051545800000,,33333333
depay_src,86,20051579122222,,
parser_src,86,20051579122222,,33333333
decoder_sink,86,20051579122222,,33333333
decoder_src,86,20051579122222,,33333333
depay_src,87,20051612455555,,
parser_src,87,20051612455555,,33333333
decoder_sink,87,20051612455555,,33333333
decoder_src,87,20051612455555,,33333333
depay_src,88,20051645800000,,
parser_src,88,20051645800000,,33333333
decoder_sink,88,20051645800000,,33333333
decoder_src,88,20051645800000,,33333333
depay_src,89,20051679122222,,
parser_src,89,20051679122222,,33333333
decoder_sink,89,20051679122222,,33333333
decoder_src,89,20051679122222,,33333333
depay_src,90,20051712455555,,
parser_src,90,20051712455555,,33333333
decoder_sink,90,20051712455555,,33333333
decoder_src,90,20051712455555,,33333333
depay_src,91,20051745800000,,
parser_src,91,20051745800000,,33333333
decoder_sink,91,20051745800000,,33333333
decoder_src,91,20051745800000,,33333333
depay_src,92,20051779122222,,
parser_src,92,20051779122222,,33333333
decoder_sink,92,20051779122222,,33333333
decoder_src,92,20051779122222,,33333333
depay_src,93,20051812455555,,
parser_src,93,20051812455555,,33333333
decoder_sink,93,20051812455555,,33333333
decoder_src,93,20051812455555,,33333333
depay_src,94,20051845800000,,
parser_src,94,20051845800000,,33333333
decoder_sink,94,20051845800000,,33333333
decoder_src,94,20051845800000,,33333333
depay_src,95,20051879122222,,
parser_src,95,20051879122222,,33333333
decoder_sink,95,20051879122222,,33333333
decoder_src,95,20051879122222,,33333333
depay_src,96,20051912455555,,
parser_src,96,20051912455555,,33333333
decoder_sink,96,20051912455555,,33333333
decoder_src,96,20051912455555,,33333333
depay_src,97,20051945800000,,
parser_src,97,20051945800000,,33333333
decoder_sink,97,20051945800000,,33333333
decoder_src,97,20051945800000,,33333333
depay_src,98,20051979122222,,
parser_src,98,20051979122222,,33333333
decoder_sink,98,20051979122222,,33333333
decoder_src,98,20051979122222,,33333333
depay_src,99,20052012455555,,
parser_src,99,20052012455555,,33333333
decoder_sink,99,20052012455555,,33333333
decoder_src,99,20052012455555,,33333333
depay_src,100,20052045800000,,
parser_src,100,20052045800000,,33333333
decoder_sink,100,20052045800000,,33333333
decoder_src,100,20052045800000,,33333333
depay_src,101,20052079122222,,
parser_src,101,20052079122222,,33333333
decoder_sink,101,20052079122222,,33333333
decoder_src,101,20052079122222,,33333333
depay_src,102,20052112455555,,
parser_src,102,20052112455555,,33333333
decoder_sink,102,20052112455555,,33333333
decoder_src,102,20052112455555,,33333333
depay_src,103,20052145800000,,
parser_src,103,20052145800000,,33333333
decoder_sink,103,20052145800000,,33333333
decoder_src,103,20052145800000,,33333333
depay_src,104,20052179122222,,
parser_src,104,20052179122222,,33333333
decoder_sink,104,20052179122222,,33333333
decoder_src,104,20052179122222,,33333333
depay_src,105,20052212455555,,
parser_src,105,20052212455555,,33333333
decoder_sink,105,20052212455555,,33333333
decoder_src,105,20052212455555,,33333333
depay_src,106,20052245800000,,
parser_src,106,20052245800000,,33333333
decoder_sink,106,20052245800000,,33333333
decoder_src,106,20052245800000,,33333333
depay_src,107,20052279122222,,
parser_src,107,20052279122222,,33333333
decoder_sink,107,20052279122222,,33333333
decoder_src,107,20052279122222,,33333333
depay_src,108,20052312455555,,
parser_src,108,20052312455555,,33333333
decoder_sink,108,20052312455555,,33333333
decoder_src,108,20052312455555,,33333333
depay_src,109,20052345800000,,
parser_src,109,20052345800000,,33333333
decoder_sink,109,20052345800000,,33333333
decoder_src,109,20052345800000,,33333333
depay_src,110,20052379122222,,
parser_src,110,20052379122222,,33333333
decoder_sink,110,20052379122222,,33333333
decoder_src,110,20052379122222,,33333333
depay_src,111,20052412455555,,
parser_src,111,20052412455555,,33333333
decoder_sink,111,20052412455555,,33333333
decoder_src,111,20052412455555,,33333333
depay_src,112,20052445800000,,
parser_src,112,20052445800000,,33333333
decoder_sink,112,20052445800000,,33333333
decoder_src,112,20052445800000,,33333333
depay_src,113,20052479122222,,
parser_src,113,20052479122222,,33333333
decoder_sink,113,20052479122222,,33333333
decoder_src,113,20052479122222,,33333333
depay_src,114,20052512455555,,
parser_src,114,20052512455555,,33333333
decoder_sink,114,20052512455555,,33333333
decoder_src,114,20052512455555,,33333333
depay_src,115,20052545800000,,
parser_src,115,20052545800000,,33333333
decoder_sink,115,20052545800000,,33333333
decoder_src,115,20052545800000,,33333333
depay_src,116,20052579122222,,
parser_src,116,20052579122222,,33333333
decoder_sink,116,20052579122222,,33333333
decoder_src,116,20052579122222,,33333333
depay_src,117,20052612455555,,
parser_src,117,20052612455555,,33333333
decoder_sink,117,20052612455555,,33333333
decoder_src,117,20052612455555,,33333333
depay_src,118,20052645800000,,
parser_src,118,20052645800000,,33333333
decoder_sink,118,20052645800000,,33333333
decoder_src,118,20052645800000,,33333333
depay_src,119,20052679122222,,
parser_src,119,20052679122222,,33333333
decoder_sink,119,20052679122222,,33333333
decoder_src,119,20052679122222,,33333333
depay_src,120,20052712455555,,
parser_src,120,20052712455555,,33333333
decoder_sink,120,20052712455555,,33333333
decoder_src,120,20052712455555,,33333333
depay_src,121,20052745800000,,
parser_src,121,20052745800000,,33333333
decoder_sink,121,20052745800000,,33333333
decoder_src,121,20052745800000,,33333333
depay_src,122,20052779122222,,
parser_src,122,20052779122222,,33333333
decoder_sink,122,20052779122222,,33333333
decoder_src,122,20052779122222,,33333333
depay_src,123,20052812455555,,
parser_src,123,20052812455555,,33333333
decoder_sink,123,20052812455555,,33333333
decoder_src,123,20052812455555,,33333333
depay_src,124,20052845800000,,
parser_src,124,20052845800000,,33333333
decoder_sink,124,20052845800000,,33333333
decoder_src,124,20052845800000,,33333333
depay_src,125,20052879122222,,
parser_src,125,20052879122222,,33333333
decoder_sink,125,20052879122222,,33333333
decoder_src,125,20052879122222,,33333333
depay_src,126,20052912455555,,
parser_src,126,20052912455555,,33333333
decoder_sink,126,20052912455555,,33333333
decoder_src,126,20052912455555,,33333333
depay_src,127,20052945800000,,
parser_src,127,20052945800000,,33333333
decoder_sink,127,20052945800000,,33333333
decoder_src,127,20052945800000,,33333333
depay_src,128,20052979122222,,
parser_src,128,20052979122222,,33333333
decoder_sink,128,20052979122222,,33333333
decoder_src,128,20052979122222,,33333333
depay_src,129,20053012455555,,
parser_src,129,20053012455555,,33333333
decoder_sink,129,20053012455555,,33333333
decoder_src,129,20053012455555,,33333333
depay_src,130,20053045800000,,
parser_src,130,20053045800000,,33333333
decoder_sink,130,20053045800000,,33333333
decoder_src,130,20053045800000,,33333333
depay_src,131,20053079122222,,
parser_src,131,20053079122222,,33333333
decoder_sink,131,20053079122222,,33333333
decoder_src,131,20053079122222,,33333333
depay_src,132,20053112455555,,
parser_src,132,20053112455555,,33333333
decoder_sink,132,20053112455555,,33333333
decoder_src,132,20053112455555,,33333333
depay_src,133,20053145800000,,
parser_src,133,20053145800000,,33333333
decoder_sink,133,20053145800000,,33333333
decoder_src,133,20053145800000,,33333333
depay_src,134,20053179122222,,
parser_src,134,20053179122222,,33333333
decoder_sink,134,20053179122222,,33333333
decoder_src,134,20053179122222,,33333333
depay_src,135,20053212455555,,
parser_src,135,20053212455555,,33333333
decoder_sink,135,20053212455555,,33333333
decoder_src,135,20053212455555,,33333333
depay_src,136,20053245800000,,
parser_src,136,20053245800000,,33333333
decoder_sink,136,20053245800000,,33333333
decoder_src,136,20053245800000,,33333333
depay_src,137,20053279122222,,
parser_src,137,20053279122222,,33333333
decoder_sink,137,20053279122222,,33333333
decoder_src,137,20053279122222,,33333333
depay_src,138,20053312455555,,
parser_src,138,20053312455555,,33333333
decoder_sink,138,20053312455555,,33333333
decoder_src,138,20053312455555,,33333333
depay_src,139,20053345800000,,
parser_src,139,20053345800000,,33333333
decoder_sink,139,20053345800000,,33333333
decoder_src,139,20053345800000,,33333333
depay_src,140,20053379122222,,
parser_src,140,20053379122222,,33333333
decoder_sink,140,20053379122222,,33333333
decoder_src,140,20053379122222,,33333333
depay_src,141,20053412455555,,
parser_src,141,20053412455555,,33333333
decoder_sink,141,20053412455555,,33333333
decoder_src,141,20053412455555,,33333333
depay_src,142,20053445800000,,
parser_src,142,20053445800000,,33333333
decoder_sink,142,20053445800000,,33333333
decoder_src,142,20053445800000,,33333333
depay_src,143,20053479122222,,
parser_src,143,20053479122222,,33333333
decoder_sink,143,20053479122222,,33333333
decoder_src,143,20053479122222,,33333333
depay_src,144,20053512455555,,
parser_src,144,20053512455555,,33333333
decoder_sink,144,20053512455555,,33333333
decoder_src,144,20053512455555,,33333333
depay_src,145,20053545800000,,
parser_src,145,20053545800000,,33333333
decoder_sink,145,20053545800000,,33333333
decoder_src,145,20053545800000,,33333333
depay_src,146,20053579122222,,
parser_src,146,20053579122222,,33333333
decoder_sink,146,20053579122222,,33333333
decoder_src,146,20053579122222,,33333333
depay_src,147,20053612455555,,
parser_src,147,20053612455555,,33333333
decoder_sink,147,20053612455555,,33333333
decoder_src,147,20053612455555,,33333333
depay_src,148,20053645800000,,
parser_src,148,20053645800000,,33333333
decoder_sink,148,20053645800000,,33333333
decoder_src,148,20053645800000,,33333333
depay_src,149,20053679122222,,
parser_src,149,20053679122222,,33333333
decoder_sink,149,20053679122222,,33333333
decoder_src,149,20053679122222,,33333333
depay_src,150,20053712455555,,
parser_src,150,20053712455555,,33333333
decoder_sink,150,20053712455555,,33333333
decoder_src,150,20053712455555,,33333333
depay_src,151,20053745800000,,
parser_src,151,20053745800000,,33333333
decoder_sink,151,20053745800000,,33333333
decoder_src,151,20053745800000,,33333333
depay_src,152,20053779122222,,
parser_src,152,20053779122222,,33333333
decoder_sink,152,20053779122222,,33333333
decoder_src,152,20053779122222,,33333333
depay_src,153,20053812455555,,
parser_src,153,20053812455555,,33333333
decoder_sink,153,20053812455555,,33333333
decoder_src,153,20053812455555,,33333333
depay_src,154,20053845800000,,
parser_src,154,20053845800000,,33333333
decoder_sink,154,20053845800000,,33333333
decoder_src,154,20053845800000,,33333333
depay_src,155,20053879122222,,
parser_src,155,20053879122222,,33333333
decoder_sink,155,20053879122222,,33333333
decoder_src,155,20053879122222,,33333333
depay_src,156,20053912455555,,
parser_src,156,20053912455555,,33333333
decoder_sink,156,20053912455555,,33333333
decoder_src,156,20053912455555,,33333333
depay_src,157,20053945800000,,
parser_src,157,20053945800000,,33333333
decoder_sink,157,20053945800000,,33333333
decoder_src,157,20053945800000,,33333333
depay_src,158,20053979122222,,
parser_src,158,20053979122222,,33333333
decoder_sink,158,20053979122222,,33333333
decoder_src,158,20053979122222,,33333333
depay_src,159,20054012455555,,
parser_src,159,20054012455555,,33333333
decoder_sink,159,20054012455555,,33333333
decoder_src,159,20054012455555,,33333333
depay_src,160,20054045800000,,
parser_src,160,20054045800000,,33333333
decoder_sink,160,20054045800000,,33333333
decoder_src,160,20054045800000,,33333333
depay_src,161,20054079122222,,
parser_src,161,20054079122222,,33333333
decoder_sink,161,20054079122222,,33333333
decoder_src,161,20054079122222,,33333333
depay_src,162,20054112455555,,
parser_src,162,20054112455555,,33333333
decoder_sink,162,20054112455555,,33333333
decoder_src,162,20054112455555,,33333333
depay_src,163,20054145800000,,
parser_src,163,20054145800000,,33333333
decoder_sink,163,20054145800000,,33333333
decoder_src,163,20054145800000,,33333333
depay_src,164,20054179122222,,
parser_src,164,20054179122222,,33333333
decoder_sink,164,20054179122222,,33333333
decoder_src,164,20054179122222,,33333333
depay_src,165,20054212455555,,
parser_src,165,20054212455555,,33333333
decoder_sink,165,20054212455555,,33333333
decoder_src,165,20054212455555,,33333333
depay_src,166,20054245800000,,
parser_src,166,20054245800000,,33333333
decoder_sink,166,20054245800000,,33333333
decoder_src,166,20054245800000,,33333333
depay_src,167,20054279122222,,
parser_src,167,20054279122222,,33333333
decoder_sink,167,20054279122222,,33333333
decoder_src,167,20054279122222,,33333333
depay_src,168,20054312455555,,
parser_src,168,20054312455555,,33333333
decoder_sink,168,20054312455555,,33333333
decoder_src,168,20054312455555,,33333333
depay_src,169,20054345800000,,
parser_src,169,20054345800000,,33333333
decoder_sink,169,20054345800000,,33333333
decoder_src,169,20054345800000,,33333333
depay_src,170,20054379122222,,
parser_src,170,20054379122222,,33333333
decoder_sink,170,20054379122222,,33333333
decoder_src,170,20054379122222,,33333333
depay_src,171,20054412455555,,
parser_src,171,20054412455555,,33333333
decoder_sink,171,20054412455555,,33333333
decoder_src,171,20054412455555,,33333333
depay_src,172,20054445800000,,
parser_src,172,20054445800000,,33333333
decoder_sink,172,20054445800000,,33333333
decoder_src,172,20054445800000,,33333333
depay_src,173,20054479122222,,
parser_src,173,20054479122222,,33333333
decoder_sink,173,20054479122222,,33333333
decoder_src,173,20054479122222,,33333333
depay_src,174,20054512455555,,
parser_src,174,20054512455555,,33333333
decoder_sink,174,20054512455555,,33333333
decoder_src,174,20054512455555,,33333333
depay_src,175,20054545800000,,
parser_src,175,20054545800000,,33333333
decoder_sink,175,20054545800000,,33333333
decoder_src,175,20054545800000,,33333333
depay_src,176,20054579122222,,
parser_src,176,20054579122222,,33333333
decoder_sink,176,20054579122222,,33333333
decoder_src,176,20054579122222,,33333333
depay_src,177,20054612455555,,
parser_src,177,20054612455555,,33333333
decoder_sink,177,20054612455555,,33333333
decoder_src,177,20054612455555,,33333333
depay_src,178,20054645800000,,
parser_src,178,20054645800000,,33333333
decoder_sink,178,20054645800000,,33333333
decoder_src,178,20054645800000,,33333333
depay_src,179,20054679122222,,
parser_src,179,20054679122222,,33333333
decoder_sink,179,20054679122222,,33333333
decoder_src,179,20054679122222,,33333333
depay_src,180,20054712455555,,
parser_src,180,20054712455555,,33333333
decoder_sink,180,20054712455555,,33333333
decoder_src,180,20054712455555,,33333333
depay_src,181,20054745800000,,
parser_src,181,20054745800000,,33333333
decoder_sink,181,20054745800000,,33333333
decoder_src,181,20054745800000,,33333333
depay_src,182,20054779122222,,
parser_src,182,20054779122222,,33333333
decoder_sink,182,20054779122222,,33333333
decoder_src,182,20054779122222,,33333333
depay_src,183,20054812455555,,
parser_src,183,20054812455555,,33333333
decoder_sink,183,20054812455555,,33333333
decoder_src,183,20054812455555,,33333333
depay_src,184,20054845800000,,
parser_src,184,20054845800000,,33333333
decoder_sink,184,20054845800000,,33333333
decoder_src,184,20054845800000,,33333333
depay_src,185,20054879122222,,
parser_src,185,20054879122222,,33333333
decoder_sink,185,20054879122222,,33333333
decoder_src,185,20054879122222,,33333333
depay_src,186,20054912455555,,
parser_src,186,20054912455555,,33333333
decoder_sink,186,20054912455555,,33333333
decoder_src,186,20054912455555,,33333333
depay_src,187,20054945800000,,
parser_src,187,20054945800000,,33333333
decoder_sink,187,20054945800000,,33333333
decoder_src,187,20054945800000,,33333333
depay_src,188,20054979122222,,
parser_src,188,20054979122222,,33333333
decoder_sink,188,20054979122222,,33333333
decoder_src,188,20054979122222,,33333333
depay_src,189,20055012455555,,
parser_src,189,20055012455555,,33333333
decoder_sink,189,20055012455555,,33333333
decoder_src,189,20055012455555,,33333333
depay_src,190,20055045800000,,
parser_src,190,20055045800000,,33333333
decoder_sink,190,20055045800000,,33333333
decoder_src,190,20055045800000,,33333333
depay_src,191,20055079122222,,
parser_src,191,20055079122222,,33333333
decoder_sink,191,20055079122222,,33333333
decoder_src,191,20055079122222,,33333333
depay_src,192,20055112455555,,
parser_src,192,20055112455555,,33333333
decoder_sink,192,20055112455555,,33333333
decoder_src,192,20055112455555,,33333333
depay_src,193,20055145800000,,
parser_src,193,20055145800000,,33333333
decoder_sink,193,20055145800000,,33333333
decoder_src,193,20055145800000,,33333333
depay_src,194,20055179122222,,
parser_src,194,20055179122222,,33333333
decoder_sink,194,20055179122222,,33333333
decoder_src,194,20055179122222,,33333333
depay_src,195,20055212455555,,
parser_src,195,20055212455555,,33333333
decoder_sink,195,20055212455555,,33333333
decoder_src,195,20055212455555,,33333333
depay_src,196,20055245800000,,
parser_src,196,20055245800000,,33333333
decoder_sink,196,20055245800000,,33333333
decoder_src,196,20055245800000,,33333333
depay_src,197,20055279122222,,
parser_src,197,20055279122222,,33333333
decoder_sink,197,20055279122222,,33333333
decoder_src,197,20055279122222,,33333333
depay_src,198,20055312455555,,
parser_src,198,20055312455555,,33333333
decoder_sink,198,20055312455555,,33333333
decoder_src,198,20055312455555,,33333333
depay_src,199,20055345800000,,
parser_src,199,20055345800000,,33333333
decoder_sink,199,20055345800000,,33333333
decoder_src,199,20055345800000,,33333333
depay_src,200,20055379122222,,
parser_src,200,20055379122222,,33333333
decoder_sink,200,20055379122222,,33333333
decoder_src,200,20055379122222,,33333333
depay_src,201,20055412455555,,
parser_src,201,20055412455555,,33333333
decoder_sink,201,20055412455555,,33333333
decoder_src,201,20055412455555,,33333333
depay_src,202,20055445800000,,
parser_src,202,20055445800000,,33333333
decoder_sink,202,20055445800000,,33333333
decoder_src,202,20055445800000,,33333333
depay_src,203,20055479122222,,
parser_src,203,20055479122222,,33333333
decoder_sink,203,20055479122222,,33333333
decoder_src,203,20055479122222,,33333333
depay_src,204,20055512455555,,
parser_src,204,20055512455555,,33333333
decoder_sink,204,20055512455555,,33333333
decoder_src,204,20055512455555,,33333333
depay_src,205,20055545800000,,
parser_src,205,20055545800000,,33333333
decoder_sink,205,20055545800000,,33333333
decoder_src,205,20055545800000,,33333333
depay_src,206,20055579122222,,
parser_src,206,20055579122222,,33333333
decoder_sink,206,20055579122222,,33333333
decoder_src,206,20055579122222,,33333333
depay_src,207,20055612455555,,
parser_src,207,20055612455555,,33333333
decoder_sink,207,20055612455555,,33333333
decoder_src,207,20055612455555,,33333333
depay_src,208,20055645800000,,
parser_src,208,20055645800000,,33333333
decoder_sink,208,20055645800000,,33333333
decoder_src,208,20055645800000,,33333333
depay_src,209,20055679122222,,
parser_src,209,20055679122222,,33333333
decoder_sink,209,20055679122222,,33333333
decoder_src,209,20055679122222,,33333333
depay_src,210,20055712455555,,
parser_src,210,20055712455555,,33333333
decoder_sink,210,20055712455555,,33333333
decoder_src,210,20055712455555,,33333333
depay_src,211,20055745800000,,
parser_src,211,20055745800000,,33333333
decoder_sink,211,20055745800000,,33333333
decoder_src,211,20055745800000,,33333333
depay_src,212,20055779122222,,
parser_src,212,20055779122222,,33333333
decoder_sink,212,20055779122222,,33333333
decoder_src,212,20055779122222,,33333333
depay_src,213,20055812455555,,
parser_src,213,20055812455555,,33333333
decoder_sink,213,20055812455555,,33333333
decoder_src,213,20055812455555,,33333333
depay_src,214,20055845800000,,
parser_src,214,20055845800000,,33333333
decoder_sink,214,20055845800000,,33333333
decoder_src,214,20055845800000,,33333333
depay_src,215,20055879122222,,
parser_src,215,20055879122222,,33333333
decoder_sink,215,20055879122222,,33333333
decoder_src,215,20055879122222,,33333333
depay_src,216,20055912455555,,
parser_src,216,20055912455555,,33333333
decoder_sink,216,20055912455555,,33333333
decoder_src,216,20055912455555,,33333333
depay_src,217,20055945800000,,
parser_src,217,20055945800000,,33333333
decoder_sink,217,20055945800000,,33333333
decoder_src,217,20055945800000,,33333333
depay_src,218,20055979122222,,
parser_src,218,20055979122222,,33333333
decoder_sink,218,20055979122222,,33333333
decoder_src,218,20055979122222,,33333333
depay_src,219,20056012455555,,
parser_src,219,20056012455555,,33333333
decoder_sink,219,20056012455555,,33333333
decoder_src,219,20056012455555,,33333333
depay_src,220,20056045800000,,
parser_src,220,20056045800000,,33333333
decoder_sink,220,20056045800000,,33333333
decoder_src,220,20056045800000,,33333333
depay_src,221,20056079122222,,
parser_src,221,20056079122222,,33333333
decoder_sink,221,20056079122222,,33333333
decoder_src,221,20056079122222,,33333333
depay_src,222,20056112455555,,
parser_src,222,20056112455555,,33333333
decoder_sink,222,20056112455555,,33333333
decoder_src,222,20056112455555,,33333333
depay_src,223,20056145800000,,
parser_src,223,20056145800000,,33333333
decoder_sink,223,20056145800000,,33333333
decoder_src,223,20056145800000,,33333333
depay_src,224,20056179122222,,
parser_src,224,20056179122222,,33333333
decoder_sink,224,20056179122222,,33333333
decoder_src,224,20056179122222,,33333333
depay_src,225,20056212455555,,
parser_src,225,20056212455555,,33333333
decoder_sink,225,20056212455555,,33333333
decoder_src,225,20056212455555,,33333333
depay_src,226,20056245800000,,
parser_src,226,20056245800000,,33333333
decoder_sink,226,20056245800000,,33333333
decoder_src,226,20056245800000,,33333333
depay_src,227,20056279122222,,
parser_src,227,20056279122222,,33333333
decoder_sink,227,20056279122222,,33333333
decoder_src,227,20056279122222,,33333333
depay_src,228,20056312455555,,
parser_src,228,20056312455555,,33333333
decoder_sink,228,20056312455555,,33333333
decoder_src,228,20056312455555,,33333333
depay_src,229,20056345800000,,
parser_src,229,20056345800000,,33333333
decoder_sink,229,20056345800000,,33333333
decoder_src,229,20056345800000,,33333333
depay_src,230,20056379122222,,
parser_src,230,20056379122222,,33333333
decoder_sink,230,20056379122222,,33333333
decoder_src,230,20056379122222,,33333333
depay_src,231,20056412455555,,
parser_src,231,20056412455555,,33333333
decoder_sink,231,20056412455555,,33333333
decoder_src,231,20056412455555,,33333333
depay_src,232,20056445800000,,
parser_src,232,20056445800000,,33333333
decoder_sink,232,20056445800000,,33333333
decoder_src,232,20056445800000,,33333333
depay_src,233,20056479122222,,
parser_src,233,20056479122222,,33333333
decoder_sink,233,20056479122222,,33333333
decoder_src,233,20056479122222,,33333333
depay_src,234,20056512455555,,
parser_src,234,20056512455555,,33333333
decoder_sink,234,20056512455555,,33333333
decoder_src,234,20056512455555,,33333333
depay_src,235,20056545800000,,
parser_src,235,20056545800000,,33333333
decoder_sink,235,20056545800000,,33333333
decoder_src,235,20056545800000,,33333333
depay_src,236,20056579122222,,
parser_src,236,20056579122222,,33333333
decoder_sink,236,20056579122222,,33333333
decoder_src,236,20056579122222,,33333333
depay_src,237,20056612455555,,
parser_src,237,20056612455555,,33333333
decoder_sink,237,20056612455555,,33333333
decoder_src,237,20056612455555,,33333333
depay_src,238,20056645800000,,
parser_src,238,20056645800000,,33333333
decoder_sink,238,20056645800000,,33333333
decoder_src,238,20056645800000,,33333333
depay_src,239,20056679122222,,
parser_src,239,20056679122222,,33333333
decoder_sink,239,20056679122222,,33333333
decoder_src,239,20056679122222,,33333333
depay_src,240,20056712455555,,
parser_src,240,20056712455555,,33333333
decoder_sink,240,20056712455555,,33333333
decoder_src,240,20056712455555,,33333333
depay_src,241,20056745800000,,
parser_src,241,20056745800000,,33333333
decoder_sink,241,20056745800000,,33333333
decoder_src,241,20056745800000,,33333333
depay_src,242,20056779122222,,
parser_src,242,20056779122222,,33333333
decoder_sink,242,20056779122222,,33333333
decoder_src,242,20056779122222,,33333333
depay_src,243,20056812455555,,
parser_src,243,20056812455555,,33333333
decoder_sink,243,20056812455555,,33333333
decoder_src,243,20056812455555,,33333333
depay_src,244,20056845800000,,
parser_src,244,20056845800000,,33333333
decoder_sink,244,20056845800000,,33333333
decoder_src,244,20056845800000,,33333333
depay_src,245,20056879122222,,
parser_src,245,20056879122222,,33333333
decoder_sink,245,20056879122222,,33333333
decoder_src,245,20056879122222,,33333333
depay_src,246,20056912455555,,
parser_src,246,20056912455555,,33333333
decoder_sink,246,20056912455555,,33333333
decoder_src,246,20056912455555,,33333333
depay_src,247,20056945800000,,
parser_src,247,20056945800000,,33333333
decoder_sink,247,20056945800000,,33333333
decoder_src,247,20056945800000,,33333333
depay_src,248,20056979122222,,
parser_src,248,20056979122222,,33333333
decoder_sink,248,20056979122222,,33333333
decoder_src,248,20056979122222,,33333333
depay_src,249,20057012455555,,
parser_src,249,20057012455555,,33333333
decoder_sink,249,20057012455555,,33333333
decoder_src,249,20057012455555,,33333333
depay_src,250,20057045800000,,
parser_src,250,20057045800000,,33333333
decoder_sink,250,20057045800000,,33333333
decoder_src,250,20057045800000,,33333333
depay_src,251,20057079122222,,
parser_src,251,20057079122222,,33333333
decoder_sink,251,20057079122222,,33333333
decoder_src,251,20057079122222,,33333333
depay_src,252,20057112455555,,
parser_src,252,20057112455555,,33333333
decoder_sink,252,20057112455555,,33333333
decoder_src,252,20057112455555,,33333333
depay_src,253,20057145800000,,
parser_src,253,20057145800000,,33333333
decoder_sink,253,20057145800000,,33333333
decoder_src,253,20057145800000,,33333333
depay_src,254,20057179122222,,
parser_src,254,20057179122222,,33333333
decoder_sink,254,20057179122222,,33333333
decoder_src,254,20057179122222,,33333333
depay_src,255,20057212455555,,
parser_src,255,20057212455555,,33333333
decoder_sink,255,20057212455555,,33333333
decoder_src,255,20057212455555,,33333333
depay_src,256,20057245800000,,
parser_src,256,20057245800000,,33333333
decoder_sink,256,20057245800000,,33333333
decoder_src,256,20057245800000,,33333333
depay_src,257,20057279122222,,
parser_src,257,20057279122222,,33333333
decoder_sink,257,20057279122222,,33333333
decoder_src,257,20057279122222,,33333333
depay_src,258,20057312455555,,
parser_src,258,20057312455555,,33333333
decoder_sink,258,20057312455555,,33333333
decoder_src,258,20057312455555,,33333333
depay_src,259,20057345800000,,
parser_src,259,20057345800000,,33333333
decoder_sink,259,20057345800000,,33333333
decoder_src,259,20057345800000,,33333333
depay_src,260,20057379122222,,
parser_src,260,20057379122222,,33333333
decoder_sink,260,20057379122222,,33333333
decoder_src,260,20057379122222,,33333333
depay_src,261,20057412455555,,
parser_src,261,20057412455555,,33333333
decoder_sink,261,20057412455555,,33333333
decoder_src,261,20057412455555,,33333333
depay_src,262,20057445800000,,
parser_src,262,20057445800000,,33333333
decoder_sink,262,20057445800000,,33333333
decoder_src,262,20057445800000,,33333333
depay_src,263,20057479122222,,
parser_src,263,20057479122222,,33333333
decoder_sink,263,20057479122222,,33333333
decoder_src,263,20057479122222,,33333333
depay_src,264,20057512455555,,
parser_src,264,20057512455555,,33333333
decoder_sink,264,20057512455555,,33333333
decoder_src,264,20057512455555,,33333333
depay_src,265,20057545800000,,
parser_src,265,20057545800000,,33333333
decoder_sink,265,20057545800000,,33333333
decoder_src,265,20057545800000,,33333333
depay_src,266,20057579122222,,
parser_src,266,20057579122222,,33333333
decoder_sink,266,20057579122222,,33333333
decoder_src,266,20057579122222,,33333333
depay_src,267,20057612455555,,
parser_src,267,20057612455555,,33333333
decoder_sink,267,20057612455555,,33333333
decoder_src,267,20057612455555,,33333333
depay_src,268,20057645800000,,
parser_src,268,20057645800000,,33333333
decoder_sink,268,20057645800000,,33333333
decoder_src,268,20057645800000,,33333333
depay_src,269,20057679122222,,
parser_src,269,20057679122222,,33333333
decoder_sink,269,20057679122222,,33333333
decoder_src,269,20057679122222,,33333333
depay_src,270,20057712455555,,
parser_src,270,20057712455555,,33333333
decoder_sink,270,20057712455555,,33333333
decoder_src,270,20057712455555,,33333333
depay_src,271,20057745800000,,
parser_src,271,20057745800000,,33333333
decoder_sink,271,20057745800000,,33333333
decoder_src,271,20057745800000,,33333333
depay_src,272,20057779122222,,
parser_src,272,20057779122222,,33333333
decoder_sink,272,20057779122222,,33333333
decoder_src,272,20057779122222,,33333333
depay_src,273,20057812455555,,
parser_src,273,20057812455555,,33333333
decoder_sink,273,20057812455555,,33333333
decoder_src,273,20057812455555,,33333333
depay_src,274,20057845800000,,
parser_src,274,20057845800000,,33333333
decoder_sink,274,20057845800000,,33333333
decoder_src,274,20057845800000,,33333333
depay_src,275,20057879122222,,
parser_src,275,20057879122222,,33333333
decoder_sink,275,20057879122222,,33333333
decoder_src,275,20057879122222,,33333333
depay_src,276,20057912455555,,
parser_src,276,20057912455555,,33333333
decoder_sink,276,20057912455555,,33333333
decoder_src,276,20057912455555,,33333333
depay_src,277,20057945800000,,
parser_src,277,20057945800000,,33333333
decoder_sink,277,20057945800000,,33333333
decoder_src,277,20057945800000,,33333333
depay_src,278,20057979122222,,
parser_src,278,20057979122222,,33333333
decoder_sink,278,20057979122222,,33333333
decoder_src,278,20057979122222,,33333333
depay_src,279,20058012455555,,
parser_src,279,20058012455555,,33333333
decoder_sink,279,20058012455555,,33333333
decoder_src,279,20058012455555,,33333333
depay_src,280,20058045800000,,
parser_src,280,20058045800000,,33333333
decoder_sink,280,20058045800000,,33333333
decoder_src,280,20058045800000,,33333333
depay_src,281,20058079122222,,
parser_src,281,20058079122222,,33333333
decoder_sink,281,20058079122222,,33333333
decoder_src,281,20058079122222,,33333333
depay_src,282,20058112455555,,
parser_src,282,20058112455555,,33333333
decoder_sink,282,20058112455555,,33333333
decoder_src,282,20058112455555,,33333333
depay_src,283,20058145800000,,
parser_src,283,20058145800000,,33333333
decoder_sink,283,20058145800000,,33333333
decoder_src,283,20058145800000,,33333333
depay_src,284,20058179122222,,
parser_src,284,20058179122222,,33333333
decoder_sink,284,20058179122222,,33333333
decoder_src,284,20058179122222,,33333333
depay_src,285,20058212455555,,
parser_src,285,20058212455555,,33333333
decoder_sink,285,20058212455555,,33333333
decoder_src,285,20058212455555,,33333333
depay_src,286,20058245800000,,
parser_src,286,20058245800000,,33333333
decoder_sink,286,20058245800000,,33333333
decoder_src,286,20058245800000,,33333333
depay_src,287,20058279122222,,
parser_src,287,20058279122222,,33333333
decoder_sink,287,20058279122222,,33333333
decoder_src,287,20058279122222,,33333333
depay_src,288,20058312455555,,
parser_src,288,20058312455555,,33333333
decoder_sink,288,20058312455555,,33333333
decoder_src,288,20058312455555,,33333333
depay_src,289,20058345800000,,
parser_src,289,20058345800000,,33333333
decoder_sink,289,20058345800000,,33333333
decoder_src,289,20058345800000,,33333333
depay_src,290,20058379122222,,
parser_src,290,20058379122222,,33333333
decoder_sink,290,20058379122222,,33333333
decoder_src,290,20058379122222,,33333333
depay_src,291,20058412455555,,
parser_src,291,20058412455555,,33333333
decoder_sink,291,20058412455555,,33333333
decoder_src,291,20058412455555,,33333333
depay_src,292,20058445800000,,
parser_src,292,20058445800000,,33333333
decoder_sink,292,20058445800000,,33333333
decoder_src,292,20058445800000,,33333333
depay_src,293,20058479122222,,
parser_src,293,20058479122222,,33333333
decoder_sink,293,20058479122222,,33333333
decoder_src,293,20058479122222,,33333333
depay_src,294,20058512455555,,
parser_src,294,20058512455555,,33333333
decoder_sink,294,20058512455555,,33333333
decoder_src,294,20058512455555,,33333333
depay_src,295,20058545800000,,
parser_src,295,20058545800000,,33333333
decoder_sink,295,20058545800000,,33333333
decoder_src,295,20058545800000,,33333333
depay_src,296,20058579122222,,
parser_src,296,20058579122222,,33333333
decoder_sink,296,20058579122222,,33333333
decoder_src,296,20058579122222,,33333333
depay_src,297,20058612455555,,
parser_src,297,20058612455555,,33333333
decoder_sink,297,20058612455555,,33333333
decoder_src,297,20058612455555,,33333333
depay_src,298,20058645800000,,
parser_src,298,20058645800000,,33333333
decoder_sink,298,20058645800000,,33333333
decoder_src,298,20058645800000,,33333333
depay_src,299,20058679122222,,
parser_src,299,20058679122222,,33333333
decoder_sink,299,20058679122222,,33333333
decoder_src,299,20058679122222,,33333333
depay_src,300,20058712455555,,
parser_src,300,20058712455555,,33333333
decoder_sink,300,20058712455555,,33333333
decoder_src,300,20058712455555,,33333333
depay_src,301,20058745800000,,
parser_src,301,20058745800000,,33333333
decoder_sink,301,20058745800000,,33333333
decoder_src,301,20058745800000,,33333333
depay_src,302,20058779122222,,
parser_src,302,20058779122222,,33333333
decoder_sink,302,20058779122222,,33333333
decoder_src,302,20058779122222,,33333333
depay_src,303,20058812455555,,
parser_src,303,20058812455555,,33333333
decoder_sink,303,20058812455555,,33333333
decoder_src,303,20058812455555,,33333333
depay_src,304,20058845800000,,
parser_src,304,20058845800000,,33333333
decoder_sink,304,20058845800000,,33333333
decoder_src,304,20058845800000,,33333333
depay_src,305,20058879122222,,
parser_src,305,20058879122222,,33333333
decoder_sink,305,20058879122222,,33333333
decoder_src,305,20058879122222,,33333333
depay_src,306,20058912455555,,
parser_src,306,20058912455555,,33333333
decoder_sink,306,20058912455555,,33333333
decoder_src,306,20058912455555,,33333333
depay_src,307,20058945800000,,
parser_src,307,20058945800000,,33333333
decoder_sink,307,20058945800000,,33333333
decoder_src,307,20058945800000,,33333333
depay_src,308,20058979122222,,
parser_src,308,20058979122222,,33333333
decoder_sink,308,20058979122222,,33333333
decoder_src,308,20058979122222,,33333333
depay_src,309,20059012455555,,
parser_src,309,20059012455555,,33333333
decoder_sink,309,20059012455555,,33333333
decoder_src,309,20059012455555,,33333333
depay_src,310,20059045800000,,
parser_src,310,20059045800000,,33333333
decoder_sink,310,20059045800000,,33333333
decoder_src,310,20059045800000,,33333333
depay_src,311,20059079122222,,
parser_src,311,20059079122222,,33333333
decoder_sink,311,20059079122222,,33333333
decoder_src,311,20059079122222,,33333333
depay_src,312,20059112455555,,
parser_src,312,20059112455555,,33333333
decoder_sink,312,20059112455555,,33333333
decoder_src,312,20059112455555,,33333333
depay_src,313,20059145800000,,
parser_src,313,20059145800000,,33333333
decoder_sink,313,20059145800000,,33333333
decoder_src,313,20059145800000,,33333333
depay_src,314,20059179122222,,
parser_src,314,20059179122222,,33333333
decoder_sink,314,20059179122222,,33333333
decoder_src,314,20059179122222,,33333333
depay_src,315,20059212455555,,
parser_src,315,20059212455555,,33333333
decoder_sink,315,20059212455555,,33333333
decoder_src,315,20059212455555,,33333333
depay_src,316,20059245800000,,
parser_src,316,20059245800000,,33333333
decoder_sink,316,20059245800000,,33333333
decoder_src,316,20059245800000,,33333333
depay_src,317,20059279122222,,
parser_src,317,20059279122222,,33333333
decoder_sink,317,20059279122222,,33333333
decoder_src,317,20059279122222,,33333333
depay_src,318,20059312455555,,
parser_src,318,20059312455555,,33333333
decoder_sink,318,20059312455555,,33333333
decoder_src,318,20059312455555,,33333333
depay_src,319,20059345800000,,
parser_src,319,20059345800000,,33333333
decoder_sink,319,20059345800000,,33333333
decoder_src,319,20059345800000,,33333333
depay_src,320,20059379122222,,
parser_src,320,20059379122222,,33333333
decoder_sink,320,20059379122222,,33333333
decoder_src,320,20059379122222,,33333333
depay_src,321,20059412455555,,
parser_src,321,20059412455555,,33333333
decoder_sink,321,20059412455555,,33333333
decoder_src,321,20059412455555,,33333333
depay_src,322,20059445800000,,
parser_src,322,20059445800000,,33333333
decoder_sink,322,20059445800000,,33333333
decoder_src,322,20059445800000,,33333333
depay_src,323,20059479122222,,
parser_src,323,20059479122222,,33333333
decoder_sink,323,20059479122222,,33333333
decoder_src,323,20059479122222,,33333333
depay_src,324,20059512455555,,
parser_src,324,20059512455555,,33333333
decoder_sink,324,20059512455555,,33333333
decoder_src,324,20059512455555,,33333333
depay_src,325,20059545800000,,
parser_src,325,20059545800000,,33333333
decoder_sink,325,20059545800000,,33333333
decoder_src,325,20059545800000,,33333333
depay_src,326,20059579122222,,
parser_src,326,20059579122222,,33333333
decoder_sink,326,20059579122222,,33333333
decoder_src,326,20059579122222,,33333333
depay_src,327,20059612455555,,
parser_src,327,20059612455555,,33333333
decoder_sink,327,20059612455555,,33333333
decoder_src,327,20059612455555,,33333333
depay_src,328,20059645800000,,
parser_src,328,20059645800000,,33333333
decoder_sink,328,20059645800000,,33333333
decoder_src,328,20059645800000,,33333333
depay_src,329,20059679122222,,
parser_src,329,20059679122222,,33333333
decoder_sink,329,20059679122222,,33333333
decoder_src,329,20059679122222,,33333333
depay_src,330,20059712455555,,
parser_src,330,20059712455555,,33333333
decoder_sink,330,20059712455555,,33333333
decoder_src,330,20059712455555,,33333333
depay_src,331,20059745800000,,
parser_src,331,20059745800000,,33333333
decoder_sink,331,20059745800000,,33333333
decoder_src,331,20059745800000,,33333333
depay_src,332,20059779122222,,
parser_src,332,20059779122222,,33333333
decoder_sink,332,20059779122222,,33333333
decoder_src,332,20059779122222,,33333333
depay_src,333,20059812455555,,
parser_src,333,20059812455555,,33333333
decoder_sink,333,20059812455555,,33333333
decoder_src,333,20059812455555,,33333333
depay_src,334,20059845800000,,
parser_src,334,20059845800000,,33333333
decoder_sink,334,20059845800000,,33333333
decoder_src,334,20059845800000,,33333333
depay_src,335,20059879122222,,
parser_src,335,20059879122222,,33333333
decoder_sink,335,20059879122222,,33333333
decoder_src,335,20059879122222,,33333333
depay_src,336,20059912455555,,
parser_src,336,20059912455555,,33333333
decoder_sink,336,20059912455555,,33333333
decoder_src,336,20059912455555,,33333333
depay_src,337,20059945800000,,
parser_src,337,20059945800000,,33333333
decoder_sink,337,20059945800000,,33333333
decoder_src,337,20059945800000,,33333333
depay_src,338,20059979122222,,
parser_src,338,20059979122222,,33333333
decoder_sink,338,20059979122222,,33333333
decoder_src,338,20059979122222,,33333333
depay_src,339,20060012455555,,
parser_src,339,20060012455555,,33333333
decoder_sink,339,20060012455555,,33333333
decoder_src,339,20060012455555,,33333333
depay_src,340,20060045800000,,
parser_src,340,20060045800000,,33333333
decoder_sink,340,20060045800000,,33333333
decoder_src,340,20060045800000,,33333333
depay_src,341,20060079122222,,
parser_src,341,20060079122222,,33333333
decoder_sink,341,20060079122222,,33333333
decoder_src,341,20060079122222,,33333333
depay_src,342,20060112455555,,
parser_src,342,20060112455555,,33333333
decoder_sink,342,20060112455555,,33333333
decoder_src,342,20060112455555,,33333333
depay_src,343,20060145800000,,
parser_src,343,20060145800000,,33333333
decoder_sink,343,20060145800000,,33333333
decoder_src,343,20060145800000,,33333333
depay_src,344,20060179122222,,
parser_src,344,20060179122222,,33333333
decoder_sink,344,20060179122222,,33333333
decoder_src,344,20060179122222,,33333333
depay_src,345,20060212455555,,
parser_src,345,20060212455555,,33333333
decoder_sink,345,20060212455555,,33333333
decoder_src,345,20060212455555,,33333333
depay_src,346,20060245800000,,
parser_src,346,20060245800000,,33333333
decoder_sink,346,20060245800000,,33333333
decoder_src,346,20060245800000,,33333333
depay_src,347,20060279122222,,
parser_src,347,20060279122222,,33333333
decoder_sink,347,20060279122222,,33333333
decoder_src,347,20060279122222,,33333333
depay_src,348,20060312455555,,
parser_src,348,20060312455555,,33333333
decoder_sink,348,20060312455555,,33333333
decoder_src,348,20060312455555,,33333333
depay_src,349,20060345800000,,
parser_src,349,20060345800000,,33333333
decoder_sink,349,20060345800000,,33333333
decoder_src,349,20060345800000,,33333333
depay_src,350,20060379122222,,
parser_src,350,20060379122222,,33333333
decoder_sink,350,20060379122222,,33333333
decoder_src,350,20060379122222,,33333333
depay_src,351,20060412455555,,
parser_src,351,20060412455555,,33333333
decoder_sink,351,20060412455555,,33333333
decoder_src,351,20060412455555,,33333333
depay_src,352,20060445800000,,
parser_src,352,20060445800000,,33333333
decoder_sink,352,20060445800000,,33333333
decoder_src,352,20060445800000,,33333333
depay_src,353,20060479122222,,
parser_src,353,20060479122222,,33333333
decoder_sink,353,20060479122222,,33333333
decoder_src,353,20060479122222,,33333333
depay_src,354,20060512455555,,
parser_src,354,20060512455555,,33333333
decoder_sink,354,20060512455555,,33333333
decoder_src,354,20060512455555,,33333333
depay_src,355,20060545800000,,
parser_src,355,20060545800000,,33333333
decoder_sink,355,20060545800000,,33333333
decoder_src,355,20060545800000,,33333333
depay_src,356,20060579122222,,
parser_src,356,20060579122222,,33333333
decoder_sink,356,20060579122222,,33333333
decoder_src,356,20060579122222,,33333333
depay_src,357,20060612455555,,
parser_src,357,20060612455555,,33333333
decoder_sink,357,20060612455555,,33333333
decoder_src,357,20060612455555,,33333333
depay_src,358,20060645800000,,
parser_src,358,20060645800000,,33333333
decoder_sink,358,20060645800000,,33333333
decoder_src,358,20060645800000,,33333333
depay_src,359,20060679122222,,
parser_src,359,20060679122222,,33333333
decoder_sink,359,20060679122222,,33333333
decoder_src,359,20060679122222,,33333333
depay_src,360,20060712455555,,
parser_src,360,20060712455555,,33333333
decoder_sink,360,20060712455555,,33333333
decoder_src,360,20060712455555,,33333333
depay_src,361,20060745800000,,
parser_src,361,20060745800000,,33333333
decoder_sink,361,20060745800000,,33333333
decoder_src,361,20060745800000,,33333333
depay_src,362,20060779122222,,
parser_src,362,20060779122222,,33333333
decoder_sink,362,20060779122222,,33333333
decoder_src,362,20060779122222,,33333333
depay_src,363,20060812455555,,
parser_src,363,20060812455555,,33333333
decoder_sink,363,20060812455555,,33333333
decoder_src,363,20060812455555,,33333333
depay_src,364,20060845800000,,
parser_src,364,20060845800000,,33333333
decoder_sink,364,20060845800000,,33333333
decoder_src,364,20060845800000,,33333333
depay_src,365,20060879122222,,
parser_src,365,20060879122222,,33333333
decoder_sink,365,20060879122222,,33333333
decoder_src,365,20060879122222,,33333333
depay_src,366,20060912455555,,
parser_src,366,20060912455555,,33333333
decoder_sink,366,20060912455555,,33333333
decoder_src,366,20060912455555,,33333333
depay_src,367,20060945800000,,
parser_src,367,20060945800000,,33333333
decoder_sink,367,20060945800000,,33333333
decoder_src,367,20060945800000,,33333333
depay_src,368,20060979122222,,
parser_src,368,20060979122222,,33333333
decoder_sink,368,20060979122222,,33333333
decoder_src,368,20060979122222,,33333333
depay_src,369,20061012455555,,
parser_src,369,20061012455555,,33333333
decoder_sink,369,20061012455555,,33333333
decoder_src,369,20061012455555,,33333333
depay_src,370,20061045800000,,
parser_src,370,20061045800000,,33333333
decoder_sink,370,20061045800000,,33333333
decoder_src,370,20061045800000,,33333333
depay_src,371,20061079122222,,
parser_src,371,20061079122222,,33333333
decoder_sink,371,20061079122222,,33333333
decoder_src,371,20061079122222,,33333333
depay_src,372,20061112455555,,
parser_src,372,20061112455555,,33333333
decoder_sink,372,20061112455555,,33333333
decoder_src,372,20061112455555,,33333333
depay_src,373,20061145800000,,
parser_src,373,20061145800000,,33333333
decoder_sink,373,20061145800000,,33333333
decoder_src,373,20061145800000,,33333333
depay_src,374,20061179122222,,
parser_src,374,20061179122222,,33333333
decoder_sink,374,20061179122222,,33333333
decoder_src,374,20061179122222,,33333333
depay_src,375,20061212455555,,
parser_src,375,20061212455555,,33333333
decoder_sink,375,20061212455555,,33333333
decoder_src,375,20061212455555,,33333333
depay_src,376,20061245800000,,
parser_src,376,20061245800000,,33333333
decoder_sink,376,20061245800000,,33333333
decoder_src,376,20061245800000,,33333333
depay_src,377,20061279122222,,
parser_src,377,20061279122222,,33333333
decoder_sink,377,20061279122222,,33333333
decoder_src,377,20061279122222,,33333333
depay_src,378,20061312455555,,
parser_src,378,20061312455555,,33333333
decoder_sink,378,20061312455555,,33333333
decoder_src,378,20061312455555,,33333333
depay_src,379,20061345800000,,
parser_src,379,20061345800000,,33333333
decoder_sink,379,20061345800000,,33333333
decoder_src,379,20061345800000,,33333333
depay_src,380,20061379122222,,
parser_src,380,20061379122222,,33333333
decoder_sink,380,20061379122222,,33333333
decoder_src,380,20061379122222,,33333333
depay_src,381,20061412455555,,
parser_src,381,20061412455555,,33333333
decoder_sink,381,20061412455555,,33333333
decoder_src,381,20061412455555,,33333333
depay_src,382,20061445800000,,
parser_src,382,20061445800000,,33333333
decoder_sink,382,20061445800000,,33333333
decoder_src,382,20061445800000,,33333333
depay_src,383,20061479122222,,
parser_src,383,20061479122222,,33333333
decoder_sink,383,20061479122222,,33333333
decoder_src,383,20061479122222,,33333333
depay_src,384,20061512455555,,
parser_src,384,20061512455555,,33333333
decoder_sink,384,20061512455555,,33333333
decoder_src,384,20061512455555,,33333333
depay_src,385,20061545800000,,
parser_src,385,20061545800000,,33333333
decoder_sink,385,20061545800000,,33333333
decoder_src,385,20061545800000,,33333333
depay_src,386,20061579122222,,
parser_src,386,20061579122222,,33333333
decoder_sink,386,20061579122222,,33333333
decoder_src,386,20061579122222,,33333333
depay_src,387,20061612455555,,
parser_src,387,20061612455555,,33333333
decoder_sink,387,20061612455555,,33333333
decoder_src,387,20061612455555,,33333333
depay_src,388,20061645800000,,
parser_src,388,20061645800000,,33333333
decoder_sink,388,20061645800000,,33333333
decoder_src,388,20061645800000,,33333333
depay_src,389,20061679122222,,
parser_src,389,20061679122222,,33333333
decoder_sink,389,20061679122222,,33333333
decoder_src,389,20061679122222,,33333333
depay_src,390,20061712455555,,
parser_src,390,20061712455555,,33333333
decoder_sink,390,20061712455555,,33333333
decoder_src,390,20061712455555,,33333333
depay_src,391,20061745800000,,
parser_src,391,20061745800000,,33333333
decoder_sink,391,20061745800000,,33333333
decoder_src,391,20061745800000,,33333333
depay_src,392,20061779122222,,
parser_src,392,20061779122222,,33333333
decoder_sink,392,20061779122222,,33333333
decoder_src,392,20061779122222,,33333333
depay_src,393,20061812455555,,
parser_src,393,20061812455555,,33333333
decoder_sink,393,20061812455555,,33333333
decoder_src,393,20061812455555,,33333333
depay_src,394,20061845800000,,
parser_src,394,20061845800000,,33333333
decoder_sink,394,20061845800000,,33333333
decoder_src,394,20061845800000,,33333333
depay_src,395,20061879122222,,
parser_src,395,20061879122222,,33333333
decoder_sink,395,20061879122222,,33333333
decoder_src,395,20061879122222,,33333333
depay_src,396,20061912455555,,
parser_src,396,20061912455555,,33333333
decoder_sink,396,20061912455555,,33333333
decoder_src,396,20061912455555,,33333333
depay_src,397,20061945800000,,
parser_src,397,20061945800000,,33333333
decoder_sink,397,20061945800000,,33333333
decoder_src,397,20061945800000,,33333333
depay_src,398,20061979122222,,
parser_src,398,20061979122222,,33333333
decoder_sink,398,20061979122222,,33333333
decoder_src,398,20061979122222,,33333333
depay_src,399,20062012455555,,
parser_src,399,20062012455555,,33333333
decoder_sink,399,20062012455555,,33333333
decoder_src,399,20062012455555,,33333333
depay_src,400,20062045800000,,
parser_src,400,20062045800000,,33333333
decoder_sink,400,20062045800000,,33333333
decoder_src,400,20062045800000,,33333333
depay_src,401,20062079122222,,
parser_src,401,20062079122222,,33333333
decoder_sink,401,20062079122222,,33333333
decoder_src,401,20062079122222,,33333333
depay_src,402,20062112455555,,
parser_src,402,20062112455555,,33333333
decoder_sink,402,20062112455555,,33333333
decoder_src,402,20062112455555,,33333333
depay_src,403,20062145800000,,
parser_src,403,20062145800000,,33333333
decoder_sink,403,20062145800000,,33333333
decoder_src,403,20062145800000,,33333333
depay_src,404,20062179122222,,
parser_src,404,20062179122222,,33333333
decoder_sink,404,20062179122222,,33333333
decoder_src,404,20062179122222,,33333333
depay_src,405,20062212455555,,
parser_src,405,20062212455555,,33333333
decoder_sink,405,20062212455555,,33333333
decoder_src,405,20062212455555,,33333333
depay_src,406,20062245800000,,
parser_src,406,20062245800000,,33333333
decoder_sink,406,20062245800000,,33333333
decoder_src,406,20062245800000,,33333333
depay_src,407,20062279122222,,
parser_src,407,20062279122222,,33333333
decoder_sink,407,20062279122222,,33333333
decoder_src,407,20062279122222,,33333333
depay_src,408,20062312455555,,
parser_src,408,20062312455555,,33333333
decoder_sink,408,20062312455555,,33333333
decoder_src,408,20062312455555,,33333333
depay_src,409,20062345800000,,
parser_src,409,20062345800000,,33333333
decoder_sink,409,20062345800000,,33333333
decoder_src,409,20062345800000,,33333333
depay_src,410,20062379122222,,
parser_src,410,20062379122222,,33333333
decoder_sink,410,20062379122222,,33333333
decoder_src,410,20062379122222,,33333333
depay_src,411,20062412455555,,
parser_src,411,20062412455555,,33333333
decoder_sink,411,20062412455555,,33333333
decoder_src,411,20062412455555,,33333333
depay_src,412,20062445800000,,
parser_src,412,20062445800000,,33333333
decoder_sink,412,20062445800000,,33333333
decoder_src,412,20062445800000,,33333333
depay_src,413,20062479122222,,
parser_src,413,20062479122222,,33333333
decoder_sink,413,20062479122222,,33333333
decoder_src,413,20062479122222,,33333333
depay_src,414,20062512455555,,
parser_src,414,20062512455555,,33333333
decoder_sink,414,20062512455555,,33333333
decoder_src,414,20062512455555,,33333333
depay_src,415,20062545800000,,
parser_src,415,20062545800000,,33333333
decoder_sink,415,20062545800000,,33333333
decoder_src,415,20062545800000,,33333333
depay_src,416,20062579122222,,
parser_src,416,20062579122222,,33333333
decoder_sink,416,20062579122222,,33333333
decoder_src,416,20062579122222,,33333333
depay_src,417,20062612455555,,
parser_src,417,20062612455555,,33333333
decoder_sink,417,20062612455555,,33333333
decoder_src,417,20062612455555,,33333333
depay_src,418,20062645800000,,
parser_src,418,20062645800000,,33333333
decoder_sink,418,20062645800000,,33333333
decoder_src,418,20062645800000,,33333333
depay_src,419,20062679122222,,
parser_src,419,20062679122222,,33333333
decoder_sink,419,20062679122222,,33333333
decoder_src,419,20062679122222,,33333333
depay_src,420,20062712455555,,
parser_src,420,20062712455555,,33333333
decoder_sink,420,20062712455555,,33333333
decoder_src,420,20062712455555,,33333333
depay_src,421,20062745800000,,
parser_src,421,20062745800000,,33333333
decoder_sink,421,20062745800000,,33333333
decoder_src,421,20062745800000,,33333333
depay_src,422,20062779122222,,
parser_src,422,20062779122222,,33333333
decoder_sink,422,20062779122222,,33333333
decoder_src,422,20062779122222,,33333333
depay_src,423,20062812455555,,
parser_src,423,20062812455555,,33333333
decoder_sink,423,20062812455555,,33333333
decoder_src,423,20062812455555,,33333333
depay_src,424,20062845800000,,
parser_src,424,20062845800000,,33333333
decoder_sink,424,20062845800000,,33333333
decoder_src,424,20062845800000,,33333333
depay_src,425,20062879122222,,
parser_src,425,20062879122222,,33333333
decoder_sink,425,20062879122222,,33333333
decoder_src,425,20062879122222,,33333333
depay_src,426,20062912455555,,
parser_src,426,20062912455555,,33333333
decoder_sink,426,20062912455555,,33333333
decoder_src,426,20062912455555,,33333333
depay_src,427,20062945800000,,
parser_src,427,20062945800000,,33333333
decoder_sink,427,20062945800000,,33333333
decoder_src,427,20062945800000,,33333333
depay_src,428,20062979122222,,
parser_src,428,20062979122222,,33333333
decoder_sink,428,20062979122222,,33333333
decoder_src,428,20062979122222,,33333333
depay_src,429,20063012455555,,
parser_src,429,20063012455555,,33333333
decoder_sink,429,20063012455555,,33333333
decoder_src,429,20063012455555,,33333333
depay_src,430,20063045800000,,
parser_src,430,20063045800000,,33333333
decoder_sink,430,20063045800000,,33333333
decoder_src,430,20063045800000,,33333333
depay_src,431,20063079122222,,
parser_src,431,20063079122222,,33333333
decoder_sink,431,20063079122222,,33333333
decoder_src,431,20063079122222,,33333333
depay_src,432,20063112455555,,
parser_src,432,20063112455555,,33333333
decoder_sink,432,20063112455555,,33333333
decoder_src,432,20063112455555,,33333333
depay_src,433,20063145800000,,
parser_src,433,20063145800000,,33333333
decoder_sink,433,20063145800000,,33333333
decoder_src,433,20063145800000,,33333333
depay_src,434,20063179122222,,
parser_src,434,20063179122222,,33333333
decoder_sink,434,20063179122222,,33333333
decoder_src,434,20063179122222,,33333333
depay_src,435,20063212455555,,
parser_src,435,20063212455555,,33333333
decoder_sink,435,20063212455555,,33333333
decoder_src,435,20063212455555,,33333333
depay_src,436,20063245800000,,
parser_src,436,20063245800000,,33333333
decoder_sink,436,20063245800000,,33333333
decoder_src,436,20063245800000,,33333333
depay_src,437,20063279122222,,
parser_src,437,20063279122222,,33333333
decoder_sink,437,20063279122222,,33333333
decoder_src,437,20063279122222,,33333333
depay_src,438,20063312455555,,
parser_src,438,20063312455555,,33333333
decoder_sink,438,20063312455555,,33333333
decoder_src,438,20063312455555,,33333333
depay_src,439,20063345800000,,
parser_src,439,20063345800000,,33333333
decoder_sink,439,20063345800000,,33333333
decoder_src,439,20063345800000,,33333333
depay_src,440,20063379122222,,
parser_src,440,20063379122222,,33333333
decoder_sink,440,20063379122222,,33333333
decoder_src,440,20063379122222,,33333333
depay_src,441,20063412455555,,
parser_src,441,20063412455555,,33333333
decoder_sink,441,20063412455555,,33333333
decoder_src,441,20063412455555,,33333333
depay_src,442,20063445800000,,
parser_src,442,20063445800000,,33333333
decoder_sink,442,20063445800000,,33333333
decoder_src,442,20063445800000,,33333333
depay_src,443,20063479122222,,
parser_src,443,20063479122222,,33333333
decoder_sink,443,20063479122222,,33333333
decoder_src,443,20063479122222,,33333333
depay_src,444,20063512455555,,
parser_src,444,20063512455555,,33333333
decoder_sink,444,20063512455555,,33333333
decoder_src,444,20063512455555,,33333333
depay_src,445,20063545800000,,
parser_src,445,20063545800000,,33333333
decoder_sink,445,20063545800000,,33333333
decoder_src,445,20063545800000,,33333333
depay_src,446,20063579122222,,
parser_src,446,20063579122222,,33333333
decoder_sink,446,20063579122222,,33333333
decoder_src,446,20063579122222,,33333333
depay_src,447,20063612455555,,
parser_src,447,20063612455555,,33333333
decoder_sink,447,20063612455555,,33333333
decoder_src,447,20063612455555,,33333333
depay_src,448,20063645800000,,
parser_src,448,20063645800000,,33333333
decoder_sink,448,20063645800000,,33333333
decoder_src,448,20063645800000,,33333333
depay_src,449,20063679122222,,
parser_src,449,20063679122222,,33333333
decoder_sink,449,20063679122222,,33333333
decoder_src,449,20063679122222,,33333333
depay_src,450,20063712455555,,
parser_src,450,20063712455555,,33333333
decoder_sink,450,20063712455555,,33333333
decoder_src,450,20063712455555,,33333333
depay_src,451,20063745800000,,
parser_src,451,20063745800000,,33333333
decoder_sink,451,20063745800000,,33333333
decoder_src,451,20063745800000,,33333333
depay_src,452,20063779122222,,
parser_src,452,20063779122222,,33333333
decoder_sink,452,20063779122222,,33333333
decoder_src,452,20063779122222,,33333333
depay_src,453,20063812455555,,
parser_src,453,20063812455555,,33333333
decoder_sink,453,20063812455555,,33333333
decoder_src,453,20063812455555,,33333333
depay_src,454,20063845800000,,
parser_src,454,20063845800000,,33333333
decoder_sink,454,20063845800000,,33333333
decoder_src,454,20063845800000,,33333333
depay_src,455,20063879122222,,
parser_src,455,20063879122222,,33333333
decoder_sink,455,20063879122222,,33333333
decoder_src,455,20063879122222,,33333333
depay_src,456,20063912455555,,
parser_src,456,20063912455555,,33333333
decoder_sink,456,20063912455555,,33333333
decoder_src,456,20063912455555,,33333333
depay_src,457,20063945800000,,
parser_src,457,20063945800000,,33333333
decoder_sink,457,20063945800000,,33333333
decoder_src,457,20063945800000,,33333333
depay_src,458,20063979122222,,
parser_src,458,20063979122222,,33333333
decoder_sink,458,20063979122222,,33333333
decoder_src,458,20063979122222,,33333333
depay_src,459,20064012455555,,
parser_src,459,20064012455555,,33333333
decoder_sink,459,20064012455555,,33333333
decoder_src,459,20064012455555,,33333333
depay_src,460,20064045800000,,
parser_src,460,20064045800000,,33333333
decoder_sink,460,20064045800000,,33333333
decoder_src,460,20064045800000,,33333333
depay_src,461,20064079122222,,
parser_src,461,20064079122222,,33333333
decoder_sink,461,20064079122222,,33333333
decoder_src,461,20064079122222,,33333333
depay_src,462,20064112455555,,
parser_src,462,20064112455555,,33333333
decoder_sink,462,20064112455555,,33333333
decoder_src,462,20064112455555,,33333333
depay_src,463,20064145800000,,
parser_src,463,20064145800000,,33333333
decoder_sink,463,20064145800000,,33333333
decoder_src,463,20064145800000,,33333333
depay_src,464,20064179122222,,
parser_src,464,20064179122222,,33333333
decoder_sink,464,20064179122222,,33333333
decoder_src,464,20064179122222,,33333333
depay_src,465,20064212455555,,
parser_src,465,20064212455555,,33333333
decoder_sink,465,20064212455555,,33333333
decoder_src,465,20064212455555,,33333333
depay_src,466,20064245800000,,
parser_src,466,20064245800000,,33333333
decoder_sink,466,20064245800000,,33333333
decoder_src,466,20064245800000,,33333333
depay_src,467,20064279122222,,
parser_src,467,20064279122222,,33333333
decoder_sink,467,20064279122222,,33333333
decoder_src,467,20064279122222,,33333333
depay_src,468,20064312455555,,
parser_src,468,20064312455555,,33333333
decoder_sink,468,20064312455555,,33333333
decoder_src,468,20064312455555,,33333333
depay_src,469,20064345800000,,
parser_src,469,20064345800000,,33333333
decoder_sink,469,20064345800000,,33333333
decoder_src,469,20064345800000,,33333333
depay_src,470,20064379122222,,
parser_src,470,20064379122222,,33333333
decoder_sink,470,20064379122222,,33333333
decoder_src,470,20064379122222,,33333333
depay_src,471,20064412455555,,
parser_src,471,20064412455555,,33333333
decoder_sink,471,20064412455555,,33333333
decoder_src,471,20064412455555,,33333333
depay_src,472,20064445800000,,
parser_src,472,20064445800000,,33333333
decoder_sink,472,20064445800000,,33333333
decoder_src,472,20064445800000,,33333333
depay_src,473,20064479122222,,
parser_src,473,20064479122222,,33333333
decoder_sink,473,20064479122222,,33333333
decoder_src,473,20064479122222,,33333333
depay_src,474,20064512455555,,
parser_src,474,20064512455555,,33333333
decoder_sink,474,20064512455555,,33333333
decoder_src,474,20064512455555,,33333333
depay_src,475,20064545800000,,
parser_src,475,20064545800000,,33333333
decoder_sink,475,20064545800000,,33333333
decoder_src,475,20064545800000,,33333333
depay_src,476,20064579122222,,
parser_src,476,20064579122222,,33333333
decoder_sink,476,20064579122222,,33333333
decoder_src,476,20064579122222,,33333333
depay_src,477,20064612455555,,
parser_src,477,20064612455555,,33333333
decoder_sink,477,20064612455555,,33333333
decoder_src,477,20064612455555,,33333333
depay_src,478,20064645800000,,
parser_src,478,20064645800000,,33333333
decoder_sink,478,20064645800000,,33333333
decoder_src,478,20064645800000,,33333333
depay_src,479,20064679122222,,
parser_src,479,20064679122222,,33333333
decoder_sink,479,20064679122222,,33333333
decoder_src,479,20064679122222,,33333333
depay_src,480,20064712455555,,
parser_src,480,20064712455555,,33333333
decoder_sink,480,20064712455555,,33333333
decoder_src,480,20064712455555,,33333333
depay_src,481,20064745800000,,
parser_src,481,20064745800000,,33333333
decoder_sink,481,20064745800000,,33333333
decoder_src,481,20064745800000,,33333333
depay_src,482,20064779122222,,
parser_src,482,20064779122222,,33333333
decoder_sink,482,20064779122222,,33333333
decoder_src,482,20064779122222,,33333333
depay_src,483,20064812455555,,
parser_src,483,20064812455555,,33333333
decoder_sink,483,20064812455555,,33333333
decoder_src,483,20064812455555,,33333333
depay_src,484,20064845800000,,
parser_src,484,20064845800000,,33333333
decoder_sink,484,20064845800000,,33333333
decoder_src,484,20064845800000,,33333333
depay_src,485,20064879122222,,
parser_src,485,20064879122222,,33333333
decoder_sink,485,20064879122222,,33333333
decoder_src,485,20064879122222,,33333333
depay_src,486,20064912455555,,
parser_src,486,20064912455555,,33333333
decoder_sink,486,20064912455555,,33333333
decoder_src,486,20064912455555,,33333333
depay_src,487,20064945800000,,
parser_src,487,20064945800000,,33333333
decoder_sink,487,20064945800000,,33333333
decoder_src,487,20064945800000,,33333333
depay_src,488,20064979122222,,
parser_src,488,20064979122222,,33333333
decoder_sink,488,20064979122222,,33333333
decoder_src,488,20064979122222,,33333333
depay_src,489,20065012455555,,
parser_src,489,20065012455555,,33333333
decoder_sink,489,20065012455555,,33333333
decoder_src,489,20065012455555,,33333333
depay_src,490,20065045800000,,
parser_src,490,20065045800000,,33333333
decoder_sink,490,20065045800000,,33333333
decoder_src,490,20065045800000,,33333333
depay_src,491,20065079122222,,
parser_src,491,20065079122222,,33333333
decoder_sink,491,20065079122222,,33333333
decoder_src,491,20065079122222,,33333333
depay_src,492,20065112455555,,
parser_src,492,20065112455555,,33333333
decoder_sink,492,20065112455555,,33333333
decoder_src,492,20065112455555,,33333333
depay_src,493,20065145800000,,
parser_src,493,20065145800000,,33333333
decoder_sink,493,20065145800000,,33333333
decoder_src,493,20065145800000,,33333333
depay_src,494,20065179122222,,
parser_src,494,20065179122222,,33333333
decoder_sink,494,20065179122222,,33333333
decoder_src,494,20065179122222,,33333333
depay_src,495,20065212455555,,
parser_src,495,20065212455555,,33333333
decoder_sink,495,20065212455555,,33333333
decoder_src,495,20065212455555,,33333333
depay_src,496,20065245800000,,
parser_src,496,20065245800000,,33333333
decoder_sink,496,20065245800000,,33333333
decoder_src,496,20065245800000,,33333333
depay_src,497,20065279122222,,
parser_src,497,20065279122222,,33333333
decoder_sink,497,20065279122222,,33333333
decoder_src,497,20065279122222,,33333333
depay_src,498,20065312455555,,
parser_src,498,20065312455555,,33333333
decoder_sink,498,20065312455555,,33333333
decoder_src,498,20065312455555,,33333333
depay_src,499,20065345800000,,
parser_src,499,20065345800000,,33333333
decoder_sink,499,20065345800000,,33333333
decoder_src,499,20065345800000,,33333333
depay_src,500,20065379122222,,
parser_src,500,20065379122222,,33333333
decoder_sink,500,20065379122222,,33333333
decoder_src,500,20065379122222,,33333333
depay_src,501,20065412455555,,
parser_src,501,20065412455555,,33333333
decoder_sink,501,20065412455555,,33333333
decoder_src,501,20065412455555,,33333333
depay_src,502,20065445800000,,
parser_src,502,20065445800000,,33333333
decoder_sink,502,20065445800000,,33333333
decoder_src,502,20065445800000,,33333333
depay_src,503,20065479122222,,
parser_src,503,20065479122222,,33333333
decoder_sink,503,20065479122222,,33333333
decoder_src,503,20065479122222,,33333333
depay_src,504,20065512455555,,
parser_src,504,20065512455555,,33333333
decoder_sink,504,20065512455555,,33333333
decoder_src,504,20065512455555,,33333333
depay_src,505,20065545800000,,
parser_src,505,20065545800000,,33333333
decoder_sink,505,20065545800000,,33333333
decoder_src,505,20065545800000,,33333333
depay_src,506,20065579122222,,
parser_src,506,20065579122222,,33333333
decoder_sink,506,20065579122222,,33333333
decoder_src,506,20065579122222,,33333333
depay_src,507,20065612455555,,
parser_src,507,20065612455555,,33333333
decoder_sink,507,20065612455555,,33333333
decoder_src,507,20065612455555,,33333333
depay_src,508,20065645800000,,
parser_src,508,20065645800000,,33333333
decoder_sink,508,20065645800000,,33333333
decoder_src,508,20065645800000,,33333333
depay_src,509,20065679122222,,
parser_src,509,20065679122222,,33333333
decoder_sink,509,20065679122222,,33333333
decoder_src,509,20065679122222,,33333333
depay_src,510,20065712455555,,
parser_src,510,20065712455555,,33333333
decoder_sink,510,20065712455555,,33333333
decoder_src,510,20065712455555,,33333333
depay_src,511,20065745800000,,
parser_src,511,20065745800000,,33333333
decoder_sink,511,20065745800000,,33333333
decoder_src,511,20065745800000,,33333333
depay_src,512,20065779122222,,
parser_src,512,20065779122222,,33333333
decoder_sink,512,20065779122222,,33333333
decoder_src,512,20065779122222,,33333333
depay_src,513,20065812455555,,
parser_src,513,20065812455555,,33333333
decoder_sink,513,20065812455555,,33333333
decoder_src,513,20065812455555,,33333333
depay_src,514,20065845800000,,
parser_src,514,20065845800000,,33333333
decoder_sink,514,20065845800000,,33333333
decoder_src,514,20065845800000,,33333333
depay_src,515,20065879122222,,
parser_src,515,20065879122222,,33333333
decoder_sink,515,20065879122222,,33333333
decoder_src,515,20065879122222,,33333333
depay_src,516,20065912455555,,
parser_src,516,20065912455555,,33333333
decoder_sink,516,20065912455555,,33333333
decoder_src,516,20065912455555,,33333333
depay_src,517,20065945800000,,
parser_src,517,20065945800000,,33333333
decoder_sink,517,20065945800000,,33333333
decoder_src,517,20065945800000,,33333333
depay_src,518,20065979122222,,
parser_src,518,20065979122222,,33333333
decoder_sink,518,20065979122222,,33333333
decoder_src,518,20065979122222,,33333333
depay_src,519,20066012455555,,
parser_src,519,20066012455555,,33333333
decoder_sink,519,20066012455555,,33333333
decoder_src,519,20066012455555,,33333333
depay_src,520,20066045800000,,
parser_src,520,20066045800000,,33333333
decoder_sink,520,20066045800000,,33333333
decoder_src,520,20066045800000,,33333333
depay_src,521,20066079122222,,
parser_src,521,20066079122222,,33333333
decoder_sink,521,20066079122222,,33333333
decoder_src,521,20066079122222,,33333333
depay_src,522,20066112455555,,
parser_src,522,20066112455555,,33333333
decoder_sink,522,20066112455555,,33333333
decoder_src,522,20066112455555,,33333333
depay_src,523,20066145800000,,
parser_src,523,20066145800000,,33333333
decoder_sink,523,20066145800000,,33333333
decoder_src,523,20066145800000,,33333333
depay_src,524,20066179122222,,
parser_src,524,20066179122222,,33333333
decoder_sink,524,20066179122222,,33333333
decoder_src,524,20066179122222,,33333333
depay_src,525,20066212455555,,
parser_src,525,20066212455555,,33333333
decoder_sink,525,20066212455555,,33333333
decoder_src,525,20066212455555,,33333333
depay_src,526,20066245800000,,
parser_src,526,20066245800000,,33333333
decoder_sink,526,20066245800000,,33333333
decoder_src,526,20066245800000,,33333333
depay_src,527,20066279122222,,
parser_src,527,20066279122222,,33333333
decoder_sink,527,20066279122222,,33333333
decoder_src,527,20066279122222,,33333333
depay_src,528,20066312455555,,
parser_src,528,20066312455555,,33333333
decoder_sink,528,20066312455555,,33333333
decoder_src,528,20066312455555,,33333333
depay_src,529,20066345800000,,
parser_src,529,20066345800000,,33333333
decoder_sink,529,20066345800000,,33333333
decoder_src,529,20066345800000,,33333333
depay_src,530,20066379122222,,
parser_src,530,20066379122222,,33333333
decoder_sink,530,20066379122222,,33333333
decoder_src,530,20066379122222,,33333333
depay_src,531,20066412455555,,
parser_src,531,20066412455555,,33333333
decoder_sink,531,20066412455555,,33333333
decoder_src,531,20066412455555,,33333333
depay_src,532,20066445800000,,
parser_src,532,20066445800000,,33333333
decoder_sink,532,20066445800000,,33333333
decoder_src,532,20066445800000,,33333333
depay_src,533,20066479122222,,
parser_src,533,20066479122222,,33333333
decoder_sink,533,20066479122222,,33333333
decoder_src,533,20066479122222,,33333333
depay_src,534,20066512455555,,
parser_src,534,20066512455555,,33333333
decoder_sink,534,20066512455555,,33333333
decoder_src,534,20066512455555,,33333333
depay_src,535,20066545800000,,
parser_src,535,20066545800000,,33333333
decoder_sink,535,20066545800000,,33333333
decoder_src,535,20066545800000,,33333333
depay_src,536,20066579122222,,
parser_src,536,20066579122222,,33333333
decoder_sink,536,20066579122222,,33333333
decoder_src,536,20066579122222,,33333333
depay_src,537,20066612455555,,
parser_src,537,20066612455555,,33333333
decoder_sink,537,20066612455555,,33333333
decoder_src,537,20066612455555,,33333333
depay_src,538,20066645800000,,
parser_src,538,20066645800000,,33333333
decoder_sink,538,20066645800000,,33333333
decoder_src,538,20066645800000,,33333333
depay_src,539,20066679122222,,
parser_src,539,20066679122222,,33333333
decoder_sink,539,20066679122222,,33333333
decoder_src,539,20066679122222,,33333333
depay_src,540,20066712455555,,
parser_src,540,20066712455555,,33333333
decoder_sink,540,20066712455555,,33333333
decoder_src,540,20066712455555,,33333333
depay_src,541,20066745800000,,
parser_src,541,20066745800000,,33333333
decoder_sink,541,20066745800000,,33333333
decoder_src,541,20066745800000,,33333333
depay_src,542,20066779122222,,
parser_src,542,20066779122222,,33333333
decoder_sink,542,20066779122222,,33333333
decoder_src,542,20066779122222,,33333333
depay_src,543,20066812455555,,
parser_src,543,20066812455555,,33333333
decoder_sink,543,20066812455555,,33333333
decoder_src,543,20066812455555,,33333333
depay_src,544,20066845800000,,
parser_src,544,20066845800000,,33333333
decoder_sink,544,20066845800000,,33333333
decoder_src,544,20066845800000,,33333333
depay_src,545,20066879122222,,
parser_src,545,20066879122222,,33333333
decoder_sink,545,20066879122222,,33333333
decoder_src,545,20066879122222,,33333333
depay_src,546,20066912455555,,
parser_src,546,20066912455555,,33333333
decoder_sink,546,20066912455555,,33333333
decoder_src,546,20066912455555,,33333333
depay_src,547,20066945800000,,
parser_src,547,20066945800000,,33333333
decoder_sink,547,20066945800000,,33333333
decoder_src,547,20066945800000,,33333333
depay_src,548,20066979122222,,
parser_src,548,20066979122222,,33333333
decoder_sink,548,20066979122222,,33333333
decoder_src,548,20066979122222,,33333333
depay_src,549,20067012455555,,
parser_src,549,20067012455555,,33333333
decoder_sink,549,20067012455555,,33333333
decoder_src,549,20067012455555,,33333333
depay_src,550,20067045800000,,
parser_src,550,20067045800000,,33333333
decoder_sink,550,20067045800000,,33333333
decoder_src,550,20067045800000,,33333333
depay_src,551,20067079122222,,
parser_src,551,20067079122222,,33333333
decoder_sink,551,20067079122222,,33333333
decoder_src,551,20067079122222,,33333333
depay_src,552,20067112455555,,
parser_src,552,20067112455555,,33333333
decoder_sink,552,20067112455555,,33333333
decoder_src,552,20067112455555,,33333333
depay_src,553,20067145800000,,
parser_src,553,20067145800000,,33333333
decoder_sink,553,20067145800000,,33333333
decoder_src,553,20067145800000,,33333333
depay_src,554,20067179122222,,
parser_src,554,20067179122222,,33333333
decoder_sink,554,20067179122222,,33333333
decoder_src,554,20067179122222,,33333333
depay_src,555,20067212455555,,
parser_src,555,20067212455555,,33333333
decoder_sink,555,20067212455555,,33333333
decoder_src,555,20067212455555,,33333333
depay_src,556,20067245800000,,
parser_src,556,20067245800000,,33333333
decoder_sink,556,20067245800000,,33333333
decoder_src,556,20067245800000,,33333333
depay_src,557,20067279122222,,
parser_src,557,20067279122222,,33333333
decoder_sink,557,20067279122222,,33333333
decoder_src,557,20067279122222,,33333333
depay_src,558,20067312455555,,
parser_src,558,20067312455555,,33333333
decoder_sink,558,20067312455555,,33333333
decoder_src,558,20067312455555,,33333333
depay_src,559,20067345800000,,
parser_src,559,20067345800000,,33333333
decoder_sink,559,20067345800000,,33333333
decoder_src,559,20067345800000,,33333333
depay_src,560,20067379122222,,
parser_src,560,20067379122222,,33333333
decoder_sink,560,20067379122222,,33333333
decoder_src,560,20067379122222,,33333333
depay_src,561,20067412455555,,
parser_src,561,20067412455555,,33333333
decoder_sink,561,20067412455555,,33333333
decoder_src,561,20067412455555,,33333333
depay_src,562,20067445800000,,
parser_src,562,20067445800000,,33333333
decoder_sink,562,20067445800000,,33333333
decoder_src,562,20067445800000,,33333333
depay_src,563,20067479122222,,
parser_src,563,20067479122222,,33333333
decoder_sink,563,20067479122222,,33333333
decoder_src,563,20067479122222,,33333333
depay_src,564,20067512455555,,
parser_src,564,20067512455555,,33333333
decoder_sink,564,20067512455555,,33333333
decoder_src,564,20067512455555,,33333333
depay_src,565,20067545800000,,
parser_src,565,20067545800000,,33333333
decoder_sink,565,20067545800000,,33333333
decoder_src,565,20067545800000,,33333333
depay_src,566,20067579122222,,
parser_src,566,20067579122222,,33333333
decoder_sink,566,20067579122222,,33333333
decoder_src,566,20067579122222,,33333333
depay_src,567,20067612455555,,
parser_src,567,20067612455555,,33333333
decoder_sink,567,20067612455555,,33333333
decoder_src,567,20067612455555,,33333333
depay_src,568,20067645800000,,
parser_src,568,20067645800000,,33333333
decoder_sink,568,20067645800000,,33333333
decoder_src,568,20067645800000,,33333333
depay_src,569,20067679122222,,
parser_src,569,20067679122222,,33333333
decoder_sink,569,20067679122222,,33333333
decoder_src,569,20067679122222,,33333333
depay_src,570,20067712455555,,
parser_src,570,20067712455555,,33333333
decoder_sink,570,20067712455555,,33333333
decoder_src,570,20067712455555,,33333333
depay_src,571,20067745800000,,
parser_src,571,20067745800000,,33333333
decoder_sink,571,20067745800000,,33333333
decoder_src,571,20067745800000,,33333333
depay_src,572,20067779122222,,
parser_src,572,20067779122222,,33333333
decoder_sink,572,20067779122222,,33333333
decoder_src,572,20067779122222,,33333333
depay_src,573,20067812455555,,
parser_src,573,20067812455555,,33333333
decoder_sink,573,20067812455555,,33333333
decoder_src,573,20067812455555,,33333333
depay_src,574,20067845800000,,
parser_src,574,20067845800000,,33333333
decoder_sink,574,20067845800000,,33333333
decoder_src,574,20067845800000,,33333333
depay_src,575,20067879122222,,
parser_src,575,20067879122222,,33333333
decoder_sink,575,20067879122222,,33333333
decoder_src,575,20067879122222,,33333333
depay_src,576,20067912455555,,
parser_src,576,20067912455555,,33333333
decoder_sink,576,20067912455555,,33333333
decoder_src,576,20067912455555,,33333333
depay_src,577,20067945800000,,
parser_src,577,20067945800000,,33333333
decoder_sink,577,20067945800000,,33333333
decoder_src,577,20067945800000,,33333333
depay_src,578,20067979122222,,
parser_src,578,20067979122222,,33333333
decoder_sink,578,20067979122222,,33333333
decoder_src,578,20067979122222,,33333333
depay_src,579,20068012455555,,
parser_src,579,20068012455555,,33333333
decoder_sink,579,20068012455555,,33333333
decoder_src,579,20068012455555,,33333333
depay_src,580,20068045800000,,
parser_src,580,20068045800000,,33333333
decoder_sink,580,20068045800000,,33333333
decoder_src,580,20068045800000,,33333333
depay_src,581,20068079122222,,
parser_src,581,20068079122222,,33333333
decoder_sink,581,20068079122222,,33333333
decoder_src,581,20068079122222,,33333333
depay_src,582,20068112455555,,
parser_src,582,20068112455555,,33333333
decoder_sink,582,20068112455555,,33333333
decoder_src,582,20068112455555,,33333333
depay_src,583,20068145800000,,
parser_src,583,20068145800000,,33333333
decoder_sink,583,20068145800000,,33333333
decoder_src,583,20068145800000,,33333333
depay_src,584,20068179122222,,
parser_src,584,20068179122222,,33333333
decoder_sink,584,20068179122222,,33333333
decoder_src,584,20068179122222,,33333333
depay_src,585,20068212455555,,
parser_src,585,20068212455555,,33333333
decoder_sink,585,20068212455555,,33333333
decoder_src,585,20068212455555,,33333333
depay_src,586,20068245800000,,
parser_src,586,20068245800000,,33333333
decoder_sink,586,20068245800000,,33333333
decoder_src,586,20068245800000,,33333333
depay_src,587,20068279122222,,
parser_src,587,20068279122222,,33333333
decoder_sink,587,20068279122222,,33333333
decoder_src,587,20068279122222,,33333333
depay_src,588,20068312455555,,
parser_src,588,20068312455555,,33333333
decoder_sink,588,20068312455555,,33333333
decoder_src,588,20068312455555,,33333333
depay_src,589,20068345800000,,
parser_src,589,20068345800000,,33333333
decoder_sink,589,20068345800000,,33333333
decoder_src,589,20068345800000,,33333333
depay_src,590,20068379122222,,
parser_src,590,20068379122222,,33333333
decoder_sink,590,20068379122222,,33333333
decoder_src,590,20068379122222,,33333333
depay_src,591,20068412455555,,
parser_src,591,20068412455555,,33333333
decoder_sink,591,20068412455555,,33333333
decoder_src,591,20068412455555,,33333333
depay_src,592,20068445800000,,
parser_src,592,20068445800000,,33333333
decoder_sink,592,20068445800000,,33333333
decoder_src,592,20068445800000,,33333333
depay_src,593,20068479122222,,
parser_src,593,20068479122222,,33333333
decoder_sink,593,20068479122222,,33333333
decoder_src,593,20068479122222,,33333333
depay_src,594,20068512455555,,
parser_src,594,20068512455555,,33333333
decoder_sink,594,20068512455555,,33333333
decoder_src,594,20068512455555,,33333333
depay_src,595,20068545800000,,
parser_src,595,20068545800000,,33333333
decoder_sink,595,20068545800000,,33333333
decoder_src,595,20068545800000,,33333333
depay_src,596,20068579122222,,
parser_src,596,20068579122222,,33333333
decoder_sink,596,20068579122222,,33333333
decoder_src,596,20068579122222,,33333333
depay_src,597,20068612455555,,
parser_src,597,20068612455555,,33333333
decoder_sink,597,20068612455555,,33333333
decoder_src,597,20068612455555,,33333333
depay_src,598,20068645800000,,
parser_src,598,20068645800000,,33333333
decoder_sink,598,20068645800000,,33333333
decoder_src,598,20068645800000,,33333333
depay_src,599,20068679122222,,
parser_src,599,20068679122222,,33333333
decoder_sink,599,20068679122222,,33333333
decoder_src,599,20068679122222,,33333333
depay_src,600,20068712455555,,
parser_src,600,20068712455555,,33333333
decoder_sink,600,20068712455555,,33333333
decoder_src,600,20068712455555,,33333333
depay_src,601,20068745800000,,
parser_src,601,20068745800000,,33333333
decoder_sink,601,20068745800000,,33333333
decoder_src,601,20068745800000,,33333333
depay_src,602,20068779122222,,
parser_src,602,20068779122222,,33333333
decoder_sink,602,20068779122222,,33333333
decoder_src,602,20068779122222,,33333333
depay_src,603,20068812455555,,
parser_src,603,20068812455555,,33333333
decoder_sink,603,20068812455555,,33333333
decoder_src,603,20068812455555,,33333333
depay_src,604,20068845800000,,
parser_src,604,20068845800000,,33333333
decoder_sink,604,20068845800000,,33333333
decoder_src,604,20068845800000,,33333333
depay_src,605,20068879122222,,
parser_src,605,20068879122222,,33333333
decoder_sink,605,20068879122222,,33333333
decoder_src,605,20068879122222,,33333333
depay_src,606,20068912455555,,
parser_src,606,20068912455555,,33333333
decoder_sink,606,20068912455555,,33333333
decoder_src,606,20068912455555,,33333333
depay_src,607,20068945800000,,
parser_src,607,20068945800000,,33333333
decoder_sink,607,20068945800000,,33333333
decoder_src,607,20068945800000,,33333333
depay_src,608,20068979122222,,
parser_src,608,20068979122222,,33333333
decoder_sink,608,20068979122222,,33333333
decoder_src,608,20068979122222,,33333333
depay_src,609,20069012455555,,
parser_src,609,20069012455555,,33333333
decoder_sink,609,20069012455555,,33333333
decoder_src,609,20069012455555,,33333333
depay_src,610,20069045800000,,
parser_src,610,20069045800000,,33333333
decoder_sink,610,20069045800000,,33333333
decoder_src,610,20069045800000,,33333333
depay_src,611,20069079122222,,
parser_src,611,20069079122222,,33333333
decoder_sink,611,20069079122222,,33333333
decoder_src,611,20069079122222,,33333333
depay_src,612,20069112455555,,
parser_src,612,20069112455555,,33333333
decoder_sink,612,20069112455555,,33333333
decoder_src,612,20069112455555,,33333333
depay_src,613,20069145800000,,
parser_src,613,20069145800000,,33333333
decoder_sink,613,20069145800000,,33333333
decoder_src,613,20069145800000,,33333333
depay_src,614,20069179122222,,
parser_src,614,20069179122222,,33333333
decoder_sink,614,20069179122222,,33333333
decoder_src,614,20069179122222,,33333333
depay_src,615,20069212455555,,
parser_src,615,20069212455555,,33333333
decoder_sink,615,20069212455555,,33333333
decoder_src,615,20069212455555,,33333333
depay_src,616,20069245800000,,
parser_src,616,20069245800000,,33333333
decoder_sink,616,20069245800000,,33333333
decoder_src,616,20069245800000,,33333333
depay_src,617,20069279122222,,
parser_src,617,20069279122222,,33333333
decoder_sink,617,20069279122222,,33333333
decoder_src,617,20069279122222,,33333333
depay_src,618,20069312455555,,
parser_src,618,20069312455555,,33333333
decoder_sink,618,20069312455555,,33333333
decoder_src,618,20069312455555,,33333333
depay_src,619,20069345800000,,
parser_src,619,20069345800000,,33333333
decoder_sink,619,20069345800000,,33333333
decoder_src,619,20069345800000,,33333333
depay_src,620,20069379122222,,
parser_src,620,20069379122222,,33333333
decoder_sink,620,20069379122222,,33333333
decoder_src,620,20069379122222,,33333333
depay_src,621,20069412455555,,
parser_src,621,20069412455555,,33333333
decoder_sink,621,20069412455555,,33333333
decoder_src,621,20069412455555,,33333333
depay_src,622,20069445800000,,
parser_src,622,20069445800000,,33333333
decoder_sink,622,20069445800000,,33333333
decoder_src,622,20069445800000,,33333333
depay_src,623,20069479122222,,
parser_src,623,20069479122222,,33333333
decoder_sink,623,20069479122222,,33333333
decoder_src,623,20069479122222,,33333333
depay_src,624,20069512455555,,
parser_src,624,20069512455555,,33333333
decoder_sink,624,20069512455555,,33333333
decoder_src,624,20069512455555,,33333333
depay_src,625,20069545800000,,
parser_src,625,20069545800000,,33333333
decoder_sink,625,20069545800000,,33333333
decoder_src,625,20069545800000,,33333333
depay_src,626,20069579122222,,
parser_src,626,20069579122222,,33333333
decoder_sink,626,20069579122222,,33333333
decoder_src,626,20069579122222,,33333333
depay_src,627,20069612455555,,
parser_src,627,20069612455555,,33333333
decoder_sink,627,20069612455555,,33333333
decoder_src,627,20069612455555,,33333333
depay_src,628,20069645800000,,
parser_src,628,20069645800000,,33333333
decoder_sink,628,20069645800000,,33333333
decoder_src,628,20069645800000,,33333333
depay_src,629,20069679122222,,
parser_src,629,20069679122222,,33333333
decoder_sink,629,20069679122222,,33333333
decoder_src,629,20069679122222,,33333333
depay_src,630,20069712455555,,
parser_src,630,20069712455555,,33333333
decoder_sink,630,20069712455555,,33333333
decoder_src,630,20069712455555,,33333333
depay_src,631,20069745800000,,
parser_src,631,20069745800000,,33333333
decoder_sink,631,20069745800000,,33333333
decoder_src,631,20069745800000,,33333333
depay_src,632,20069779122222,,
parser_src,632,20069779122222,,33333333
decoder_sink,632,20069779122222,,33333333
decoder_src,632,20069779122222,,33333333
depay_src,633,20069812455555,,
parser_src,633,20069812455555,,33333333
decoder_sink,633,20069812455555,,33333333
decoder_src,633,20069812455555,,33333333
depay_src,634,20069845800000,,
parser_src,634,20069845800000,,33333333
decoder_sink,634,20069845800000,,33333333
decoder_src,634,20069845800000,,33333333
depay_src,635,20069879122222,,
parser_src,635,20069879122222,,33333333
decoder_sink,635,20069879122222,,33333333
decoder_src,635,20069879122222,,33333333
depay_src,636,20069912455555,,
parser_src,636,20069912455555,,33333333
decoder_sink,636,20069912455555,,33333333
decoder_src,636,20069912455555,,33333333
depay_src,637,20069945800000,,
parser_src,637,20069945800000,,33333333
decoder_sink,637,20069945800000,,33333333
decoder_src,637,20069945800000,,33333333
depay_src,638,20069979122222,,
parser_src,638,20069979122222,,33333333
decoder_sink,638,20069979122222,,33333333
decoder_src,638,20069979122222,,33333333
depay_src,639,20070012455555,,
parser_src,639,20070012455555,,33333333
decoder_sink,639,20070012455555,,33333333
decoder_src,639,20070012455555,,33333333
depay_src,640,20070045800000,,
parser_src,640,20070045800000,,33333333
decoder_sink,640,20070045800000,,33333333
decoder_src,640,20070045800000,,33333333
depay_src,641,20070079122222,,
parser_src,641,20070079122222,,33333333
decoder_sink,641,20070079122222,,33333333
decoder_src,641,20070079122222,,33333333
depay_src,642,20070112455555,,
parser_src,642,20070112455555,,33333333
decoder_sink,642,20070112455555,,33333333
decoder_src,642,20070112455555,,33333333
depay_src,643,20070145800000,,
parser_src,643,20070145800000,,33333333
decoder_sink,643,20070145800000,,33333333
decoder_src,643,20070145800000,,33333333
depay_src,644,20070179122222,,
parser_src,644,20070179122222,,33333333
decoder_sink,644,20070179122222,,33333333
decoder_src,644,20070179122222,,33333333
depay_src,645,20070212455555,,
parser_src,645,20070212455555,,33333333
decoder_sink,645,20070212455555,,33333333
decoder_src,645,20070212455555,,33333333
depay_src,646,20070245800000,,
parser_src,646,20070245800000,,33333333
decoder_sink,646,20070245800000,,33333333
decoder_src,646,20070245800000,,33333333
depay_src,647,20070279122222,,
parser_src,647,20070279122222,,33333333
decoder_sink,647,20070279122222,,33333333
decoder_src,647,20070279122222,,33333333
depay_src,648,20070312455555,,
parser_src,648,20070312455555,,33333333
decoder_sink,648,20070312455555,,33333333
decoder_src,648,20070312455555,,33333333
depay_src,649,20070345800000,,
parser_src,649,20070345800000,,33333333
decoder_sink,649,20070345800000,,33333333
decoder_src,649,20070345800000,,33333333
depay_src,650,20070379122222,,
parser_src,650,20070379122222,,33333333
decoder_sink,650,20070379122222,,33333333
decoder_src,650,20070379122222,,33333333
depay_src,651,20070412455555,,
parser_src,651,20070412455555,,33333333
decoder_sink,651,20070412455555,,33333333
decoder_src,651,20070412455555,,33333333
depay_src,652,20070445800000,,
parser_src,652,20070445800000,,33333333
decoder_sink,652,20070445800000,,33333333
decoder_src,652,20070445800000,,33333333
depay_src,653,20070479122222,,
parser_src,653,20070479122222,,33333333
decoder_sink,653,20070479122222,,33333333
decoder_src,653,20070479122222,,33333333
depay_src,654,20070512455555,,
parser_src,654,20070512455555,,33333333
decoder_sink,654,20070512455555,,33333333
decoder_src,654,20070512455555,,33333333
depay_src,655,20070545800000,,
parser_src,655,20070545800000,,33333333
decoder_sink,655,20070545800000,,33333333
decoder_src,655,20070545800000,,33333333
depay_src,656,20070579122222,,
parser_src,656,20070579122222,,33333333
decoder_sink,656,20070579122222,,33333333
decoder_src,656,20070579122222,,33333333
depay_src,657,20070612455555,,
parser_src,657,20070612455555,,33333333
decoder_sink,657,20070612455555,,33333333
decoder_src,657,20070612455555,,33333333
depay_src,658,20070645800000,,
parser_src,658,20070645800000,,33333333
decoder_sink,658,20070645800000,,33333333
decoder_src,658,20070645800000,,33333333
depay_src,659,20070679122222,,
parser_src,659,20070679122222,,33333333
decoder_sink,659,20070679122222,,33333333
decoder_src,659,20070679122222,,33333333
depay_src,660,20070712455555,,
parser_src,660,20070712455555,,33333333
decoder_sink,660,20070712455555,,33333333
decoder_src,660,20070712455555,,33333333
depay_src,661,20070745800000,,
parser_src,661,20070745800000,,33333333
decoder_sink,661,20070745800000,,33333333
decoder_src,661,20070745800000,,33333333
depay_src,662,20070779122222,,
parser_src,662,20070779122222,,33333333
decoder_sink,662,20070779122222,,33333333
decoder_src,662,20070779122222,,33333333
depay_src,663,20070812455555,,
parser_src,663,20070812455555,,33333333
decoder_sink,663,20070812455555,,33333333
decoder_src,663,20070812455555,,33333333
depay_src,664,20070845800000,,
parser_src,664,20070845800000,,33333333
decoder_sink,664,20070845800000,,33333333
decoder_src,664,20070845800000,,33333333
depay_src,665,20070879122222,,
parser_src,665,20070879122222,,33333333
decoder_sink,665,20070879122222,,33333333
decoder_src,665,20070879122222,,33333333
depay_src,666,20070912455555,,
parser_src,666,20070912455555,,33333333
decoder_sink,666,20070912455555,,33333333
decoder_src,666,20070912455555,,33333333
depay_src,667,20070945800000,,
parser_src,667,20070945800000,,33333333
decoder_sink,667,20070945800000,,33333333
decoder_src,667,20070945800000,,33333333
depay_src,668,20070979122222,,
parser_src,668,20070979122222,,33333333
decoder_sink,668,20070979122222,,33333333
decoder_src,668,20070979122222,,33333333
depay_src,669,20071012455555,,
parser_src,669,20071012455555,,33333333
decoder_sink,669,20071012455555,,33333333
decoder_src,669,20071012455555,,33333333
depay_src,670,20071045800000,,
parser_src,670,20071045800000,,33333333
decoder_sink,670,20071045800000,,33333333
decoder_src,670,20071045800000,,33333333
depay_src,671,20071079122222,,
parser_src,671,20071079122222,,33333333
decoder_sink,671,20071079122222,,33333333
decoder_src,671,20071079122222,,33333333
depay_src,672,20071112455555,,
parser_src,672,20071112455555,,33333333
decoder_sink,672,20071112455555,,33333333
decoder_src,672,20071112455555,,33333333
depay_src,673,20071145800000,,
parser_src,673,20071145800000,,33333333
decoder_sink,673,20071145800000,,33333333
decoder_src,673,20071145800000,,33333333
depay_src,674,20071179122222,,
parser_src,674,20071179122222,,33333333
decoder_sink,674,20071179122222,,33333333
decoder_src,674,20071179122222,,33333333
depay_src,675,20071212455555,,
parser_src,675,20071212455555,,33333333
decoder_sink,675,20071212455555,,33333333
decoder_src,675,20071212455555,,33333333
depay_src,676,20071245800000,,
parser_src,676,20071245800000,,33333333
decoder_sink,676,20071245800000,,33333333
decoder_src,676,20071245800000,,33333333
depay_src,677,20071279122222,,
parser_src,677,20071279122222,,33333333
decoder_sink,677,20071279122222,,33333333
decoder_src,677,20071279122222,,33333333
depay_src,678,20071312455555,,
parser_src,678,20071312455555,,33333333
decoder_sink,678,20071312455555,,33333333
decoder_src,678,20071312455555,,33333333
depay_src,679,20071345800000,,
parser_src,679,20071345800000,,33333333
decoder_sink,679,20071345800000,,33333333
decoder_src,679,20071345800000,,33333333
depay_src,680,20071379122222,,
parser_src,680,20071379122222,,33333333
decoder_sink,680,20071379122222,,33333333
decoder_src,680,20071379122222,,33333333
depay_src,681,20071412455555,,
parser_src,681,20071412455555,,33333333
decoder_sink,681,20071412455555,,33333333
decoder_src,681,20071412455555,,33333333
depay_src,682,20071445800000,,
parser_src,682,20071445800000,,33333333
decoder_sink,682,20071445800000,,33333333
decoder_src,682,20071445800000,,33333333
depay_src,683,20071479122222,,
parser_src,683,20071479122222,,33333333
decoder_sink,683,20071479122222,,33333333
decoder_src,683,20071479122222,,33333333
depay_src,684,20071512455555,,
parser_src,684,20071512455555,,33333333
decoder_sink,684,20071512455555,,33333333
decoder_src,684,20071512455555,,33333333
depay_src,685,20071545800000,,
parser_src,685,20071545800000,,33333333
decoder_sink,685,20071545800000,,33333333
decoder_src,685,20071545800000,,33333333
depay_src,686,20071579122222,,
parser_src,686,20071579122222,,33333333
decoder_sink,686,20071579122222,,33333333
decoder_src,686,20071579122222,,33333333
depay_src,687,20071612455555,,
parser_src,687,20071612455555,,33333333
decoder_sink,687,20071612455555,,33333333
decoder_src,687,20071612455555,,33333333
depay_src,688,20071645800000,,
parser_src,688,20071645800000,,33333333
decoder_sink,688,20071645800000,,33333333
decoder_src,688,20071645800000,,33333333
depay_src,689,20071679122222,,
parser_src,689,20071679122222,,33333333
decoder_sink,689,20071679122222,,33333333
decoder_src,689,20071679122222,,33333333
depay_src,690,20071712455555,,
parser_src,690,20071712455555,,33333333
decoder_sink,690,20071712455555,,33333333
decoder_src,690,20071712455555,,33333333
depay_src,691,20071745800000,,
parser_src,691,20071745800000,,33333333
decoder_sink,691,20071745800000,,33333333
decoder_src,691,20071745800000,,33333333
depay_src,692,20071779122222,,
parser_src,692,20071779122222,,33333333
decoder_sink,692,20071779122222,,33333333
decoder_src,692,20071779122222,,33333333
depay_src,693,20071812455555,,
parser_src,693,20071812455555,,33333333
decoder_sink,693,20071812455555,,33333333
decoder_src,693,20071812455555,,33333333
depay_src,694,20071845800000,,
parser_src,694,20071845800000,,33333333
decoder_sink,694,20071845800000,,33333333
decoder_src,694,20071845800000,,33333333
depay_src,695,20071879122222,,
parser_src,695,20071879122222,,33333333
decoder_sink,695,20071879122222,,33333333
decoder_src,695,20071879122222,,33333333
depay_src,696,20071912455555,,
parser_src,696,20071912455555,,33333333
decoder_sink,696,20071912455555,,33333333
decoder_src,696,20071912455555,,33333333
depay_src,697,20071945800000,,
parser_src,697,20071945800000,,33333333
decoder_sink,697,20071945800000,,33333333
decoder_src,697,20071945800000,,33333333
depay_src,698,20071979122222,,
parser_src,698,20071979122222,,33333333
decoder_sink,698,20071979122222,,33333333
decoder_src,698,20071979122222,,33333333
depay_src,699,20072012455555,,
parser_src,699,20072012455555,,33333333
decoder_sink,699,20072012455555,,33333333
decoder_src,699,20072012455555,,33333333
depay_src,700,20072045800000,,
parser_src,700,20072045800000,,33333333
decoder_sink,700,20072045800000,,33333333
decoder_src,700,20072045800000,,33333333
depay_src,701,20072079122222,,
parser_src,701,20072079122222,,33333333
decoder_sink,701,20072079122222,,33333333
decoder_src,701,20072079122222,,33333333
depay_src,702,20072112455555,,
parser_src,702,20072112455555,,33333333
decoder_sink,702,20072112455555,,33333333
decoder_src,702,20072112455555,,33333333
depay_src,703,20072145800000,,
parser_src,703,20072145800000,,33333333
decoder_sink,703,20072145800000,,33333333
decoder_src,703,20072145800000,,33333333
depay_src,704,20072179122222,,
parser_src,704,20072179122222,,33333333
decoder_sink,704,20072179122222,,33333333
decoder_src,704,20072179122222,,33333333
depay_src,705,20072212455555,,
parser_src,705,20072212455555,,33333333
decoder_sink,705,20072212455555,,33333333
decoder_src,705,20072212455555,,33333333
depay_src,706,20072245800000,,
parser_src,706,20072245800000,,33333333
decoder_sink,706,20072245800000,,33333333
decoder_src,706,20072245800000,,33333333
depay_src,707,20072279122222,,
parser_src,707,20072279122222,,33333333
decoder_sink,707,20072279122222,,33333333
decoder_src,707,20072279122222,,33333333
depay_src,708,20072312455555,,
parser_src,708,20072312455555,,33333333
decoder_sink,708,20072312455555,,33333333
decoder_src,708,20072312455555,,33333333
depay_src,709,20072345800000,,
parser_src,709,20072345800000,,33333333
decoder_sink,709,20072345800000,,33333333
decoder_src,709,20072345800000,,33333333
depay_src,710,20072379122222,,
parser_src,710,20072379122222,,33333333
decoder_sink,710,20072379122222,,33333333
decoder_src,710,20072379122222,,33333333
depay_src,711,20072412455555,,
parser_src,711,20072412455555,,33333333
decoder_sink,711,20072412455555,,33333333
decoder_src,711,20072412455555,,33333333
depay_src,712,20072445800000,,
parser_src,712,20072445800000,,33333333
decoder_sink,712,20072445800000,,33333333
decoder_src,712,20072445800000,,33333333
depay_src,713,20072479122222,,
parser_src,713,20072479122222,,33333333
decoder_sink,713,20072479122222,,33333333
decoder_src,713,20072479122222,,33333333
depay_src,714,20072512455555,,
parser_src,714,20072512455555,,33333333
decoder_sink,714,20072512455555,,33333333
decoder_src,714,20072512455555,,33333333
depay_src,715,20072545800000,,
parser_src,715,20072545800000,,33333333
decoder_sink,715,20072545800000,,33333333
decoder_src,715,20072545800000,,33333333
depay_src,716,20072579122222,,
parser_src,716,20072579122222,,33333333
decoder_sink,716,20072579122222,,33333333
decoder_src,716,20072579122222,,33333333
depay_src,717,20072612455555,,
parser_src,717,20072612455555,,33333333
decoder_sink,717,20072612455555,,33333333
decoder_src,717,20072612455555,,33333333
depay_src,718,20072645800000,,
parser_src,718,20072645800000,,33333333
decoder_sink,718,20072645800000,,33333333
decoder_src,718,20072645800000,,33333333
depay_src,719,20072679122222,,
parser_src,719,20072679122222,,33333333
decoder_sink,719,20072679122222,,33333333
decoder_src,719,20072679122222,,33333333
depay_src,720,20072712455555,,
parser_src,720,20072712455555,,33333333
decoder_sink,720,20072712455555,,33333333
decoder_src,720,20072712455555,,33333333
depay_src,721,20072745800000,,
parser_src,721,20072745800000,,33333333
decoder_sink,721,20072745800000,,33333333
decoder_src,721,20072745800000,,33333333
depay_src,722,20072779122222,,
parser_src,722,20072779122222,,33333333
decoder_sink,722,20072779122222,,33333333
decoder_src,722,20072779122222,,33333333
depay_src,723,20072812455555,,
parser_src,723,20072812455555,,33333333
decoder_sink,723,20072812455555,,33333333
decoder_src,723,20072812455555,,33333333
depay_src,724,20072845800000,,
parser_src,724,20072845800000,,33333333
decoder_sink,724,20072845800000,,33333333
decoder_src,724,20072845800000,,33333333
depay_src,725,20072879122222,,
parser_src,725,20072879122222,,33333333
decoder_sink,725,20072879122222,,33333333
decoder_src,725,20072879122222,,33333333
depay_src,726,20072912455555,,
parser_src,726,20072912455555,,33333333
decoder_sink,726,20072912455555,,33333333
decoder_src,726,20072912455555,,33333333
depay_src,727,20072945800000,,
parser_src,727,20072945800000,,33333333
decoder_sink,727,20072945800000,,33333333
decoder_src,727,20072945800000,,33333333
depay_src,728,20072979122222,,
parser_src,728,20072979122222,,33333333
decoder_sink,728,20072979122222,,33333333
decoder_src,728,20072979122222,,33333333
depay_src,729,20073012455555,,
parser_src,729,20073012455555,,33333333
decoder_sink,729,20073012455555,,33333333
decoder_src,729,20073012455555,,33333333
depay_src,730,20073045800000,,
parser_src,730,20073045800000,,33333333
decoder_sink,730,20073045800000,,33333333
decoder_src,730,20073045800000,,33333333
depay_src,731,20073079122222,,
parser_src,731,20073079122222,,33333333
decoder_sink,731,20073079122222,,33333333
decoder_src,731,20073079122222,,33333333
depay_src,732,20073112455555,,
parser_src,732,20073112455555,,33333333
decoder_sink,732,20073112455555,,33333333
decoder_src,732,20073112455555,,33333333
depay_src,733,20073145800000,,
parser_src,733,20073145800000,,33333333
decoder_sink,733,20073145800000,,33333333
decoder_src,733,20073145800000,,33333333
depay_src,734,20073179122222,,
parser_src,734,20073179122222,,33333333
decoder_sink,734,20073179122222,,33333333
decoder_src,734,20073179122222,,33333333
depay_src,735,20073212455555,,
parser_src,735,20073212455555,,33333333
decoder_sink,735,20073212455555,,33333333
decoder_src,735,20073212455555,,33333333
depay_src,736,20073245800000,,
parser_src,736,20073245800000,,33333333
decoder_sink,736,20073245800000,,33333333
decoder_src,736,20073245800000,,33333333
depay_src,737,20073279122222,,
parser_src,737,20073279122222,,33333333
decoder_sink,737,20073279122222,,33333333
decoder_src,737,20073279122222,,33333333
depay_src,738,20073312455555,,
parser_src,738,20073312455555,,33333333
decoder_sink,738,20073312455555,,33333333
decoder_src,738,20073312455555,,33333333
depay_src,739,20073345800000,,
parser_src,739,20073345800000,,33333333
decoder_sink,739,20073345800000,,33333333
decoder_src,739,20073345800000,,33333333
depay_src,740,20073379122222,,
parser_src,740,20073379122222,,33333333
decoder_sink,740,20073379122222,,33333333
decoder_src,740,20073379122222,,33333333
depay_src,741,20073412455555,,
parser_src,741,20073412455555,,33333333
decoder_sink,741,20073412455555,,33333333
decoder_src,741,20073412455555,,33333333
depay_src,742,20073445800000,,
parser_src,742,20073445800000,,33333333
decoder_sink,742,20073445800000,,33333333
decoder_src,742,20073445800000,,33333333
depay_src,743,20073479122222,,
parser_src,743,20073479122222,,33333333
decoder_sink,743,20073479122222,,33333333
decoder_src,743,20073479122222,,33333333
depay_src,744,20073512455555,,
parser_src,744,20073512455555,,33333333
decoder_sink,744,20073512455555,,33333333
decoder_src,744,20073512455555,,33333333
depay_src,745,20073545800000,,
parser_src,745,20073545800000,,33333333
decoder_sink,745,20073545800000,,33333333
decoder_src,745,20073545800000,,33333333
depay_src,746,20073579122222,,
parser_src,746,20073579122222,,33333333
decoder_sink,746,20073579122222,,33333333
decoder_src,746,20073579122222,,33333333
depay_src,747,20073612455555,,
parser_src,747,20073612455555,,33333333
decoder_sink,747,20073612455555,,33333333
decoder_src,747,20073612455555,,33333333
depay_src,748,20073645800000,,
parser_src,748,20073645800000,,33333333
decoder_sink,748,20073645800000,,33333333
decoder_src,748,20073645800000,,33333333
depay_src,749,20073679122222,,
parser_src,749,20073679122222,,33333333
decoder_sink,749,20073679122222,,33333333
decoder_src,749,20073679122222,,33333333
depay_src,750,20073712455555,,
parser_src,750,20073712455555,,33333333
decoder_sink,750,20073712455555,,33333333
decoder_src,750,20073712455555,,33333333
depay_src,751,20073745800000,,
parser_src,751,20073745800000,,33333333
decoder_sink,751,20073745800000,,33333333
decoder_src,751,20073745800000,,33333333
depay_src,752,20073779122222,,
parser_src,752,20073779122222,,33333333
decoder_sink,752,20073779122222,,33333333
decoder_src,752,20073779122222,,33333333
depay_src,753,20073812455555,,
parser_src,753,20073812455555,,33333333
decoder_sink,753,20073812455555,,33333333
decoder_src,753,20073812455555,,33333333
depay_src,754,20073845800000,,
parser_src,754,20073845800000,,33333333
decoder_sink,754,20073845800000,,33333333
decoder_src,754,20073845800000,,33333333
depay_src,755,20073879122222,,
parser_src,755,20073879122222,,33333333
decoder_sink,755,20073879122222,,33333333
decoder_src,755,20073879122222,,33333333
depay_src,756,20073912455555,,
parser_src,756,20073912455555,,33333333
decoder_sink,756,20073912455555,,33333333
decoder_src,756,20073912455555,,33333333
depay_src,757,20073945800000,,
parser_src,757,20073945800000,,33333333
decoder_sink,757,20073945800000,,33333333
decoder_src,757,20073945800000,,33333333
depay_src,758,20073979122222,,
parser_src,758,20073979122222,,33333333
decoder_sink,758,20073979122222,,33333333
decoder_src,758,20073979122222,,33333333
depay_src,759,20074012455555,,
parser_src,759,20074012455555,,33333333
decoder_sink,759,20074012455555,,33333333
decoder_src,759,20074012455555,,33333333
depay_src,760,20074045800000,,
parser_src,760,20074045800000,,33333333
decoder_sink,760,20074045800000,,33333333
decoder_src,760,20074045800000,,33333333
depay_src,761,20074079122222,,
parser_src,761,20074079122222,,33333333
decoder_sink,761,20074079122222,,33333333
decoder_src,761,20074079122222,,33333333
depay_src,762,20074112455555,,
parser_src,762,20074112455555,,33333333
decoder_sink,762,20074112455555,,33333333
decoder_src,762,20074112455555,,33333333
depay_src,763,20074145800000,,
parser_src,763,20074145800000,,33333333
decoder_sink,763,20074145800000,,33333333
decoder_src,763,20074145800000,,33333333
depay_src,764,20074179122222,,
parser_src,764,20074179122222,,33333333
decoder_sink,764,20074179122222,,33333333
decoder_src,764,20074179122222,,33333333
depay_src,765,20074212455555,,
parser_src,765,20074212455555,,33333333
decoder_sink,765,20074212455555,,33333333
decoder_src,765,20074212455555,,33333333
depay_src,766,20074245800000,,
parser_src,766,20074245800000,,33333333
decoder_sink,766,20074245800000,,33333333
decoder_src,766,20074245800000,,33333333
depay_src,767,20074279122222,,
parser_src,767,20074279122222,,33333333
decoder_sink,767,20074279122222,,33333333
decoder_src,767,20074279122222,,33333333
depay_src,768,20074312455555,,
parser_src,768,20074312455555,,33333333
decoder_sink,768,20074312455555,,33333333
decoder_src,768,20074312455555,,33333333
depay_src,769,20074345800000,,
parser_src,769,20074345800000,,33333333
decoder_sink,769,20074345800000,,33333333
decoder_src,769,20074345800000,,33333333
depay_src,770,20074379122222,,
parser_src,770,20074379122222,,33333333
decoder_sink,770,20074379122222,,33333333
decoder_src,770,20074379122222,,33333333
depay_src,771,20074412455555,,
parser_src,771,20074412455555,,33333333
decoder_sink,771,20074412455555,,33333333
decoder_src,771,20074412455555,,33333333
depay_src,772,20074445800000,,
parser_src,772,20074445800000,,33333333
decoder_sink,772,20074445800000,,33333333
decoder_src,772,20074445800000,,33333333
depay_src,773,20074479122222,,
parser_src,773,20074479122222,,33333333
decoder_sink,773,20074479122222,,33333333
decoder_src,773,20074479122222,,33333333
depay_src,774,20074512455555,,
parser_src,774,20074512455555,,33333333
decoder_sink,774,20074512455555,,33333333
decoder_src,774,20074512455555,,33333333
depay_src,775,20074545800000,,
parser_src,775,20074545800000,,33333333
decoder_sink,775,20074545800000,,33333333
decoder_src,775,20074545800000,,33333333
depay_src,776,20074579122222,,
parser_src,776,20074579122222,,33333333
decoder_sink,776,20074579122222,,33333333
decoder_src,776,20074579122222,,33333333
depay_src,777,20074612455555,,
parser_src,777,20074612455555,,33333333
decoder_sink,777,20074612455555,,33333333
decoder_src,777,20074612455555,,33333333
depay_src,778,20074645800000,,
parser_src,778,20074645800000,,33333333
decoder_sink,778,20074645800000,,33333333
decoder_src,778,20074645800000,,33333333
depay_src,779,20074679122222,,
parser_src,779,20074679122222,,33333333
decoder_sink,779,20074679122222,,33333333
decoder_src,779,20074679122222,,33333333
depay_src,780,20074712455555,,
parser_src,780,20074712455555,,33333333
decoder_sink,780,20074712455555,,33333333
decoder_src,780,20074712455555,,33333333
depay_src,781,20074745800000,,
parser_src,781,20074745800000,,33333333
decoder_sink,781,20074745800000,,33333333
decoder_src,781,20074745800000,,33333333
depay_src,782,20074779122222,,
parser_src,782,20074779122222,,33333333
decoder_sink,782,20074779122222,,33333333
decoder_src,782,20074779122222,,33333333
depay_src,783,20074812455555,,
parser_src,783,20074812455555,,33333333
decoder_sink,783,20074812455555,,33333333
decoder_src,783,20074812455555,,33333333
depay_src,784,20074845800000,,
parser_src,784,20074845800000,,33333333
decoder_sink,784,20074845800000,,33333333
decoder_src,784,20074845800000,,33333333
depay_src,785,20074879122222,,
parser_src,785,20074879122222,,33333333
decoder_sink,785,20074879122222,,33333333
decoder_src,785,20074879122222,,33333333
depay_src,786,20074912455555,,
parser_src,786,20074912455555,,33333333
decoder_sink,786,20074912455555,,33333333
decoder_src,786,20074912455555,,33333333
depay_src,787,20074945800000,,
parser_src,787,20074945800000,,33333333
decoder_sink,787,20074945800000,,33333333
decoder_src,787,20074945800000,,33333333
depay_src,788,20074979122222,,
parser_src,788,20074979122222,,33333333
decoder_sink,788,20074979122222,,33333333
decoder_src,788,20074979122222,,33333333
depay_src,789,20075012455555,,
parser_src,789,20075012455555,,33333333
decoder_sink,789,20075012455555,,33333333
decoder_src,789,20075012455555,,33333333
depay_src,790,20075045800000,,
parser_src,790,20075045800000,,33333333
decoder_sink,790,20075045800000,,33333333
decoder_src,790,20075045800000,,33333333
depay_src,791,20075079122222,,
parser_src,791,20075079122222,,33333333
decoder_sink,791,20075079122222,,33333333
decoder_src,791,20075079122222,,33333333
depay_src,792,20075112455555,,
parser_src,792,20075112455555,,33333333
decoder_sink,792,20075112455555,,33333333
decoder_src,792,20075112455555,,33333333
depay_src,793,20075145800000,,
parser_src,793,20075145800000,,33333333
decoder_sink,793,20075145800000,,33333333
decoder_src,793,20075145800000,,33333333
depay_src,794,20075179122222,,
parser_src,794,20075179122222,,33333333
decoder_sink,794,20075179122222,,33333333
decoder_src,794,20075179122222,,33333333
depay_src,795,20075212455555,,
parser_src,795,20075212455555,,33333333
decoder_sink,795,20075212455555,,33333333
decoder_src,795,20075212455555,,33333333
depay_src,796,20075245800000,,
parser_src,796,20075245800000,,33333333
decoder_sink,796,20075245800000,,33333333
decoder_src,796,20075245800000,,33333333
depay_src,797,20075279122222,,
parser_src,797,20075279122222,,33333333
decoder_sink,797,20075279122222,,33333333
decoder_src,797,20075279122222,,33333333
depay_src,798,20075312455555,,
parser_src,798,20075312455555,,33333333
decoder_sink,798,20075312455555,,33333333
decoder_src,798,20075312455555,,33333333
depay_src,799,20075345800000,,
parser_src,799,20075345800000,,33333333
decoder_sink,799,20075345800000,,33333333
decoder_src,799,20075345800000,,33333333
depay_src,800,20075379122222,,
parser_src,800,20075379122222,,33333333
decoder_sink,800,20075379122222,,33333333
decoder_src,800,20075379122222,,33333333
depay_src,801,20075412455555,,
parser_src,801,20075412455555,,33333333
decoder_sink,801,20075412455555,,33333333
decoder_src,801,20075412455555,,33333333
depay_src,802,20075445800000,,
parser_src,802,20075445800000,,33333333
decoder_sink,802,20075445800000,,33333333
decoder_src,802,20075445800000,,33333333
depay_src,803,20075479122222,,
parser_src,803,20075479122222,,33333333
decoder_sink,803,20075479122222,,33333333
decoder_src,803,20075479122222,,33333333
depay_src,804,20075512455555,,
parser_src,804,20075512455555,,33333333
decoder_sink,804,20075512455555,,33333333
decoder_src,804,20075512455555,,33333333
depay_src,805,20075545800000,,
parser_src,805,20075545800000,,33333333
decoder_sink,805,20075545800000,,33333333
decoder_src,805,20075545800000,,33333333
depay_src,806,20075579122222,,
parser_src,806,20075579122222,,33333333
decoder_sink,806,20075579122222,,33333333
decoder_src,806,20075579122222,,33333333
depay_src,807,20075612455555,,
parser_src,807,20075612455555,,33333333
decoder_sink,807,20075612455555,,33333333
decoder_src,807,20075612455555,,33333333
depay_src,808,20075645800000,,
parser_src,808,20075645800000,,33333333
decoder_sink,808,20075645800000,,33333333
decoder_src,808,20075645800000,,33333333
depay_src,809,20075679122222,,
parser_src,809,20075679122222,,33333333
decoder_sink,809,20075679122222,,33333333
decoder_src,809,20075679122222,,33333333
depay_src,810,20075712455555,,
parser_src,810,20075712455555,,33333333
decoder_sink,810,20075712455555,,33333333
decoder_src,810,20075712455555,,33333333
depay_src,811,20075745800000,,
parser_src,811,20075745800000,,33333333
decoder_sink,811,20075745800000,,33333333
decoder_src,811,20075745800000,,33333333
depay_src,812,20075779122222,,
parser_src,812,20075779122222,,33333333
decoder_sink,812,20075779122222,,33333333
decoder_src,812,20075779122222,,33333333
depay_src,813,20075812455555,,
parser_src,813,20075812455555,,33333333
decoder_sink,813,20075812455555,,33333333
decoder_src,813,20075812455555,,33333333
depay_src,814,20075845800000,,
parser_src,814,20075845800000,,33333333
decoder_sink,814,20075845800000,,33333333
decoder_src,814,20075845800000,,33333333
depay_src,815,20075879122222,,
parser_src,815,20075879122222,,33333333
decoder_sink,815,20075879122222,,33333333
decoder_src,815,20075879122222,,33333333
depay_src,816,20075912455555,,
parser_src,816,20075912455555,,33333333
decoder_sink,816,20075912455555,,33333333
decoder_src,816,20075912455555,,33333333
depay_src,817,20075945800000,,
parser_src,817,20075945800000,,33333333
decoder_sink,817,20075945800000,,33333333
decoder_src,817,20075945800000,,33333333
depay_src,818,20075979122222,,
parser_src,818,20075979122222,,33333333
decoder_sink,818,20075979122222,,33333333
decoder_src,818,20075979122222,,33333333
depay_src,819,20076012455555,,
parser_src,819,20076012455555,,33333333
decoder_sink,819,20076012455555,,33333333
decoder_src,819,20076012455555,,33333333
depay_src,820,20076045800000,,
parser_src,820,20076045800000,,33333333
decoder_sink,820,20076045800000,,33333333
decoder_src,820,20076045800000,,33333333
depay_src,821,20076079122222,,
parser_src,821,20076079122222,,33333333
decoder_sink,821,20076079122222,,33333333
decoder_src,821,20076079122222,,33333333
depay_src,822,20076112455555,,
parser_src,822,20076112455555,,33333333
decoder_sink,822,20076112455555,,33333333
decoder_src,822,20076112455555,,33333333
depay_src,823,20076145800000,,
parser_src,823,20076145800000,,33333333
decoder_sink,823,20076145800000,,33333333
decoder_src,823,20076145800000,,33333333
depay_src,824,20076179122222,,
parser_src,824,20076179122222,,33333333
decoder_sink,824,20076179122222,,33333333
decoder_src,824,20076179122222,,33333333
depay_src,825,20076212455555,,
parser_src,825,20076212455555,,33333333
decoder_sink,825,20076212455555,,33333333
decoder_src,825,20076212455555,,33333333
depay_src,826,20076245800000,,
parser_src,826,20076245800000,,33333333
decoder_sink,826,20076245800000,,33333333
decoder_src,826,20076245800000,,33333333
depay_src,827,20076279122222,,
parser_src,827,20076279122222,,33333333
decoder_sink,827,20076279122222,,33333333
decoder_src,827,20076279122222,,33333333
depay_src,828,20076312455555,,
parser_src,828,20076312455555,,33333333
decoder_sink,828,20076312455555,,33333333
decoder_src,828,20076312455555,,33333333
depay_src,829,20076345800000,,
parser_src,829,20076345800000,,33333333
decoder_sink,829,20076345800000,,33333333
decoder_src,829,20076345800000,,33333333
depay_src,830,20076379122222,,
parser_src,830,20076379122222,,33333333
decoder_sink,830,20076379122222,,33333333
decoder_src,830,20076379122222,,33333333
depay_src,831,20076412455555,,
parser_src,831,20076412455555,,33333333
decoder_sink,831,20076412455555,,33333333
decoder_src,831,20076412455555,,33333333
depay_src,832,20076445800000,,
parser_src,832,20076445800000,,33333333
decoder_sink,832,20076445800000,,33333333
decoder_src,832,20076445800000,,33333333
depay_src,833,20076479122222,,
parser_src,833,20076479122222,,33333333
decoder_sink,833,20076479122222,,33333333
decoder_src,833,20076479122222,,33333333
depay_src,834,20076512455555,,
parser_src,834,20076512455555,,33333333
decoder_sink,834,20076512455555,,33333333
decoder_src,834,20076512455555,,33333333
depay_src,835,20076545800000,,
parser_src,835,20076545800000,,33333333
decoder_sink,835,20076545800000,,33333333
decoder_src,835,20076545800000,,33333333
depay_src,836,20076579122222,,
parser_src,836,20076579122222,,33333333
decoder_sink,836,20076579122222,,33333333
decoder_src,836,20076579122222,,33333333
depay_src,837,20076612455555,,
parser_src,837,20076612455555,,33333333
decoder_sink,837,20076612455555,,33333333
decoder_src,837,20076612455555,,33333333
depay_src,838,20076645800000,,
parser_src,838,20076645800000,,33333333
decoder_sink,838,20076645800000,,33333333
decoder_src,838,20076645800000,,33333333
depay_src,839,20076679122222,,
parser_src,839,20076679122222,,33333333
decoder_sink,839,20076679122222,,33333333
decoder_src,839,20076679122222,,33333333
depay_src,840,20076712455555,,
parser_src,840,20076712455555,,33333333
decoder_sink,840,20076712455555,,33333333
decoder_src,840,20076712455555,,33333333
depay_src,841,20076745800000,,
parser_src,841,20076745800000,,33333333
decoder_sink,841,20076745800000,,33333333
decoder_src,841,20076745800000,,33333333
depay_src,842,20076779122222,,
parser_src,842,20076779122222,,33333333
decoder_sink,842,20076779122222,,33333333
decoder_src,842,20076779122222,,33333333
depay_src,843,20076812455555,,
parser_src,843,20076812455555,,33333333
decoder_sink,843,20076812455555,,33333333
decoder_src,843,20076812455555,,33333333
depay_src,844,20076845800000,,
parser_src,844,20076845800000,,33333333
decoder_sink,844,20076845800000,,33333333
decoder_src,844,20076845800000,,33333333
depay_src,845,20076879122222,,
parser_src,845,20076879122222,,33333333
decoder_sink,845,20076879122222,,33333333
decoder_src,845,20076879122222,,33333333
depay_src,846,20076912455555,,
parser_src,846,20076912455555,,33333333
decoder_sink,846,20076912455555,,33333333
decoder_src,846,20076912455555,,33333333
depay_src,847,20076945800000,,
parser_src,847,20076945800000,,33333333
decoder_sink,847,20076945800000,,33333333
decoder_src,847,20076945800000,,33333333
depay_src,848,20076979122222,,
parser_src,848,20076979122222,,33333333
decoder_sink,848,20076979122222,,33333333
decoder_src,848,20076979122222,,33333333
depay_src,849,20077012455555,,
parser_src,849,20077012455555,,33333333
decoder_sink,849,20077012455555,,33333333
decoder_src,849,20077012455555,,33333333
depay_src,850,20077045800000,,
parser_src,850,20077045800000,,33333333
decoder_sink,850,20077045800000,,33333333
decoder_src,850,20077045800000,,33333333
depay_src,851,20077079122222,,
parser_src,851,20077079122222,,33333333
decoder_sink,851,20077079122222,,33333333
decoder_src,851,20077079122222,,33333333
depay_src,852,20077112455555,,
parser_src,852,20077112455555,,33333333
decoder_sink,852,20077112455555,,33333333
decoder_src,852,20077112455555,,33333333
depay_src,853,20077145800000,,
parser_src,853,20077145800000,,33333333
decoder_sink,853,20077145800000,,33333333
decoder_src,853,20077145800000,,33333333
depay_src,854,20077179122222,,
parser_src,854,20077179122222,,33333333
decoder_sink,854,20077179122222,,33333333
decoder_src,854,20077179122222,,33333333
depay_src,855,20077212455555,,
parser_src,855,20077212455555,,33333333
decoder_sink,855,20077212455555,,33333333
decoder_src,855,20077212455555,,33333333
depay_src,856,20077245800000,,
parser_src,856,20077245800000,,33333333
decoder_sink,856,20077245800000,,33333333
decoder_src,856,20077245800000,,33333333
depay_src,857,20077279122222,,
parser_src,857,20077279122222,,33333333
decoder_sink,857,20077279122222,,33333333
decoder_src,857,20077279122222,,33333333
depay_src,858,20077312455555,,
parser_src,858,20077312455555,,33333333
decoder_sink,858,20077312455555,,33333333
decoder_src,858,20077312455555,,33333333
depay_src,859,20077345800000,,
parser_src,859,20077345800000,,33333333
decoder_sink,859,20077345800000,,33333333
decoder_src,859,20077345800000,,33333333
depay_src,860,20077379122222,,
parser_src,860,20077379122222,,33333333
decoder_sink,860,20077379122222,,33333333
decoder_src,860,20077379122222,,33333333
depay_src,861,20077412455555,,
parser_src,861,20077412455555,,33333333
decoder_sink,861,20077412455555,,33333333
decoder_src,861,20077412455555,,33333333
depay_src,862,20077445800000,,
parser_src,862,20077445800000,,33333333
decoder_sink,862,20077445800000,,33333333
decoder_src,862,20077445800000,,33333333
depay_src,863,20077479122222,,
parser_src,863,20077479122222,,33333333
decoder_sink,863,20077479122222,,33333333
decoder_src,863,20077479122222,,33333333
depay_src,864,20077512455555,,
parser_src,864,20077512455555,,33333333
decoder_sink,864,20077512455555,,33333333
decoder_src,864,20077512455555,,33333333
depay_src,865,20077545800000,,
parser_src,865,20077545800000,,33333333
decoder_sink,865,20077545800000,,33333333
decoder_src,865,20077545800000,,33333333
depay_src,866,20077579122222,,
parser_src,866,20077579122222,,33333333
decoder_sink,866,20077579122222,,33333333
decoder_src,866,20077579122222,,33333333
depay_src,867,20077612455555,,
parser_src,867,20077612455555,,33333333
decoder_sink,867,20077612455555,,33333333
decoder_src,867,20077612455555,,33333333
depay_src,868,20077645800000,,
parser_src,868,20077645800000,,33333333
decoder_sink,868,20077645800000,,33333333
decoder_src,868,20077645800000,,33333333
depay_src,869,20077679122222,,
parser_src,869,20077679122222,,33333333
decoder_sink,869,20077679122222,,33333333
decoder_src,869,20077679122222,,33333333
depay_src,870,20077712455555,,
parser_src,870,20077712455555,,33333333
decoder_sink,870,20077712455555,,33333333
decoder_src,870,20077712455555,,33333333
depay_src,871,20077745800000,,
parser_src,871,20077745800000,,33333333
decoder_sink,871,20077745800000,,33333333
decoder_src,871,20077745800000,,33333333
depay_src,872,20077779122222,,
parser_src,872,20077779122222,,33333333
decoder_sink,872,20077779122222,,33333333
decoder_src,872,20077779122222,,33333333
depay_src,873,20077812455555,,
parser_src,873,20077812455555,,33333333
decoder_sink,873,20077812455555,,33333333
decoder_src,873,20077812455555,,33333333
depay_src,874,20077845800000,,
parser_src,874,20077845800000,,33333333
decoder_sink,874,20077845800000,,33333333
decoder_src,874,20077845800000,,33333333
depay_src,875,20077879122222,,
parser_src,875,20077879122222,,33333333
decoder_sink,875,20077879122222,,33333333
decoder_src,875,20077879122222,,33333333
depay_src,876,20077912455555,,
parser_src,876,20077912455555,,33333333
decoder_sink,876,20077912455555,,33333333
decoder_src,876,20077912455555,,33333333
depay_src,877,20077945800000,,
parser_src,877,20077945800000,,33333333
decoder_sink,877,20077945800000,,33333333
decoder_src,877,20077945800000,,33333333
depay_src,878,20077979122222,,
parser_src,878,20077979122222,,33333333
decoder_sink,878,20077979122222,,33333333
decoder_src,878,20077979122222,,33333333
depay_src,879,20078012455555,,
parser_src,879,20078012455555,,33333333
decoder_sink,879,20078012455555,,33333333
decoder_src,879,20078012455555,,33333333
depay_src,880,20078045800000,,
parser_src,880,20078045800000,,33333333
decoder_sink,880,20078045800000,,33333333
decoder_src,880,20078045800000,,33333333
depay_src,881,20078079122222,,
parser_src,881,20078079122222,,33333333
decoder_sink,881,20078079122222,,33333333
decoder_src,881,20078079122222,,33333333
depay_src,882,20078112455555,,
parser_src,882,20078112455555,,33333333
decoder_sink,882,20078112455555,,33333333
decoder_src,882,20078112455555,,33333333
depay_src,883,20078145800000,,
parser_src,883,20078145800000,,33333333
decoder_sink,883,20078145800000,,33333333
decoder_src,883,20078145800000,,33333333
depay_src,884,20078179122222,,
parser_src,884,20078179122222,,33333333
decoder_sink,884,20078179122222,,33333333
decoder_src,884,20078179122222,,33333333
depay_src,885,20078212455555,,
parser_src,885,20078212455555,,33333333
decoder_sink,885,20078212455555,,33333333
decoder_src,885,20078212455555,,33333333
depay_src,886,20078245800000,,
parser_src,886,20078245800000,,33333333
decoder_sink,886,20078245800000,,33333333
decoder_src,886,20078245800000,,33333333
depay_src,887,20078279122222,,
parser_src,887,20078279122222,,33333333
decoder_sink,887,20078279122222,,33333333
decoder_src,887,20078279122222,,33333333
depay_src,888,20078312455555,,
parser_src,888,20078312455555,,33333333
decoder_sink,888,20078312455555,,33333333
decoder_src,888,20078312455555,,33333333
depay_src,889,20078345800000,,
parser_src,889,20078345800000,,33333333
decoder_sink,889,20078345800000,,33333333
decoder_src,889,20078345800000,,33333333
depay_src,890,20078379122222,,
parser_src,890,20078379122222,,33333333
decoder_sink,890,20078379122222,,33333333
decoder_src,890,20078379122222,,33333333
depay_src,891,20078412455555,,
parser_src,891,20078412455555,,33333333
decoder_sink,891,20078412455555,,33333333
decoder_src,891,20078412455555,,33333333
depay_src,892,20078445800000,,
parser_src,892,20078445800000,,33333333
decoder_sink,892,20078445800000,,33333333
decoder_src,892,20078445800000,,33333333
depay_src,893,20078479122222,,
parser_src,893,20078479122222,,33333333
decoder_sink,893,20078479122222,,33333333
decoder_src,893,20078479122222,,33333333
depay_src,894,20078512455555,,
parser_src,894,20078512455555,,33333333
decoder_sink,894,20078512455555,,33333333
decoder_src,894,20078512455555,,33333333
depay_src,895,20078545800000,,
parser_src,895,20078545800000,,33333333
decoder_sink,895,20078545800000,,33333333
decoder_src,895,20078545800000,,33333333
depay_src,896,20078579122222,,
parser_src,896,20078579122222,,33333333
decoder_sink,896,20078579122222,,33333333
decoder_src,896,20078579122222,,33333333
depay_src,897,20078612455555,,
parser_src,897,20078612455555,,33333333
decoder_sink,897,20078612455555,,33333333
decoder_src,897,20078612455555,,33333333
depay_src,898,20078645800000,,
parser_src,898,20078645800000,,33333333
decoder_sink,898,20078645800000,,33333333
decoder_src,898,20078645800000,,33333333
depay_src,899,20078679122222,,
parser_src,899,20078679122222,,33333333
decoder_sink,899,20078679122222,,33333333
decoder_src,899,20078679122222,,33333333
depay_src,900,20078712455555,,
parser_src,900,20078712455555,,33333333
decoder_sink,900,20078712455555,,33333333
decoder_src,900,20078712455555,,33333333
depay_src,901,20078745800000,,
parser_src,901,20078745800000,,33333333
decoder_sink,901,20078745800000,,33333333
decoder_src,901,20078745800000,,33333333
depay_src,902,20078779122222,,
parser_src,902,20078779122222,,33333333
decoder_sink,902,20078779122222,,33333333
decoder_src,902,20078779122222,,33333333
depay_src,903,20078812455555,,
parser_src,903,20078812455555,,33333333
decoder_sink,903,20078812455555,,33333333
decoder_src,903,20078812455555,,33333333
depay_src,904,20078845800000,,
parser_src,904,20078845800000,,33333333
decoder_sink,904,20078845800000,,33333333
decoder_src,904,20078845800000,,33333333
depay_src,905,20078879122222,,
parser_src,905,20078879122222,,33333333
decoder_sink,905,20078879122222,,33333333
decoder_src,905,20078879122222,,33333333
depay_src,906,20078912455555,,
parser_src,906,20078912455555,,33333333
decoder_sink,906,20078912455555,,33333333
decoder_src,906,20078912455555,,33333333
depay_src,907,20078945800000,,
parser_src,907,20078945800000,,33333333
decoder_sink,907,20078945800000,,33333333
decoder_src,907,20078945800000,,33333333
depay_src,908,20078979122222,,
parser_src,908,20078979122222,,33333333
decoder_sink,908,20078979122222,,33333333
decoder_src,908,20078979122222,,33333333
depay_src,909,20079012455555,,
parser_src,909,20079012455555,,33333333
decoder_sink,909,20079012455555,,33333333
decoder_src,909,20079012455555,,33333333
depay_src,910,20079045800000,,
parser_src,910,20079045800000,,33333333
decoder_sink,910,20079045800000,,33333333
decoder_src,910,20079045800000,,33333333
depay_src,911,20079079122222,,
parser_src,911,20079079122222,,33333333
decoder_sink,911,20079079122222,,33333333
decoder_src,911,20079079122222,,33333333
depay_src,912,20079112455555,,
parser_src,912,20079112455555,,33333333
decoder_sink,912,20079112455555,,33333333
decoder_src,912,20079112455555,,33333333
depay_src,913,20079145800000,,
parser_src,913,20079145800000,,33333333
decoder_sink,913,20079145800000,,33333333
decoder_src,913,20079145800000,,33333333
depay_src,914,20079179122222,,
parser_src,914,20079179122222,,33333333
decoder_sink,914,20079179122222,,33333333
decoder_src,914,20079179122222,,33333333
depay_src,915,20079212455555,,
parser_src,915,20079212455555,,33333333
decoder_sink,915,20079212455555,,33333333
decoder_src,915,20079212455555,,33333333
depay_src,916,20079245800000,,
parser_src,916,20079245800000,,33333333
decoder_sink,916,20079245800000,,33333333
decoder_src,916,20079245800000,,33333333
depay_src,917,20079279122222,,
parser_src,917,20079279122222,,33333333
decoder_sink,917,20079279122222,,33333333
decoder_src,917,20079279122222,,33333333
depay_src,918,20079312455555,,
parser_src,918,20079312455555,,33333333
decoder_sink,918,20079312455555,,33333333
decoder_src,918,20079312455555,,33333333
depay_src,919,20079345800000,,
parser_src,919,20079345800000,,33333333
decoder_sink,919,20079345800000,,33333333
decoder_src,919,20079345800000,,33333333
depay_src,920,20079379122222,,
parser_src,920,20079379122222,,33333333
decoder_sink,920,20079379122222,,33333333
decoder_src,920,20079379122222,,33333333
depay_src,921,20079412455555,,
parser_src,921,20079412455555,,33333333
decoder_sink,921,20079412455555,,33333333
decoder_src,921,20079412455555,,33333333
depay_src,922,20079445800000,,
parser_src,922,20079445800000,,33333333
decoder_sink,922,20079445800000,,33333333
decoder_src,922,20079445800000,,33333333
depay_src,923,20079479122222,,
parser_src,923,20079479122222,,33333333
decoder_sink,923,20079479122222,,33333333
decoder_src,923,20079479122222,,33333333
depay_src,924,20079512455555,,
parser_src,924,20079512455555,,33333333
decoder_sink,924,20079512455555,,33333333
decoder_src,924,20079512455555,,33333333
depay_src,925,20079545800000,,
parser_src,925,20079545800000,,33333333
decoder_sink,925,20079545800000,,33333333
decoder_src,925,20079545800000,,33333333
depay_src,926,20079579122222,,
parser_src,926,20079579122222,,33333333
decoder_sink,926,20079579122222,,33333333
decoder_src,926,20079579122222,,33333333
depay_src,927,20079612455555,,
parser_src,927,20079612455555,,33333333
decoder_sink,927,20079612455555,,33333333
decoder_src,927,20079612455555,,33333333
depay_src,928,20079645800000,,
parser_src,928,20079645800000,,33333333
decoder_sink,928,20079645800000,,33333333
decoder_src,928,20079645800000,,33333333
depay_src,929,20079679122222,,
parser_src,929,20079679122222,,33333333
decoder_sink,929,20079679122222,,33333333
decoder_src,929,20079679122222,,33333333
depay_src,930,20079712455555,,
parser_src,930,20079712455555,,33333333
decoder_sink,930,20079712455555,,33333333
decoder_src,930,20079712455555,,33333333
depay_src,931,20079745800000,,
parser_src,931,20079745800000,,33333333
decoder_sink,931,20079745800000,,33333333
decoder_src,931,20079745800000,,33333333
depay_src,932,20079779122222,,
parser_src,932,20079779122222,,33333333
decoder_sink,932,20079779122222,,33333333
decoder_src,932,20079779122222,,33333333
depay_src,933,20079812455555,,
parser_src,933,20079812455555,,33333333
decoder_sink,933,20079812455555,,33333333
decoder_src,933,20079812455555,,33333333
depay_src,934,20079845800000,,
parser_src,934,20079845800000,,33333333
decoder_sink,934,20079845800000,,33333333
decoder_src,934,20079845800000,,33333333
depay_src,935,20079879122222,,
parser_src,935,20079879122222,,33333333
decoder_sink,935,20079879122222,,33333333
decoder_src,935,20079879122222,,33333333
depay_src,936,20079912455555,,
parser_src,936,20079912455555,,33333333
decoder_sink,936,20079912455555,,33333333
decoder_src,936,20079912455555,,33333333
depay_src,937,20079945800000,,
parser_src,937,20079945800000,,33333333
decoder_sink,937,20079945800000,,33333333
decoder_src,937,20079945800000,,33333333
depay_src,938,20079979122222,,
parser_src,938,20079979122222,,33333333
decoder_sink,938,20079979122222,,33333333
decoder_src,938,20079979122222,,33333333
depay_src,939,20080012455555,,
parser_src,939,20080012455555,,33333333
decoder_sink,939,20080012455555,,33333333
decoder_src,939,20080012455555,,33333333
depay_src,940,20080045800000,,
parser_src,940,20080045800000,,33333333
decoder_sink,940,20080045800000,,33333333
decoder_src,940,20080045800000,,33333333
depay_src,941,20080079122222,,
parser_src,941,20080079122222,,33333333
decoder_sink,941,20080079122222,,33333333
decoder_src,941,20080079122222,,33333333
depay_src,942,20080112455555,,
parser_src,942,20080112455555,,33333333
decoder_sink,942,20080112455555,,33333333
decoder_src,942,20080112455555,,33333333
depay_src,943,20080145800000,,
parser_src,943,20080145800000,,33333333
decoder_sink,943,20080145800000,,33333333
decoder_src,943,20080145800000,,33333333
depay_src,944,20080179122222,,
parser_src,944,20080179122222,,33333333
decoder_sink,944,20080179122222,,33333333
decoder_src,944,20080179122222,,33333333
depay_src,945,20080212455555,,
parser_src,945,20080212455555,,33333333
decoder_sink,945,20080212455555,,33333333
decoder_src,945,20080212455555,,33333333
depay_src,946,20080245800000,,
parser_src,946,20080245800000,,33333333
decoder_sink,946,20080245800000,,33333333
decoder_src,946,20080245800000,,33333333
depay_src,947,20080279122222,,
parser_src,947,20080279122222,,33333333
decoder_sink,947,20080279122222,,33333333
decoder_src,947,20080279122222,,33333333
depay_src,948,20080312455555,,
parser_src,948,20080312455555,,33333333
decoder_sink,948,20080312455555,,33333333
decoder_src,948,20080312455555,,33333333
depay_src,949,20080345800000,,
parser_src,949,20080345800000,,33333333
decoder_sink,949,20080345800000,,33333333
decoder_src,949,20080345800000,,33333333
depay_src,950,20080379122222,,
parser_src,950,20080379122222,,33333333
decoder_sink,950,20080379122222,,33333333
decoder_src,950,20080379122222,,33333333
depay_src,951,20080412455555,,
parser_src,951,20080412455555,,33333333
decoder_sink,951,20080412455555,,33333333
decoder_src,951,20080412455555,,33333333
depay_src,952,20080445800000,,
parser_src,952,20080445800000,,33333333
decoder_sink,952,20080445800000,,33333333
decoder_src,952,20080445800000,,33333333
depay_src,953,20080479122222,,
parser_src,953,20080479122222,,33333333
decoder_sink,953,20080479122222,,33333333
decoder_src,953,20080479122222,,33333333
depay_src,954,20080512455555,,
parser_src,954,20080512455555,,33333333
decoder_sink,954,20080512455555,,33333333
decoder_src,954,20080512455555,,33333333
depay_src,955,20080545800000,,
parser_src,955,20080545800000,,33333333
decoder_sink,955,20080545800000,,33333333
decoder_src,955,20080545800000,,33333333
depay_src,956,20080579122222,,
parser_src,956,20080579122222,,33333333
decoder_sink,956,20080579122222,,33333333
decoder_src,956,20080579122222,,33333333
depay_src,957,20080612455555,,
parser_src,957,20080612455555,,33333333
decoder_sink,957,20080612455555,,33333333
decoder_src,957,20080612455555,,33333333
depay_src,958,20080645800000,,
parser_src,958,20080645800000,,33333333
decoder_sink,958,20080645800000,,33333333
decoder_src,958,20080645800000,,33333333
depay_src,959,20080679122222,,
parser_src,959,20080679122222,,33333333
decoder_sink,959,20080679122222,,33333333
decoder_src,959,20080679122222,,33333333
depay_src,960,20080712455555,,
parser_src,960,20080712455555,,33333333
decoder_sink,960,20080712455555,,33333333
decoder_src,960,20080712455555,,33333333
depay_src,961,20080745800000,,
parser_src,961,20080745800000,,33333333
decoder_sink,961,20080745800000,,33333333
decoder_src,961,20080745800000,,33333333
depay_src,962,20080779122222,,
parser_src,962,20080779122222,,33333333
decoder_sink,962,20080779122222,,33333333
decoder_src,962,20080779122222,,33333333
depay_src,963,20080812455555,,
parser_src,963,20080812455555,,33333333
decoder_sink,963,20080812455555,,33333333
decoder_src,963,20080812455555,,33333333
depay_src,964,20080845800000,,
parser_src,964,20080845800000,,33333333
decoder_sink,964,20080845800000,,33333333
decoder_src,964,20080845800000,,33333333
depay_src,965,20080879122222,,
parser_src,965,20080879122222,,33333333
decoder_sink,965,20080879122222,,33333333
decoder_src,965,20080879122222,,33333333
depay_src,966,20080912455555,,
parser_src,966,20080912455555,,33333333
decoder_sink,966,20080912455555,,33333333
decoder_src,966,20080912455555,,33333333
depay_src,967,20080945800000,,
parser_src,967,20080945800000,,33333333
decoder_sink,967,20080945800000,,33333333
decoder_src,967,20080945800000,,33333333
depay_src,968,20080979122222,,
parser_src,968,20080979122222,,33333333
decoder_sink,968,20080979122222,,33333333
decoder_src,968,20080979122222,,33333333
depay_src,969,20081012455555,,
parser_src,969,20081012455555,,33333333
decoder_sink,969,20081012455555,,33333333
decoder_src,969,20081012455555,,33333333
depay_src,970,20081045800000,,
parser_src,970,20081045800000,,33333333
decoder_sink,970,20081045800000,,33333333
decoder_src,970,20081045800000,,33333333
depay_src,971,20081079122222,,
parser_src,971,20081079122222,,33333333
decoder_sink,971,20081079122222,,33333333
decoder_src,971,20081079122222,,33333333
