stage,sequence,pts_ns,dts_ns,duration_ns
depay_src,1,2425988600000,,
parser_src,1,2425988600000,,33333333
decoder_sink,1,2425988600000,,33333333
decoder_src,1,2425988600000,,33333333
depay_src,2,2426021922222,,
parser_src,2,2426021922222,,33333333
decoder_sink,2,2426021922222,,33333333
decoder_src,2,2426021922222,,33333333
depay_src,3,2426055255555,,
parser_src,3,2426055255555,,33333333
decoder_sink,3,2426055255555,,33333333
decoder_src,3,2426055255555,,33333333
depay_src,4,2426088600000,,
parser_src,4,2426088600000,,33333333
decoder_sink,4,2426088600000,,33333333
decoder_src,4,2426088600000,,33333333
depay_src,5,2426121922222,,
parser_src,5,2426121922222,,33333333
decoder_sink,5,2426121922222,,33333333
decoder_src,5,2426121922222,,33333333
depay_src,6,2426155255555,,
parser_src,6,2426155255555,,33333333
decoder_sink,6,2426155255555,,33333333
decoder_src,6,2426155255555,,33333333
depay_src,7,2426188600000,,
parser_src,7,2426188600000,,33333333
decoder_sink,7,2426188600000,,33333333
decoder_src,7,2426188600000,,33333333
depay_src,8,2426221922222,,
parser_src,8,2426221922222,,33333333
decoder_sink,8,2426221922222,,33333333
decoder_src,8,2426221922222,,33333333
depay_src,9,2426255255555,,
parser_src,9,2426255255555,,33333333
decoder_sink,9,2426255255555,,33333333
decoder_src,9,2426255255555,,33333333
depay_src,10,2426288600000,,
parser_src,10,2426288600000,,33333333
decoder_sink,10,2426288600000,,33333333
decoder_src,10,2426288600000,,33333333
depay_src,11,2426321922222,,
parser_src,11,2426321922222,,33333333
decoder_sink,11,2426321922222,,33333333
decoder_src,11,2426321922222,,33333333
depay_src,12,2426355255555,,
parser_src,12,2426355255555,,33333333
decoder_sink,12,2426355255555,,33333333
decoder_src,12,2426355255555,,33333333
depay_src,13,2426388600000,,
parser_src,13,2426388600000,,33333333
decoder_sink,13,2426388600000,,33333333
decoder_src,13,2426388600000,,33333333
depay_src,14,2426421922222,,
parser_src,14,2426421922222,,33333333
decoder_sink,14,2426421922222,,33333333
decoder_src,14,2426421922222,,33333333
depay_src,15,2426455255555,,
parser_src,15,2426455255555,,33333333
decoder_sink,15,2426455255555,,33333333
decoder_src,15,2426455255555,,33333333
depay_src,16,2426488600000,,
parser_src,16,2426488600000,,33333333
decoder_sink,16,2426488600000,,33333333
decoder_src,16,2426488600000,,33333333
depay_src,17,2426521922222,,
parser_src,17,2426521922222,,33333333
decoder_sink,17,2426521922222,,33333333
decoder_src,17,2426521922222,,33333333
depay_src,18,2426555255555,,
parser_src,18,2426555255555,,33333333
decoder_sink,18,2426555255555,,33333333
decoder_src,18,2426555255555,,33333333
depay_src,19,2426588600000,,
parser_src,19,2426588600000,,33333333
decoder_sink,19,2426588600000,,33333333
decoder_src,19,2426588600000,,33333333
depay_src,20,2426621922222,,
parser_src,20,2426621922222,,33333333
decoder_sink,20,2426621922222,,33333333
decoder_src,20,2426621922222,,33333333
depay_src,21,2426655255555,,
parser_src,21,2426655255555,,33333333
decoder_sink,21,2426655255555,,33333333
decoder_src,21,2426655255555,,33333333
depay_src,22,2426688600000,,
parser_src,22,2426688600000,,33333333
decoder_sink,22,2426688600000,,33333333
decoder_src,22,2426688600000,,33333333
depay_src,23,2426721922222,,
parser_src,23,2426721922222,,33333333
decoder_sink,23,2426721922222,,33333333
decoder_src,23,2426721922222,,33333333
depay_src,24,2426755255555,,
parser_src,24,2426755255555,,33333333
decoder_sink,24,2426755255555,,33333333
decoder_src,24,2426755255555,,33333333
depay_src,25,2426788600000,,
parser_src,25,2426788600000,,33333333
decoder_sink,25,2426788600000,,33333333
decoder_src,25,2426788600000,,33333333
depay_src,26,2426821922222,,
parser_src,26,2426821922222,,33333333
decoder_sink,26,2426821922222,,33333333
decoder_src,26,2426821922222,,33333333
depay_src,27,2426855255555,,
parser_src,27,2426855255555,,33333333
decoder_sink,27,2426855255555,,33333333
decoder_src,27,2426855255555,,33333333
depay_src,28,2426888600000,,
parser_src,28,2426888600000,,33333333
decoder_sink,28,2426888600000,,33333333
decoder_src,28,2426888600000,,33333333
depay_src,29,2426921922222,,
parser_src,29,2426921922222,,33333333
decoder_sink,29,2426921922222,,33333333
decoder_src,29,2426921922222,,33333333
depay_src,30,2426955255555,,
parser_src,30,2426955255555,,33333333
decoder_sink,30,2426955255555,,33333333
decoder_src,30,2426955255555,,33333333
depay_src,31,2426988600000,,
parser_src,31,2426988600000,,33333333
decoder_sink,31,2426988600000,,33333333
decoder_src,31,2426988600000,,33333333
depay_src,32,2427021922222,,
parser_src,32,2427021922222,,33333333
decoder_sink,32,2427021922222,,33333333
decoder_src,32,2427021922222,,33333333
depay_src,33,2427055255555,,
parser_src,33,2427055255555,,33333333
decoder_sink,33,2427055255555,,33333333
decoder_src,33,2427055255555,,33333333
depay_src,34,2427088600000,,
parser_src,34,2427088600000,,33333333
decoder_sink,34,2427088600000,,33333333
decoder_src,34,2427088600000,,33333333
depay_src,35,2427121922222,,
parser_src,35,2427121922222,,33333333
decoder_sink,35,2427121922222,,33333333
decoder_src,35,2427121922222,,33333333
depay_src,36,2427155255555,,
parser_src,36,2427155255555,,33333333
decoder_sink,36,2427155255555,,33333333
decoder_src,36,2427155255555,,33333333
depay_src,37,2427188600000,,
parser_src,37,2427188600000,,33333333
decoder_sink,37,2427188600000,,33333333
decoder_src,37,2427188600000,,33333333
depay_src,38,2427221922222,,
parser_src,38,2427221922222,,33333333
decoder_sink,38,2427221922222,,33333333
decoder_src,38,2427221922222,,33333333
depay_src,39,2427255255555,,
parser_src,39,2427255255555,,33333333
decoder_sink,39,2427255255555,,33333333
decoder_src,39,2427255255555,,33333333
depay_src,40,2427288600000,,
parser_src,40,2427288600000,,33333333
decoder_sink,40,2427288600000,,33333333
decoder_src,40,2427288600000,,33333333
depay_src,41,2427321922222,,
parser_src,41,2427321922222,,33333333
decoder_sink,41,2427321922222,,33333333
decoder_src,41,2427321922222,,33333333
depay_src,42,2427355255555,,
parser_src,42,2427355255555,,33333333
decoder_sink,42,2427355255555,,33333333
decoder_src,42,2427355255555,,33333333
depay_src,43,2427388600000,,
parser_src,43,2427388600000,,33333333
decoder_sink,43,2427388600000,,33333333
decoder_src,43,2427388600000,,33333333
depay_src,44,2427421922222,,
parser_src,44,2427421922222,,33333333
decoder_sink,44,2427421922222,,33333333
decoder_src,44,2427421922222,,33333333
depay_src,45,2427455255555,,
parser_src,45,2427455255555,,33333333
decoder_sink,45,2427455255555,,33333333
decoder_src,45,2427455255555,,33333333
depay_src,46,2427488600000,,
parser_src,46,2427488600000,,33333333
decoder_sink,46,2427488600000,,33333333
decoder_src,46,2427488600000,,33333333
depay_src,47,2427521922222,,
parser_src,47,2427521922222,,33333333
decoder_sink,47,2427521922222,,33333333
decoder_src,47,2427521922222,,33333333
depay_src,48,2427555255555,,
parser_src,48,2427555255555,,33333333
decoder_sink,48,2427555255555,,33333333
decoder_src,48,2427555255555,,33333333
depay_src,49,2427588600000,,
parser_src,49,2427588600000,,33333333
decoder_sink,49,2427588600000,,33333333
decoder_src,49,2427588600000,,33333333
depay_src,50,2427621922222,,
parser_src,50,2427621922222,,33333333
decoder_sink,50,2427621922222,,33333333
decoder_src,50,2427621922222,,33333333
depay_src,51,2427655255555,,
parser_src,51,2427655255555,,33333333
decoder_sink,51,2427655255555,,33333333
decoder_src,51,2427655255555,,33333333
depay_src,52,2427688600000,,
parser_src,52,2427688600000,,33333333
decoder_sink,52,2427688600000,,33333333
decoder_src,52,2427688600000,,33333333
depay_src,53,2427721922222,,
parser_src,53,2427721922222,,33333333
decoder_sink,53,2427721922222,,33333333
decoder_src,53,2427721922222,,33333333
depay_src,54,2427755255555,,
parser_src,54,2427755255555,,33333333
decoder_sink,54,2427755255555,,33333333
decoder_src,54,2427755255555,,33333333
depay_src,55,2427788600000,,
parser_src,55,2427788600000,,33333333
decoder_sink,55,2427788600000,,33333333
decoder_src,55,2427788600000,,33333333
depay_src,56,2427821922222,,
parser_src,56,2427821922222,,33333333
decoder_sink,56,2427821922222,,33333333
decoder_src,56,2427821922222,,33333333
depay_src,57,2427855255555,,
parser_src,57,2427855255555,,33333333
decoder_sink,57,2427855255555,,33333333
decoder_src,57,2427855255555,,33333333
depay_src,58,2427888600000,,
parser_src,58,2427888600000,,33333333
decoder_sink,58,2427888600000,,33333333
decoder_src,58,2427888600000,,33333333
depay_src,59,2427921922222,,
parser_src,59,2427921922222,,33333333
decoder_sink,59,2427921922222,,33333333
decoder_src,59,2427921922222,,33333333
depay_src,60,2427955255555,,
parser_src,60,2427955255555,,33333333
decoder_sink,60,2427955255555,,33333333
decoder_src,60,2427955255555,,33333333
depay_src,61,2427988600000,,
parser_src,61,2427988600000,,33333333
decoder_sink,61,2427988600000,,33333333
decoder_src,61,2427988600000,,33333333
depay_src,62,2428021922222,,
parser_src,62,2428021922222,,33333333
decoder_sink,62,2428021922222,,33333333
decoder_src,62,2428021922222,,33333333
depay_src,63,2428055255555,,
parser_src,63,2428055255555,,33333333
decoder_sink,63,2428055255555,,33333333
decoder_src,63,2428055255555,,33333333
depay_src,64,2428088600000,,
parser_src,64,2428088600000,,33333333
decoder_sink,64,2428088600000,,33333333
decoder_src,64,2428088600000,,33333333
depay_src,65,2428121922222,,
parser_src,65,2428121922222,,33333333
decoder_sink,65,2428121922222,,33333333
decoder_src,65,2428121922222,,33333333
depay_src,66,2428155255555,,
parser_src,66,2428155255555,,33333333
decoder_sink,66,2428155255555,,33333333
decoder_src,66,2428155255555,,33333333
depay_src,67,2428188600000,,
parser_src,67,2428188600000,,33333333
decoder_sink,67,2428188600000,,33333333
decoder_src,67,2428188600000,,33333333
depay_src,68,2428221922222,,
parser_src,68,2428221922222,,33333333
decoder_sink,68,2428221922222,,33333333
decoder_src,68,2428221922222,,33333333
depay_src,69,2428255255555,,
parser_src,69,2428255255555,,33333333
decoder_sink,69,2428255255555,,33333333
decoder_src,69,2428255255555,,33333333
depay_src,70,2428288600000,,
parser_src,70,2428288600000,,33333333
decoder_sink,70,2428288600000,,33333333
decoder_src,70,2428288600000,,33333333
depay_src,71,2428321922222,,
parser_src,71,2428321922222,,33333333
decoder_sink,71,2428321922222,,33333333
decoder_src,71,2428321922222,,33333333
depay_src,72,2428355255555,,
parser_src,72,2428355255555,,33333333
decoder_sink,72,2428355255555,,33333333
decoder_src,72,2428355255555,,33333333
depay_src,73,2428388600000,,
parser_src,73,2428388600000,,33333333
decoder_sink,73,2428388600000,,33333333
decoder_src,73,2428388600000,,33333333
depay_src,74,2428421922222,,
parser_src,74,2428421922222,,33333333
decoder_sink,74,2428421922222,,33333333
decoder_src,74,2428421922222,,33333333
depay_src,75,2428455255555,,
parser_src,75,2428455255555,,33333333
decoder_sink,75,2428455255555,,33333333
decoder_src,75,2428455255555,,33333333
depay_src,76,2428488600000,,
parser_src,76,2428488600000,,33333333
decoder_sink,76,2428488600000,,33333333
decoder_src,76,2428488600000,,33333333
depay_src,77,2428521922222,,
parser_src,77,2428521922222,,33333333
decoder_sink,77,2428521922222,,33333333
decoder_src,77,2428521922222,,33333333
depay_src,78,2428555255555,,
parser_src,78,2428555255555,,33333333
decoder_sink,78,2428555255555,,33333333
decoder_src,78,2428555255555,,33333333
depay_src,79,2428588600000,,
parser_src,79,2428588600000,,33333333
decoder_sink,79,2428588600000,,33333333
decoder_src,79,2428588600000,,33333333
depay_src,80,2428621922222,,
parser_src,80,2428621922222,,33333333
decoder_sink,80,2428621922222,,33333333
decoder_src,80,2428621922222,,33333333
depay_src,81,2428655255555,,
parser_src,81,2428655255555,,33333333
decoder_sink,81,2428655255555,,33333333
decoder_src,81,2428655255555,,33333333
depay_src,82,2428688600000,,
parser_src,82,2428688600000,,33333333
decoder_sink,82,2428688600000,,33333333
decoder_src,82,2428688600000,,33333333
depay_src,83,2428721922222,,
parser_src,83,2428721922222,,33333333
decoder_sink,83,2428721922222,,33333333
decoder_src,83,2428721922222,,33333333
depay_src,84,2428755255555,,
parser_src,84,2428755255555,,33333333
decoder_sink,84,2428755255555,,33333333
decoder_src,84,2428755255555,,33333333
depay_src,85,2428788600000,,
parser_src,85,2428788600000,,33333333
decoder_sink,85,2428788600000,,33333333
decoder_src,85,2428788600000,,33333333
depay_src,86,2428821922222,,
parser_src,86,2428821922222,,33333333
decoder_sink,86,2428821922222,,33333333
decoder_src,86,2428821922222,,33333333
depay_src,87,2428855255555,,
parser_src,87,2428855255555,,33333333
decoder_sink,87,2428855255555,,33333333
decoder_src,87,2428855255555,,33333333
depay_src,88,2428888600000,,
parser_src,88,2428888600000,,33333333
decoder_sink,88,2428888600000,,33333333
decoder_src,88,2428888600000,,33333333
depay_src,89,2428921922222,,
parser_src,89,2428921922222,,33333333
decoder_sink,89,2428921922222,,33333333
decoder_src,89,2428921922222,,33333333
depay_src,90,2428955255555,,
parser_src,90,2428955255555,,33333333
decoder_sink,90,2428955255555,,33333333
decoder_src,90,2428955255555,,33333333
depay_src,91,2428988600000,,
parser_src,91,2428988600000,,33333333
decoder_sink,91,2428988600000,,33333333
decoder_src,91,2428988600000,,33333333
depay_src,92,2429021922222,,
parser_src,92,2429021922222,,33333333
decoder_sink,92,2429021922222,,33333333
decoder_src,92,2429021922222,,33333333
depay_src,93,2429055255555,,
parser_src,93,2429055255555,,33333333
decoder_sink,93,2429055255555,,33333333
decoder_src,93,2429055255555,,33333333
depay_src,94,2429088600000,,
parser_src,94,2429088600000,,33333333
decoder_sink,94,2429088600000,,33333333
decoder_src,94,2429088600000,,33333333
depay_src,95,2429121922222,,
parser_src,95,2429121922222,,33333333
decoder_sink,95,2429121922222,,33333333
decoder_src,95,2429121922222,,33333333
depay_src,96,2429155255555,,
parser_src,96,2429155255555,,33333333
decoder_sink,96,2429155255555,,33333333
decoder_src,96,2429155255555,,33333333
depay_src,97,2429188600000,,
parser_src,97,2429188600000,,33333333
decoder_sink,97,2429188600000,,33333333
decoder_src,97,2429188600000,,33333333
depay_src,98,2429221922222,,
parser_src,98,2429221922222,,33333333
decoder_sink,98,2429221922222,,33333333
decoder_src,98,2429221922222,,33333333
depay_src,99,2429255255555,,
parser_src,99,2429255255555,,33333333
decoder_sink,99,2429255255555,,33333333
decoder_src,99,2429255255555,,33333333
depay_src,100,2429288600000,,
parser_src,100,2429288600000,,33333333
decoder_sink,100,2429288600000,,33333333
decoder_src,100,2429288600000,,33333333
depay_src,101,2429321922222,,
parser_src,101,2429321922222,,33333333
decoder_sink,101,2429321922222,,33333333
decoder_src,101,2429321922222,,33333333
depay_src,102,2429355255555,,
parser_src,102,2429355255555,,33333333
decoder_sink,102,2429355255555,,33333333
decoder_src,102,2429355255555,,33333333
depay_src,103,2429388600000,,
parser_src,103,2429388600000,,33333333
decoder_sink,103,2429388600000,,33333333
decoder_src,103,2429388600000,,33333333
depay_src,104,2429421922222,,
parser_src,104,2429421922222,,33333333
decoder_sink,104,2429421922222,,33333333
decoder_src,104,2429421922222,,33333333
depay_src,105,2429455255555,,
parser_src,105,2429455255555,,33333333
decoder_sink,105,2429455255555,,33333333
decoder_src,105,2429455255555,,33333333
depay_src,106,2429488600000,,
parser_src,106,2429488600000,,33333333
decoder_sink,106,2429488600000,,33333333
decoder_src,106,2429488600000,,33333333
depay_src,107,2429521922222,,
parser_src,107,2429521922222,,33333333
decoder_sink,107,2429521922222,,33333333
decoder_src,107,2429521922222,,33333333
depay_src,108,2429555255555,,
parser_src,108,2429555255555,,33333333
decoder_sink,108,2429555255555,,33333333
decoder_src,108,2429555255555,,33333333
depay_src,109,2429588600000,,
parser_src,109,2429588600000,,33333333
decoder_sink,109,2429588600000,,33333333
decoder_src,109,2429588600000,,33333333
depay_src,110,2429621922222,,
parser_src,110,2429621922222,,33333333
decoder_sink,110,2429621922222,,33333333
decoder_src,110,2429621922222,,33333333
depay_src,111,2429655255555,,
parser_src,111,2429655255555,,33333333
decoder_sink,111,2429655255555,,33333333
decoder_src,111,2429655255555,,33333333
depay_src,112,2429688600000,,
parser_src,112,2429688600000,,33333333
decoder_sink,112,2429688600000,,33333333
decoder_src,112,2429688600000,,33333333
depay_src,113,2429721922222,,
parser_src,113,2429721922222,,33333333
decoder_sink,113,2429721922222,,33333333
decoder_src,113,2429721922222,,33333333
depay_src,114,2429755255555,,
parser_src,114,2429755255555,,33333333
decoder_sink,114,2429755255555,,33333333
decoder_src,114,2429755255555,,33333333
depay_src,115,2429788600000,,
parser_src,115,2429788600000,,33333333
decoder_sink,115,2429788600000,,33333333
decoder_src,115,2429788600000,,33333333
depay_src,116,2429821922222,,
parser_src,116,2429821922222,,33333333
decoder_sink,116,2429821922222,,33333333
decoder_src,116,2429821922222,,33333333
depay_src,117,2429855255555,,
parser_src,117,2429855255555,,33333333
decoder_sink,117,2429855255555,,33333333
decoder_src,117,2429855255555,,33333333
depay_src,118,2429888600000,,
parser_src,118,2429888600000,,33333333
decoder_sink,118,2429888600000,,33333333
decoder_src,118,2429888600000,,33333333
depay_src,119,2429921922222,,
parser_src,119,2429921922222,,33333333
decoder_sink,119,2429921922222,,33333333
decoder_src,119,2429921922222,,33333333
depay_src,120,2429955255555,,
parser_src,120,2429955255555,,33333333
decoder_sink,120,2429955255555,,33333333
decoder_src,120,2429955255555,,33333333
depay_src,121,2429988600000,,
parser_src,121,2429988600000,,33333333
decoder_sink,121,2429988600000,,33333333
decoder_src,121,2429988600000,,33333333
depay_src,122,2430021922222,,
parser_src,122,2430021922222,,33333333
decoder_sink,122,2430021922222,,33333333
decoder_src,122,2430021922222,,33333333
depay_src,123,2430055255555,,
parser_src,123,2430055255555,,33333333
decoder_sink,123,2430055255555,,33333333
decoder_src,123,2430055255555,,33333333
depay_src,124,2430088600000,,
parser_src,124,2430088600000,,33333333
decoder_sink,124,2430088600000,,33333333
decoder_src,124,2430088600000,,33333333
depay_src,125,2430121922222,,
parser_src,125,2430121922222,,33333333
decoder_sink,125,2430121922222,,33333333
decoder_src,125,2430121922222,,33333333
depay_src,126,2430155255555,,
parser_src,126,2430155255555,,33333333
decoder_sink,126,2430155255555,,33333333
decoder_src,126,2430155255555,,33333333
depay_src,127,2430188600000,,
parser_src,127,2430188600000,,33333333
decoder_sink,127,2430188600000,,33333333
decoder_src,127,2430188600000,,33333333
depay_src,128,2430221922222,,
parser_src,128,2430221922222,,33333333
decoder_sink,128,2430221922222,,33333333
decoder_src,128,2430221922222,,33333333
depay_src,129,2430255255555,,
parser_src,129,2430255255555,,33333333
decoder_sink,129,2430255255555,,33333333
decoder_src,129,2430255255555,,33333333
depay_src,130,2430288600000,,
parser_src,130,2430288600000,,33333333
decoder_sink,130,2430288600000,,33333333
decoder_src,130,2430288600000,,33333333
depay_src,131,2430321922222,,
parser_src,131,2430321922222,,33333333
decoder_sink,131,2430321922222,,33333333
decoder_src,131,2430321922222,,33333333
depay_src,132,2430355255555,,
parser_src,132,2430355255555,,33333333
decoder_sink,132,2430355255555,,33333333
decoder_src,132,2430355255555,,33333333
depay_src,133,2430388600000,,
parser_src,133,2430388600000,,33333333
decoder_sink,133,2430388600000,,33333333
decoder_src,133,2430388600000,,33333333
depay_src,134,2430421922222,,
parser_src,134,2430421922222,,33333333
decoder_sink,134,2430421922222,,33333333
decoder_src,134,2430421922222,,33333333
depay_src,135,2430455255555,,
parser_src,135,2430455255555,,33333333
decoder_sink,135,2430455255555,,33333333
decoder_src,135,2430455255555,,33333333
depay_src,136,2430488600000,,
parser_src,136,2430488600000,,33333333
decoder_sink,136,2430488600000,,33333333
decoder_src,136,2430488600000,,33333333
depay_src,137,2430521922222,,
parser_src,137,2430521922222,,33333333
decoder_sink,137,2430521922222,,33333333
decoder_src,137,2430521922222,,33333333
depay_src,138,2430555255555,,
parser_src,138,2430555255555,,33333333
decoder_sink,138,2430555255555,,33333333
decoder_src,138,2430555255555,,33333333
depay_src,139,2430588600000,,
parser_src,139,2430588600000,,33333333
decoder_sink,139,2430588600000,,33333333
decoder_src,139,2430588600000,,33333333
depay_src,140,2430621922222,,
parser_src,140,2430621922222,,33333333
decoder_sink,140,2430621922222,,33333333
decoder_src,140,2430621922222,,33333333
depay_src,141,2430655255555,,
parser_src,141,2430655255555,,33333333
decoder_sink,141,2430655255555,,33333333
decoder_src,141,2430655255555,,33333333
depay_src,142,2430688600000,,
parser_src,142,2430688600000,,33333333
decoder_sink,142,2430688600000,,33333333
decoder_src,142,2430688600000,,33333333
depay_src,143,2430721922222,,
parser_src,143,2430721922222,,33333333
decoder_sink,143,2430721922222,,33333333
decoder_src,143,2430721922222,,33333333
depay_src,144,2430755255555,,
parser_src,144,2430755255555,,33333333
decoder_sink,144,2430755255555,,33333333
decoder_src,144,2430755255555,,33333333
depay_src,145,2430788600000,,
parser_src,145,2430788600000,,33333333
decoder_sink,145,2430788600000,,33333333
decoder_src,145,2430788600000,,33333333
depay_src,146,2430821922222,,
parser_src,146,2430821922222,,33333333
decoder_sink,146,2430821922222,,33333333
decoder_src,146,2430821922222,,33333333
depay_src,147,2430855255555,,
parser_src,147,2430855255555,,33333333
decoder_sink,147,2430855255555,,33333333
decoder_src,147,2430855255555,,33333333
depay_src,148,2430888600000,,
parser_src,148,2430888600000,,33333333
decoder_sink,148,2430888600000,,33333333
decoder_src,148,2430888600000,,33333333
depay_src,149,2430921922222,,
parser_src,149,2430921922222,,33333333
decoder_sink,149,2430921922222,,33333333
decoder_src,149,2430921922222,,33333333
depay_src,150,2430955255555,,
parser_src,150,2430955255555,,33333333
decoder_sink,150,2430955255555,,33333333
decoder_src,150,2430955255555,,33333333
depay_src,151,2430988600000,,
parser_src,151,2430988600000,,33333333
decoder_sink,151,2430988600000,,33333333
decoder_src,151,2430988600000,,33333333
depay_src,152,2431021922222,,
parser_src,152,2431021922222,,33333333
decoder_sink,152,2431021922222,,33333333
decoder_src,152,2431021922222,,33333333
depay_src,153,2431055255555,,
parser_src,153,2431055255555,,33333333
decoder_sink,153,2431055255555,,33333333
decoder_src,153,2431055255555,,33333333
depay_src,154,2431088600000,,
parser_src,154,2431088600000,,33333333
decoder_sink,154,2431088600000,,33333333
decoder_src,154,2431088600000,,33333333
depay_src,155,2431121922222,,
parser_src,155,2431121922222,,33333333
decoder_sink,155,2431121922222,,33333333
decoder_src,155,2431121922222,,33333333
depay_src,156,2431155255555,,
parser_src,156,2431155255555,,33333333
decoder_sink,156,2431155255555,,33333333
decoder_src,156,2431155255555,,33333333
depay_src,157,2431188600000,,
parser_src,157,2431188600000,,33333333
decoder_sink,157,2431188600000,,33333333
decoder_src,157,2431188600000,,33333333
depay_src,158,2431221922222,,
parser_src,158,2431221922222,,33333333
decoder_sink,158,2431221922222,,33333333
decoder_src,158,2431221922222,,33333333
depay_src,159,2431255255555,,
parser_src,159,2431255255555,,33333333
decoder_sink,159,2431255255555,,33333333
decoder_src,159,2431255255555,,33333333
depay_src,160,2431288600000,,
parser_src,160,2431288600000,,33333333
decoder_sink,160,2431288600000,,33333333
decoder_src,160,2431288600000,,33333333
depay_src,161,2431321922222,,
parser_src,161,2431321922222,,33333333
decoder_sink,161,2431321922222,,33333333
decoder_src,161,2431321922222,,33333333
depay_src,162,2431355255555,,
parser_src,162,2431355255555,,33333333
decoder_sink,162,2431355255555,,33333333
decoder_src,162,2431355255555,,33333333
depay_src,163,2431388600000,,
parser_src,163,2431388600000,,33333333
decoder_sink,163,2431388600000,,33333333
decoder_src,163,2431388600000,,33333333
depay_src,164,2431421922222,,
parser_src,164,2431421922222,,33333333
decoder_sink,164,2431421922222,,33333333
decoder_src,164,2431421922222,,33333333
depay_src,165,2431455255555,,
parser_src,165,2431455255555,,33333333
decoder_sink,165,2431455255555,,33333333
decoder_src,165,2431455255555,,33333333
depay_src,166,2431488600000,,
parser_src,166,2431488600000,,33333333
decoder_sink,166,2431488600000,,33333333
decoder_src,166,2431488600000,,33333333
depay_src,167,2431521922222,,
parser_src,167,2431521922222,,33333333
decoder_sink,167,2431521922222,,33333333
decoder_src,167,2431521922222,,33333333
depay_src,168,2431555255555,,
parser_src,168,2431555255555,,33333333
decoder_sink,168,2431555255555,,33333333
decoder_src,168,2431555255555,,33333333
depay_src,169,2431588600000,,
parser_src,169,2431588600000,,33333333
decoder_sink,169,2431588600000,,33333333
decoder_src,169,2431588600000,,33333333
depay_src,170,2431621922222,,
parser_src,170,2431621922222,,33333333
decoder_sink,170,2431621922222,,33333333
decoder_src,170,2431621922222,,33333333
depay_src,171,2431655255555,,
parser_src,171,2431655255555,,33333333
decoder_sink,171,2431655255555,,33333333
decoder_src,171,2431655255555,,33333333
depay_src,172,2431688600000,,
parser_src,172,2431688600000,,33333333
decoder_sink,172,2431688600000,,33333333
decoder_src,172,2431688600000,,33333333
depay_src,173,2431721922222,,
parser_src,173,2431721922222,,33333333
decoder_sink,173,2431721922222,,33333333
decoder_src,173,2431721922222,,33333333
depay_src,174,2431755255555,,
parser_src,174,2431755255555,,33333333
decoder_sink,174,2431755255555,,33333333
decoder_src,174,2431755255555,,33333333
depay_src,175,2431788600000,,
parser_src,175,2431788600000,,33333333
decoder_sink,175,2431788600000,,33333333
decoder_src,175,2431788600000,,33333333
depay_src,176,2431821922222,,
parser_src,176,2431821922222,,33333333
decoder_sink,176,2431821922222,,33333333
decoder_src,176,2431821922222,,33333333
depay_src,177,2431855255555,,
parser_src,177,2431855255555,,33333333
decoder_sink,177,2431855255555,,33333333
decoder_src,177,2431855255555,,33333333
depay_src,178,2431888600000,,
parser_src,178,2431888600000,,33333333
decoder_sink,178,2431888600000,,33333333
decoder_src,178,2431888600000,,33333333
depay_src,179,2431921922222,,
parser_src,179,2431921922222,,33333333
decoder_sink,179,2431921922222,,33333333
decoder_src,179,2431921922222,,33333333
depay_src,180,2431955255555,,
parser_src,180,2431955255555,,33333333
decoder_sink,180,2431955255555,,33333333
decoder_src,180,2431955255555,,33333333
depay_src,181,2431988600000,,
parser_src,181,2431988600000,,33333333
decoder_sink,181,2431988600000,,33333333
decoder_src,181,2431988600000,,33333333
depay_src,182,2432021922222,,
parser_src,182,2432021922222,,33333333
decoder_sink,182,2432021922222,,33333333
decoder_src,182,2432021922222,,33333333
depay_src,183,2432055255555,,
parser_src,183,2432055255555,,33333333
decoder_sink,183,2432055255555,,33333333
decoder_src,183,2432055255555,,33333333
depay_src,184,2432088600000,,
parser_src,184,2432088600000,,33333333
decoder_sink,184,2432088600000,,33333333
decoder_src,184,2432088600000,,33333333
depay_src,185,2432121922222,,
parser_src,185,2432121922222,,33333333
decoder_sink,185,2432121922222,,33333333
decoder_src,185,2432121922222,,33333333
depay_src,186,2432155255555,,
parser_src,186,2432155255555,,33333333
decoder_sink,186,2432155255555,,33333333
decoder_src,186,2432155255555,,33333333
depay_src,187,2432188600000,,
parser_src,187,2432188600000,,33333333
decoder_sink,187,2432188600000,,33333333
decoder_src,187,2432188600000,,33333333
depay_src,188,2432221922222,,
parser_src,188,2432221922222,,33333333
decoder_sink,188,2432221922222,,33333333
decoder_src,188,2432221922222,,33333333
depay_src,189,2432255255555,,
parser_src,189,2432255255555,,33333333
decoder_sink,189,2432255255555,,33333333
decoder_src,189,2432255255555,,33333333
depay_src,190,2432288600000,,
parser_src,190,2432288600000,,33333333
decoder_sink,190,2432288600000,,33333333
decoder_src,190,2432288600000,,33333333
depay_src,191,2432321922222,,
parser_src,191,2432321922222,,33333333
decoder_sink,191,2432321922222,,33333333
decoder_src,191,2432321922222,,33333333
depay_src,192,2432355255555,,
parser_src,192,2432355255555,,33333333
decoder_sink,192,2432355255555,,33333333
decoder_src,192,2432355255555,,33333333
depay_src,193,2432388600000,,
parser_src,193,2432388600000,,33333333
decoder_sink,193,2432388600000,,33333333
decoder_src,193,2432388600000,,33333333
depay_src,194,2432421922222,,
parser_src,194,2432421922222,,33333333
decoder_sink,194,2432421922222,,33333333
decoder_src,194,2432421922222,,33333333
depay_src,195,2432455255555,,
parser_src,195,2432455255555,,33333333
decoder_sink,195,2432455255555,,33333333
decoder_src,195,2432455255555,,33333333
depay_src,196,2432488600000,,
parser_src,196,2432488600000,,33333333
decoder_sink,196,2432488600000,,33333333
decoder_src,196,2432488600000,,33333333
depay_src,197,2432521922222,,
parser_src,197,2432521922222,,33333333
decoder_sink,197,2432521922222,,33333333
decoder_src,197,2432521922222,,33333333
depay_src,198,2432555255555,,
parser_src,198,2432555255555,,33333333
decoder_sink,198,2432555255555,,33333333
decoder_src,198,2432555255555,,33333333
depay_src,199,2432588600000,,
parser_src,199,2432588600000,,33333333
decoder_sink,199,2432588600000,,33333333
decoder_src,199,2432588600000,,33333333
depay_src,200,2432621922222,,
parser_src,200,2432621922222,,33333333
decoder_sink,200,2432621922222,,33333333
decoder_src,200,2432621922222,,33333333
depay_src,201,2432655255555,,
parser_src,201,2432655255555,,33333333
decoder_sink,201,2432655255555,,33333333
decoder_src,201,2432655255555,,33333333
depay_src,202,2432688600000,,
parser_src,202,2432688600000,,33333333
decoder_sink,202,2432688600000,,33333333
decoder_src,202,2432688600000,,33333333
depay_src,203,2432721922222,,
parser_src,203,2432721922222,,33333333
decoder_sink,203,2432721922222,,33333333
decoder_src,203,2432721922222,,33333333
depay_src,204,2432755255555,,
parser_src,204,2432755255555,,33333333
decoder_sink,204,2432755255555,,33333333
decoder_src,204,2432755255555,,33333333
depay_src,205,2432788600000,,
parser_src,205,2432788600000,,33333333
decoder_sink,205,2432788600000,,33333333
decoder_src,205,2432788600000,,33333333
depay_src,206,2432821922222,,
parser_src,206,2432821922222,,33333333
decoder_sink,206,2432821922222,,33333333
decoder_src,206,2432821922222,,33333333
depay_src,207,2432855255555,,
parser_src,207,2432855255555,,33333333
decoder_sink,207,2432855255555,,33333333
decoder_src,207,2432855255555,,33333333
depay_src,208,2432888600000,,
parser_src,208,2432888600000,,33333333
decoder_sink,208,2432888600000,,33333333
decoder_src,208,2432888600000,,33333333
depay_src,209,2432921922222,,
parser_src,209,2432921922222,,33333333
decoder_sink,209,2432921922222,,33333333
decoder_src,209,2432921922222,,33333333
depay_src,210,2432955255555,,
parser_src,210,2432955255555,,33333333
decoder_sink,210,2432955255555,,33333333
decoder_src,210,2432955255555,,33333333
depay_src,211,2432988600000,,
parser_src,211,2432988600000,,33333333
decoder_sink,211,2432988600000,,33333333
decoder_src,211,2432988600000,,33333333
depay_src,212,2433021922222,,
parser_src,212,2433021922222,,33333333
decoder_sink,212,2433021922222,,33333333
decoder_src,212,2433021922222,,33333333
depay_src,213,2433055255555,,
parser_src,213,2433055255555,,33333333
decoder_sink,213,2433055255555,,33333333
decoder_src,213,2433055255555,,33333333
depay_src,214,2433088600000,,
parser_src,214,2433088600000,,33333333
decoder_sink,214,2433088600000,,33333333
decoder_src,214,2433088600000,,33333333
depay_src,215,2433121922222,,
parser_src,215,2433121922222,,33333333
decoder_sink,215,2433121922222,,33333333
decoder_src,215,2433121922222,,33333333
depay_src,216,2433155255555,,
parser_src,216,2433155255555,,33333333
decoder_sink,216,2433155255555,,33333333
decoder_src,216,2433155255555,,33333333
depay_src,217,2433188600000,,
parser_src,217,2433188600000,,33333333
decoder_sink,217,2433188600000,,33333333
decoder_src,217,2433188600000,,33333333
depay_src,218,2433221922222,,
parser_src,218,2433221922222,,33333333
decoder_sink,218,2433221922222,,33333333
decoder_src,218,2433221922222,,33333333
depay_src,219,2433255255555,,
parser_src,219,2433255255555,,33333333
decoder_sink,219,2433255255555,,33333333
decoder_src,219,2433255255555,,33333333
depay_src,220,2433288600000,,
parser_src,220,2433288600000,,33333333
decoder_sink,220,2433288600000,,33333333
decoder_src,220,2433288600000,,33333333
depay_src,221,2433321922222,,
parser_src,221,2433321922222,,33333333
decoder_sink,221,2433321922222,,33333333
decoder_src,221,2433321922222,,33333333
depay_src,222,2433355255555,,
parser_src,222,2433355255555,,33333333
decoder_sink,222,2433355255555,,33333333
decoder_src,222,2433355255555,,33333333
depay_src,223,2433388600000,,
parser_src,223,2433388600000,,33333333
decoder_sink,223,2433388600000,,33333333
decoder_src,223,2433388600000,,33333333
depay_src,224,2433421922222,,
parser_src,224,2433421922222,,33333333
decoder_sink,224,2433421922222,,33333333
decoder_src,224,2433421922222,,33333333
depay_src,225,2433455255555,,
parser_src,225,2433455255555,,33333333
decoder_sink,225,2433455255555,,33333333
decoder_src,225,2433455255555,,33333333
depay_src,226,2433488600000,,
parser_src,226,2433488600000,,33333333
decoder_sink,226,2433488600000,,33333333
decoder_src,226,2433488600000,,33333333
depay_src,227,2433521922222,,
parser_src,227,2433521922222,,33333333
decoder_sink,227,2433521922222,,33333333
decoder_src,227,2433521922222,,33333333
depay_src,228,2433555255555,,
parser_src,228,2433555255555,,33333333
decoder_sink,228,2433555255555,,33333333
decoder_src,228,2433555255555,,33333333
depay_src,229,2433588600000,,
parser_src,229,2433588600000,,33333333
decoder_sink,229,2433588600000,,33333333
decoder_src,229,2433588600000,,33333333
depay_src,230,2433621922222,,
parser_src,230,2433621922222,,33333333
decoder_sink,230,2433621922222,,33333333
decoder_src,230,2433621922222,,33333333
depay_src,231,2433655255555,,
parser_src,231,2433655255555,,33333333
decoder_sink,231,2433655255555,,33333333
decoder_src,231,2433655255555,,33333333
depay_src,232,2433688600000,,
parser_src,232,2433688600000,,33333333
decoder_sink,232,2433688600000,,33333333
decoder_src,232,2433688600000,,33333333
depay_src,233,2433721922222,,
parser_src,233,2433721922222,,33333333
decoder_sink,233,2433721922222,,33333333
decoder_src,233,2433721922222,,33333333
depay_src,234,2433755255555,,
parser_src,234,2433755255555,,33333333
decoder_sink,234,2433755255555,,33333333
decoder_src,234,2433755255555,,33333333
depay_src,235,2433788600000,,
parser_src,235,2433788600000,,33333333
decoder_sink,235,2433788600000,,33333333
decoder_src,235,2433788600000,,33333333
depay_src,236,2433821922222,,
parser_src,236,2433821922222,,33333333
decoder_sink,236,2433821922222,,33333333
decoder_src,236,2433821922222,,33333333
depay_src,237,2433855255555,,
parser_src,237,2433855255555,,33333333
decoder_sink,237,2433855255555,,33333333
decoder_src,237,2433855255555,,33333333
depay_src,238,2433888600000,,
parser_src,238,2433888600000,,33333333
decoder_sink,238,2433888600000,,33333333
decoder_src,238,2433888600000,,33333333
depay_src,239,2433921922222,,
parser_src,239,2433921922222,,33333333
decoder_sink,239,2433921922222,,33333333
decoder_src,239,2433921922222,,33333333
depay_src,240,2433955255555,,
parser_src,240,2433955255555,,33333333
decoder_sink,240,2433955255555,,33333333
decoder_src,240,2433955255555,,33333333
depay_src,241,2433988600000,,
parser_src,241,2433988600000,,33333333
decoder_sink,241,2433988600000,,33333333
decoder_src,241,2433988600000,,33333333
depay_src,242,2434021922222,,
parser_src,242,2434021922222,,33333333
decoder_sink,242,2434021922222,,33333333
decoder_src,242,2434021922222,,33333333
depay_src,243,2434055255555,,
parser_src,243,2434055255555,,33333333
decoder_sink,243,2434055255555,,33333333
decoder_src,243,2434055255555,,33333333
depay_src,244,2434088600000,,
parser_src,244,2434088600000,,33333333
decoder_sink,244,2434088600000,,33333333
decoder_src,244,2434088600000,,33333333
depay_src,245,2434121922222,,
parser_src,245,2434121922222,,33333333
decoder_sink,245,2434121922222,,33333333
decoder_src,245,2434121922222,,33333333
depay_src,246,2434155255555,,
parser_src,246,2434155255555,,33333333
decoder_sink,246,2434155255555,,33333333
decoder_src,246,2434155255555,,33333333
depay_src,247,2434188600000,,
parser_src,247,2434188600000,,33333333
decoder_sink,247,2434188600000,,33333333
decoder_src,247,2434188600000,,33333333
depay_src,248,2434221922222,,
parser_src,248,2434221922222,,33333333
decoder_sink,248,2434221922222,,33333333
decoder_src,248,2434221922222,,33333333
depay_src,249,2434255255555,,
parser_src,249,2434255255555,,33333333
decoder_sink,249,2434255255555,,33333333
decoder_src,249,2434255255555,,33333333
depay_src,250,2434288600000,,
parser_src,250,2434288600000,,33333333
decoder_sink,250,2434288600000,,33333333
decoder_src,250,2434288600000,,33333333
depay_src,251,2434321922222,,
parser_src,251,2434321922222,,33333333
decoder_sink,251,2434321922222,,33333333
decoder_src,251,2434321922222,,33333333
depay_src,252,2434355255555,,
parser_src,252,2434355255555,,33333333
decoder_sink,252,2434355255555,,33333333
decoder_src,252,2434355255555,,33333333
depay_src,253,2434388600000,,
parser_src,253,2434388600000,,33333333
decoder_sink,253,2434388600000,,33333333
decoder_src,253,2434388600000,,33333333
depay_src,254,2434421922222,,
parser_src,254,2434421922222,,33333333
decoder_sink,254,2434421922222,,33333333
decoder_src,254,2434421922222,,33333333
depay_src,255,2434455255555,,
parser_src,255,2434455255555,,33333333
decoder_sink,255,2434455255555,,33333333
decoder_src,255,2434455255555,,33333333
depay_src,256,2434488600000,,
parser_src,256,2434488600000,,33333333
decoder_sink,256,2434488600000,,33333333
decoder_src,256,2434488600000,,33333333
depay_src,257,2434521922222,,
parser_src,257,2434521922222,,33333333
decoder_sink,257,2434521922222,,33333333
decoder_src,257,2434521922222,,33333333
depay_src,258,2434555255555,,
parser_src,258,2434555255555,,33333333
decoder_sink,258,2434555255555,,33333333
decoder_src,258,2434555255555,,33333333
depay_src,259,2434588600000,,
parser_src,259,2434588600000,,33333333
decoder_sink,259,2434588600000,,33333333
decoder_src,259,2434588600000,,33333333
depay_src,260,2434621922222,,
parser_src,260,2434621922222,,33333333
decoder_sink,260,2434621922222,,33333333
decoder_src,260,2434621922222,,33333333
depay_src,261,2434655255555,,
parser_src,261,2434655255555,,33333333
decoder_sink,261,2434655255555,,33333333
decoder_src,261,2434655255555,,33333333
depay_src,262,2434688600000,,
parser_src,262,2434688600000,,33333333
decoder_sink,262,2434688600000,,33333333
decoder_src,262,2434688600000,,33333333
depay_src,263,2434721922222,,
parser_src,263,2434721922222,,33333333
decoder_sink,263,2434721922222,,33333333
decoder_src,263,2434721922222,,33333333
depay_src,264,2434755255555,,
parser_src,264,2434755255555,,33333333
decoder_sink,264,2434755255555,,33333333
decoder_src,264,2434755255555,,33333333
depay_src,265,2434788600000,,
parser_src,265,2434788600000,,33333333
decoder_sink,265,2434788600000,,33333333
decoder_src,265,2434788600000,,33333333
depay_src,266,2434821922222,,
parser_src,266,2434821922222,,33333333
decoder_sink,266,2434821922222,,33333333
decoder_src,266,2434821922222,,33333333
depay_src,267,2434855255555,,
parser_src,267,2434855255555,,33333333
decoder_sink,267,2434855255555,,33333333
decoder_src,267,2434855255555,,33333333
depay_src,268,2434888600000,,
parser_src,268,2434888600000,,33333333
decoder_sink,268,2434888600000,,33333333
decoder_src,268,2434888600000,,33333333
depay_src,269,2434921922222,,
parser_src,269,2434921922222,,33333333
decoder_sink,269,2434921922222,,33333333
decoder_src,269,2434921922222,,33333333
depay_src,270,2434955255555,,
parser_src,270,2434955255555,,33333333
decoder_sink,270,2434955255555,,33333333
decoder_src,270,2434955255555,,33333333
depay_src,271,2434988600000,,
parser_src,271,2434988600000,,33333333
decoder_sink,271,2434988600000,,33333333
decoder_src,271,2434988600000,,33333333
depay_src,272,2435021922222,,
parser_src,272,2435021922222,,33333333
decoder_sink,272,2435021922222,,33333333
decoder_src,272,2435021922222,,33333333
depay_src,273,2435055255555,,
parser_src,273,2435055255555,,33333333
decoder_sink,273,2435055255555,,33333333
decoder_src,273,2435055255555,,33333333
depay_src,274,2435088600000,,
parser_src,274,2435088600000,,33333333
decoder_sink,274,2435088600000,,33333333
decoder_src,274,2435088600000,,33333333
depay_src,275,2435121922222,,
parser_src,275,2435121922222,,33333333
decoder_sink,275,2435121922222,,33333333
decoder_src,275,2435121922222,,33333333
depay_src,276,2435155255555,,
parser_src,276,2435155255555,,33333333
decoder_sink,276,2435155255555,,33333333
decoder_src,276,2435155255555,,33333333
depay_src,277,2435188600000,,
parser_src,277,2435188600000,,33333333
decoder_sink,277,2435188600000,,33333333
decoder_src,277,2435188600000,,33333333
depay_src,278,2435221922222,,
parser_src,278,2435221922222,,33333333
decoder_sink,278,2435221922222,,33333333
decoder_src,278,2435221922222,,33333333
depay_src,279,2435255255555,,
parser_src,279,2435255255555,,33333333
decoder_sink,279,2435255255555,,33333333
decoder_src,279,2435255255555,,33333333
depay_src,280,2435288600000,,
parser_src,280,2435288600000,,33333333
decoder_sink,280,2435288600000,,33333333
decoder_src,280,2435288600000,,33333333
depay_src,281,2435321922222,,
parser_src,281,2435321922222,,33333333
decoder_sink,281,2435321922222,,33333333
decoder_src,281,2435321922222,,33333333
depay_src,282,2435355255555,,
parser_src,282,2435355255555,,33333333
decoder_sink,282,2435355255555,,33333333
decoder_src,282,2435355255555,,33333333
depay_src,283,2435388600000,,
parser_src,283,2435388600000,,33333333
decoder_sink,283,2435388600000,,33333333
decoder_src,283,2435388600000,,33333333
depay_src,284,2435421922222,,
parser_src,284,2435421922222,,33333333
decoder_sink,284,2435421922222,,33333333
decoder_src,284,2435421922222,,33333333
depay_src,285,2435455255555,,
parser_src,285,2435455255555,,33333333
decoder_sink,285,2435455255555,,33333333
decoder_src,285,2435455255555,,33333333
depay_src,286,2435488600000,,
parser_src,286,2435488600000,,33333333
decoder_sink,286,2435488600000,,33333333
decoder_src,286,2435488600000,,33333333
depay_src,287,2435521922222,,
parser_src,287,2435521922222,,33333333
decoder_sink,287,2435521922222,,33333333
decoder_src,287,2435521922222,,33333333
depay_src,288,2435555255555,,
parser_src,288,2435555255555,,33333333
decoder_sink,288,2435555255555,,33333333
decoder_src,288,2435555255555,,33333333
depay_src,289,2435588600000,,
parser_src,289,2435588600000,,33333333
decoder_sink,289,2435588600000,,33333333
decoder_src,289,2435588600000,,33333333
depay_src,290,2435621922222,,
parser_src,290,2435621922222,,33333333
decoder_sink,290,2435621922222,,33333333
decoder_src,290,2435621922222,,33333333
depay_src,291,2435655255555,,
parser_src,291,2435655255555,,33333333
decoder_sink,291,2435655255555,,33333333
decoder_src,291,2435655255555,,33333333
depay_src,292,2435688600000,,
parser_src,292,2435688600000,,33333333
decoder_sink,292,2435688600000,,33333333
decoder_src,292,2435688600000,,33333333
depay_src,293,2435721922222,,
parser_src,293,2435721922222,,33333333
decoder_sink,293,2435721922222,,33333333
decoder_src,293,2435721922222,,33333333
depay_src,294,2435755255555,,
parser_src,294,2435755255555,,33333333
decoder_sink,294,2435755255555,,33333333
decoder_src,294,2435755255555,,33333333
depay_src,295,2435788600000,,
parser_src,295,2435788600000,,33333333
decoder_sink,295,2435788600000,,33333333
decoder_src,295,2435788600000,,33333333
depay_src,296,2435821922222,,
parser_src,296,2435821922222,,33333333
decoder_sink,296,2435821922222,,33333333
decoder_src,296,2435821922222,,33333333
depay_src,297,2435855255555,,
parser_src,297,2435855255555,,33333333
decoder_sink,297,2435855255555,,33333333
decoder_src,297,2435855255555,,33333333
depay_src,298,2435888600000,,
parser_src,298,2435888600000,,33333333
decoder_sink,298,2435888600000,,33333333
decoder_src,298,2435888600000,,33333333
depay_src,299,2435921922222,,
parser_src,299,2435921922222,,33333333
decoder_sink,299,2435921922222,,33333333
decoder_src,299,2435921922222,,33333333
depay_src,300,2435955255555,,
parser_src,300,2435955255555,,33333333
decoder_sink,300,2435955255555,,33333333
decoder_src,300,2435955255555,,33333333
depay_src,301,2435988600000,,
parser_src,301,2435988600000,,33333333
decoder_sink,301,2435988600000,,33333333
decoder_src,301,2435988600000,,33333333
depay_src,302,2436021922222,,
parser_src,302,2436021922222,,33333333
decoder_sink,302,2436021922222,,33333333
decoder_src,302,2436021922222,,33333333
depay_src,303,2436055255555,,
parser_src,303,2436055255555,,33333333
decoder_sink,303,2436055255555,,33333333
decoder_src,303,2436055255555,,33333333
depay_src,304,2436088600000,,
parser_src,304,2436088600000,,33333333
decoder_sink,304,2436088600000,,33333333
decoder_src,304,2436088600000,,33333333
depay_src,305,2436121922222,,
parser_src,305,2436121922222,,33333333
decoder_sink,305,2436121922222,,33333333
decoder_src,305,2436121922222,,33333333
depay_src,306,2436155255555,,
parser_src,306,2436155255555,,33333333
decoder_sink,306,2436155255555,,33333333
decoder_src,306,2436155255555,,33333333
depay_src,307,2436188600000,,
parser_src,307,2436188600000,,33333333
decoder_sink,307,2436188600000,,33333333
decoder_src,307,2436188600000,,33333333
depay_src,308,2436221922222,,
parser_src,308,2436221922222,,33333333
decoder_sink,308,2436221922222,,33333333
decoder_src,308,2436221922222,,33333333
depay_src,309,2436255255555,,
parser_src,309,2436255255555,,33333333
decoder_sink,309,2436255255555,,33333333
decoder_src,309,2436255255555,,33333333
depay_src,310,2436288600000,,
parser_src,310,2436288600000,,33333333
decoder_sink,310,2436288600000,,33333333
decoder_src,310,2436288600000,,33333333
depay_src,311,2436321922222,,
parser_src,311,2436321922222,,33333333
decoder_sink,311,2436321922222,,33333333
decoder_src,311,2436321922222,,33333333
depay_src,312,2436355255555,,
parser_src,312,2436355255555,,33333333
decoder_sink,312,2436355255555,,33333333
decoder_src,312,2436355255555,,33333333
depay_src,313,2436388600000,,
parser_src,313,2436388600000,,33333333
decoder_sink,313,2436388600000,,33333333
decoder_src,313,2436388600000,,33333333
depay_src,314,2436421922222,,
parser_src,314,2436421922222,,33333333
decoder_sink,314,2436421922222,,33333333
decoder_src,314,2436421922222,,33333333
depay_src,315,2436455255555,,
parser_src,315,2436455255555,,33333333
decoder_sink,315,2436455255555,,33333333
decoder_src,315,2436455255555,,33333333
depay_src,316,2436488600000,,
parser_src,316,2436488600000,,33333333
decoder_sink,316,2436488600000,,33333333
decoder_src,316,2436488600000,,33333333
depay_src,317,2436521922222,,
parser_src,317,2436521922222,,33333333
decoder_sink,317,2436521922222,,33333333
decoder_src,317,2436521922222,,33333333
depay_src,318,2436555255555,,
parser_src,318,2436555255555,,33333333
decoder_sink,318,2436555255555,,33333333
decoder_src,318,2436555255555,,33333333
depay_src,319,2436588600000,,
parser_src,319,2436588600000,,33333333
decoder_sink,319,2436588600000,,33333333
decoder_src,319,2436588600000,,33333333
depay_src,320,2436621922222,,
parser_src,320,2436621922222,,33333333
decoder_sink,320,2436621922222,,33333333
decoder_src,320,2436621922222,,33333333
depay_src,321,2436655255555,,
parser_src,321,2436655255555,,33333333
decoder_sink,321,2436655255555,,33333333
decoder_src,321,2436655255555,,33333333
depay_src,322,2436688600000,,
parser_src,322,2436688600000,,33333333
decoder_sink,322,2436688600000,,33333333
decoder_src,322,2436688600000,,33333333
depay_src,323,2436721922222,,
parser_src,323,2436721922222,,33333333
decoder_sink,323,2436721922222,,33333333
decoder_src,323,2436721922222,,33333333
depay_src,324,2436755255555,,
parser_src,324,2436755255555,,33333333
decoder_sink,324,2436755255555,,33333333
decoder_src,324,2436755255555,,33333333
depay_src,325,2436788600000,,
parser_src,325,2436788600000,,33333333
decoder_sink,325,2436788600000,,33333333
decoder_src,325,2436788600000,,33333333
depay_src,326,2436821922222,,
parser_src,326,2436821922222,,33333333
decoder_sink,326,2436821922222,,33333333
decoder_src,326,2436821922222,,33333333
depay_src,327,2436855255555,,
parser_src,327,2436855255555,,33333333
decoder_sink,327,2436855255555,,33333333
decoder_src,327,2436855255555,,33333333
depay_src,328,2436888600000,,
parser_src,328,2436888600000,,33333333
decoder_sink,328,2436888600000,,33333333
decoder_src,328,2436888600000,,33333333
depay_src,329,2436921922222,,
parser_src,329,2436921922222,,33333333
decoder_sink,329,2436921922222,,33333333
decoder_src,329,2436921922222,,33333333
depay_src,330,2436955255555,,
parser_src,330,2436955255555,,33333333
decoder_sink,330,2436955255555,,33333333
decoder_src,330,2436955255555,,33333333
depay_src,331,2436988600000,,
parser_src,331,2436988600000,,33333333
decoder_sink,331,2436988600000,,33333333
decoder_src,331,2436988600000,,33333333
depay_src,332,2437021922222,,
parser_src,332,2437021922222,,33333333
decoder_sink,332,2437021922222,,33333333
decoder_src,332,2437021922222,,33333333
depay_src,333,2437055255555,,
parser_src,333,2437055255555,,33333333
decoder_sink,333,2437055255555,,33333333
decoder_src,333,2437055255555,,33333333
depay_src,334,2437088600000,,
parser_src,334,2437088600000,,33333333
decoder_sink,334,2437088600000,,33333333
decoder_src,334,2437088600000,,33333333
depay_src,335,2437121922222,,
parser_src,335,2437121922222,,33333333
decoder_sink,335,2437121922222,,33333333
decoder_src,335,2437121922222,,33333333
depay_src,336,2437155255555,,
parser_src,336,2437155255555,,33333333
decoder_sink,336,2437155255555,,33333333
decoder_src,336,2437155255555,,33333333
depay_src,337,2437188600000,,
parser_src,337,2437188600000,,33333333
decoder_sink,337,2437188600000,,33333333
decoder_src,337,2437188600000,,33333333
depay_src,338,2437221922222,,
parser_src,338,2437221922222,,33333333
decoder_sink,338,2437221922222,,33333333
decoder_src,338,2437221922222,,33333333
depay_src,339,2437255255555,,
parser_src,339,2437255255555,,33333333
decoder_sink,339,2437255255555,,33333333
decoder_src,339,2437255255555,,33333333
depay_src,340,2437288600000,,
parser_src,340,2437288600000,,33333333
decoder_sink,340,2437288600000,,33333333
decoder_src,340,2437288600000,,33333333
depay_src,341,2437321922222,,
parser_src,341,2437321922222,,33333333
decoder_sink,341,2437321922222,,33333333
decoder_src,341,2437321922222,,33333333
depay_src,342,2437355255555,,
parser_src,342,2437355255555,,33333333
decoder_sink,342,2437355255555,,33333333
decoder_src,342,2437355255555,,33333333
depay_src,343,2437388600000,,
parser_src,343,2437388600000,,33333333
decoder_sink,343,2437388600000,,33333333
decoder_src,343,2437388600000,,33333333
depay_src,344,2437421922222,,
parser_src,344,2437421922222,,33333333
decoder_sink,344,2437421922222,,33333333
decoder_src,344,2437421922222,,33333333
depay_src,345,2437455255555,,
parser_src,345,2437455255555,,33333333
decoder_sink,345,2437455255555,,33333333
decoder_src,345,2437455255555,,33333333
depay_src,346,2437488600000,,
parser_src,346,2437488600000,,33333333
decoder_sink,346,2437488600000,,33333333
decoder_src,346,2437488600000,,33333333
depay_src,347,2437521922222,,
parser_src,347,2437521922222,,33333333
decoder_sink,347,2437521922222,,33333333
decoder_src,347,2437521922222,,33333333
depay_src,348,2437555255555,,
parser_src,348,2437555255555,,33333333
decoder_sink,348,2437555255555,,33333333
decoder_src,348,2437555255555,,33333333
depay_src,349,2437588600000,,
parser_src,349,2437588600000,,33333333
decoder_sink,349,2437588600000,,33333333
decoder_src,349,2437588600000,,33333333
depay_src,350,2437621922222,,
parser_src,350,2437621922222,,33333333
decoder_sink,350,2437621922222,,33333333
decoder_src,350,2437621922222,,33333333
depay_src,351,2437655255555,,
parser_src,351,2437655255555,,33333333
decoder_sink,351,2437655255555,,33333333
decoder_src,351,2437655255555,,33333333
depay_src,352,2437688600000,,
parser_src,352,2437688600000,,33333333
decoder_sink,352,2437688600000,,33333333
decoder_src,352,2437688600000,,33333333
depay_src,353,2437721922222,,
parser_src,353,2437721922222,,33333333
decoder_sink,353,2437721922222,,33333333
decoder_src,353,2437721922222,,33333333
depay_src,354,2437755255555,,
parser_src,354,2437755255555,,33333333
decoder_sink,354,2437755255555,,33333333
decoder_src,354,2437755255555,,33333333
depay_src,355,2437788600000,,
parser_src,355,2437788600000,,33333333
decoder_sink,355,2437788600000,,33333333
decoder_src,355,2437788600000,,33333333
depay_src,356,2437821922222,,
parser_src,356,2437821922222,,33333333
decoder_sink,356,2437821922222,,33333333
decoder_src,356,2437821922222,,33333333
depay_src,357,2437855255555,,
parser_src,357,2437855255555,,33333333
decoder_sink,357,2437855255555,,33333333
decoder_src,357,2437855255555,,33333333
depay_src,358,2437888600000,,
parser_src,358,2437888600000,,33333333
decoder_sink,358,2437888600000,,33333333
decoder_src,358,2437888600000,,33333333
depay_src,359,2437921922222,,
parser_src,359,2437921922222,,33333333
decoder_sink,359,2437921922222,,33333333
decoder_src,359,2437921922222,,33333333
depay_src,360,2437955255555,,
parser_src,360,2437955255555,,33333333
decoder_sink,360,2437955255555,,33333333
decoder_src,360,2437955255555,,33333333
depay_src,361,2437988600000,,
parser_src,361,2437988600000,,33333333
decoder_sink,361,2437988600000,,33333333
decoder_src,361,2437988600000,,33333333
depay_src,362,2438021922222,,
parser_src,362,2438021922222,,33333333
decoder_sink,362,2438021922222,,33333333
decoder_src,362,2438021922222,,33333333
depay_src,363,2438055255555,,
parser_src,363,2438055255555,,33333333
decoder_sink,363,2438055255555,,33333333
decoder_src,363,2438055255555,,33333333
depay_src,364,2438088600000,,
parser_src,364,2438088600000,,33333333
decoder_sink,364,2438088600000,,33333333
decoder_src,364,2438088600000,,33333333
depay_src,365,2438121922222,,
parser_src,365,2438121922222,,33333333
decoder_sink,365,2438121922222,,33333333
decoder_src,365,2438121922222,,33333333
depay_src,366,2438155255555,,
parser_src,366,2438155255555,,33333333
decoder_sink,366,2438155255555,,33333333
decoder_src,366,2438155255555,,33333333
depay_src,367,2438188600000,,
parser_src,367,2438188600000,,33333333
decoder_sink,367,2438188600000,,33333333
decoder_src,367,2438188600000,,33333333
depay_src,368,2438221922222,,
parser_src,368,2438221922222,,33333333
decoder_sink,368,2438221922222,,33333333
decoder_src,368,2438221922222,,33333333
depay_src,369,2438255255555,,
parser_src,369,2438255255555,,33333333
decoder_sink,369,2438255255555,,33333333
decoder_src,369,2438255255555,,33333333
depay_src,370,2438288600000,,
parser_src,370,2438288600000,,33333333
decoder_sink,370,2438288600000,,33333333
decoder_src,370,2438288600000,,33333333
depay_src,371,2438321922222,,
parser_src,371,2438321922222,,33333333
decoder_sink,371,2438321922222,,33333333
decoder_src,371,2438321922222,,33333333
depay_src,372,2438355255555,,
parser_src,372,2438355255555,,33333333
decoder_sink,372,2438355255555,,33333333
decoder_src,372,2438355255555,,33333333
depay_src,373,2438388600000,,
parser_src,373,2438388600000,,33333333
decoder_sink,373,2438388600000,,33333333
decoder_src,373,2438388600000,,33333333
depay_src,374,2438421922222,,
parser_src,374,2438421922222,,33333333
decoder_sink,374,2438421922222,,33333333
decoder_src,374,2438421922222,,33333333
depay_src,375,2438455255555,,
parser_src,375,2438455255555,,33333333
decoder_sink,375,2438455255555,,33333333
decoder_src,375,2438455255555,,33333333
depay_src,376,2438488600000,,
parser_src,376,2438488600000,,33333333
decoder_sink,376,2438488600000,,33333333
decoder_src,376,2438488600000,,33333333
depay_src,377,2438521922222,,
parser_src,377,2438521922222,,33333333
decoder_sink,377,2438521922222,,33333333
decoder_src,377,2438521922222,,33333333
depay_src,378,2438555255555,,
parser_src,378,2438555255555,,33333333
decoder_sink,378,2438555255555,,33333333
decoder_src,378,2438555255555,,33333333
depay_src,379,2438588600000,,
parser_src,379,2438588600000,,33333333
decoder_sink,379,2438588600000,,33333333
decoder_src,379,2438588600000,,33333333
depay_src,380,2438621922222,,
parser_src,380,2438621922222,,33333333
decoder_sink,380,2438621922222,,33333333
decoder_src,380,2438621922222,,33333333
depay_src,381,2438655255555,,
parser_src,381,2438655255555,,33333333
decoder_sink,381,2438655255555,,33333333
decoder_src,381,2438655255555,,33333333
depay_src,382,2438688600000,,
parser_src,382,2438688600000,,33333333
decoder_sink,382,2438688600000,,33333333
decoder_src,382,2438688600000,,33333333
depay_src,383,2438721922222,,
parser_src,383,2438721922222,,33333333
decoder_sink,383,2438721922222,,33333333
decoder_src,383,2438721922222,,33333333
depay_src,384,2438755255555,,
parser_src,384,2438755255555,,33333333
decoder_sink,384,2438755255555,,33333333
decoder_src,384,2438755255555,,33333333
depay_src,385,2438788600000,,
parser_src,385,2438788600000,,33333333
decoder_sink,385,2438788600000,,33333333
decoder_src,385,2438788600000,,33333333
depay_src,386,2438821922222,,
parser_src,386,2438821922222,,33333333
decoder_sink,386,2438821922222,,33333333
decoder_src,386,2438821922222,,33333333
depay_src,387,2438855255555,,
parser_src,387,2438855255555,,33333333
decoder_sink,387,2438855255555,,33333333
decoder_src,387,2438855255555,,33333333
depay_src,388,2438888600000,,
parser_src,388,2438888600000,,33333333
decoder_sink,388,2438888600000,,33333333
decoder_src,388,2438888600000,,33333333
depay_src,389,2438921922222,,
parser_src,389,2438921922222,,33333333
decoder_sink,389,2438921922222,,33333333
decoder_src,389,2438921922222,,33333333
depay_src,390,2438955255555,,
parser_src,390,2438955255555,,33333333
decoder_sink,390,2438955255555,,33333333
decoder_src,390,2438955255555,,33333333
depay_src,391,2438988600000,,
parser_src,391,2438988600000,,33333333
decoder_sink,391,2438988600000,,33333333
decoder_src,391,2438988600000,,33333333
depay_src,392,2439021922222,,
parser_src,392,2439021922222,,33333333
decoder_sink,392,2439021922222,,33333333
decoder_src,392,2439021922222,,33333333
depay_src,393,2439055255555,,
parser_src,393,2439055255555,,33333333
decoder_sink,393,2439055255555,,33333333
decoder_src,393,2439055255555,,33333333
depay_src,394,2439088600000,,
parser_src,394,2439088600000,,33333333
decoder_sink,394,2439088600000,,33333333
decoder_src,394,2439088600000,,33333333
depay_src,395,2439121922222,,
parser_src,395,2439121922222,,33333333
decoder_sink,395,2439121922222,,33333333
decoder_src,395,2439121922222,,33333333
depay_src,396,2439155255555,,
parser_src,396,2439155255555,,33333333
decoder_sink,396,2439155255555,,33333333
decoder_src,396,2439155255555,,33333333
depay_src,397,2439188600000,,
parser_src,397,2439188600000,,33333333
decoder_sink,397,2439188600000,,33333333
decoder_src,397,2439188600000,,33333333
depay_src,398,2439221922222,,
parser_src,398,2439221922222,,33333333
decoder_sink,398,2439221922222,,33333333
decoder_src,398,2439221922222,,33333333
depay_src,399,2439255255555,,
parser_src,399,2439255255555,,33333333
decoder_sink,399,2439255255555,,33333333
decoder_src,399,2439255255555,,33333333
depay_src,400,2439288600000,,
parser_src,400,2439288600000,,33333333
decoder_sink,400,2439288600000,,33333333
decoder_src,400,2439288600000,,33333333
depay_src,401,2439321922222,,
parser_src,401,2439321922222,,33333333
decoder_sink,401,2439321922222,,33333333
decoder_src,401,2439321922222,,33333333
depay_src,402,2439355255555,,
parser_src,402,2439355255555,,33333333
decoder_sink,402,2439355255555,,33333333
decoder_src,402,2439355255555,,33333333
depay_src,403,2439388600000,,
parser_src,403,2439388600000,,33333333
decoder_sink,403,2439388600000,,33333333
decoder_src,403,2439388600000,,33333333
depay_src,404,2439421922222,,
parser_src,404,2439421922222,,33333333
decoder_sink,404,2439421922222,,33333333
decoder_src,404,2439421922222,,33333333
depay_src,405,2439455255555,,
parser_src,405,2439455255555,,33333333
decoder_sink,405,2439455255555,,33333333
decoder_src,405,2439455255555,,33333333
depay_src,406,2439488600000,,
parser_src,406,2439488600000,,33333333
decoder_sink,406,2439488600000,,33333333
decoder_src,406,2439488600000,,33333333
depay_src,407,2439521922222,,
parser_src,407,2439521922222,,33333333
decoder_sink,407,2439521922222,,33333333
decoder_src,407,2439521922222,,33333333
depay_src,408,2439555255555,,
parser_src,408,2439555255555,,33333333
decoder_sink,408,2439555255555,,33333333
decoder_src,408,2439555255555,,33333333
depay_src,409,2439588600000,,
parser_src,409,2439588600000,,33333333
decoder_sink,409,2439588600000,,33333333
decoder_src,409,2439588600000,,33333333
depay_src,410,2439621922222,,
parser_src,410,2439621922222,,33333333
decoder_sink,410,2439621922222,,33333333
decoder_src,410,2439621922222,,33333333
depay_src,411,2439655255555,,
parser_src,411,2439655255555,,33333333
decoder_sink,411,2439655255555,,33333333
decoder_src,411,2439655255555,,33333333
depay_src,412,2439688600000,,
parser_src,412,2439688600000,,33333333
decoder_sink,412,2439688600000,,33333333
decoder_src,412,2439688600000,,33333333
depay_src,413,2439721922222,,
parser_src,413,2439721922222,,33333333
decoder_sink,413,2439721922222,,33333333
decoder_src,413,2439721922222,,33333333
depay_src,414,2439755255555,,
parser_src,414,2439755255555,,33333333
decoder_sink,414,2439755255555,,33333333
decoder_src,414,2439755255555,,33333333
depay_src,415,2439788600000,,
parser_src,415,2439788600000,,33333333
decoder_sink,415,2439788600000,,33333333
decoder_src,415,2439788600000,,33333333
depay_src,416,2439821922222,,
parser_src,416,2439821922222,,33333333
decoder_sink,416,2439821922222,,33333333
decoder_src,416,2439821922222,,33333333
depay_src,417,2439855255555,,
parser_src,417,2439855255555,,33333333
decoder_sink,417,2439855255555,,33333333
decoder_src,417,2439855255555,,33333333
depay_src,418,2439888600000,,
parser_src,418,2439888600000,,33333333
decoder_sink,418,2439888600000,,33333333
decoder_src,418,2439888600000,,33333333
depay_src,419,2439921922222,,
parser_src,419,2439921922222,,33333333
decoder_sink,419,2439921922222,,33333333
decoder_src,419,2439921922222,,33333333
depay_src,420,2439955255555,,
parser_src,420,2439955255555,,33333333
decoder_sink,420,2439955255555,,33333333
decoder_src,420,2439955255555,,33333333
depay_src,421,2439988600000,,
parser_src,421,2439988600000,,33333333
decoder_sink,421,2439988600000,,33333333
decoder_src,421,2439988600000,,33333333
depay_src,422,2440021922222,,
parser_src,422,2440021922222,,33333333
decoder_sink,422,2440021922222,,33333333
decoder_src,422,2440021922222,,33333333
depay_src,423,2440055255555,,
parser_src,423,2440055255555,,33333333
decoder_sink,423,2440055255555,,33333333
decoder_src,423,2440055255555,,33333333
depay_src,424,2440088600000,,
parser_src,424,2440088600000,,33333333
decoder_sink,424,2440088600000,,33333333
decoder_src,424,2440088600000,,33333333
depay_src,425,2440121922222,,
parser_src,425,2440121922222,,33333333
decoder_sink,425,2440121922222,,33333333
decoder_src,425,2440121922222,,33333333
depay_src,426,2440155255555,,
parser_src,426,2440155255555,,33333333
decoder_sink,426,2440155255555,,33333333
decoder_src,426,2440155255555,,33333333
depay_src,427,2440188600000,,
parser_src,427,2440188600000,,33333333
decoder_sink,427,2440188600000,,33333333
decoder_src,427,2440188600000,,33333333
depay_src,428,2440221922222,,
parser_src,428,2440221922222,,33333333
decoder_sink,428,2440221922222,,33333333
decoder_src,428,2440221922222,,33333333
depay_src,429,2440255255555,,
parser_src,429,2440255255555,,33333333
decoder_sink,429,2440255255555,,33333333
decoder_src,429,2440255255555,,33333333
depay_src,430,2440288600000,,
parser_src,430,2440288600000,,33333333
decoder_sink,430,2440288600000,,33333333
decoder_src,430,2440288600000,,33333333
depay_src,431,2440321922222,,
parser_src,431,2440321922222,,33333333
decoder_sink,431,2440321922222,,33333333
decoder_src,431,2440321922222,,33333333
depay_src,432,2440355255555,,
parser_src,432,2440355255555,,33333333
decoder_sink,432,2440355255555,,33333333
decoder_src,432,2440355255555,,33333333
depay_src,433,2440388600000,,
parser_src,433,2440388600000,,33333333
decoder_sink,433,2440388600000,,33333333
decoder_src,433,2440388600000,,33333333
depay_src,434,2440421922222,,
parser_src,434,2440421922222,,33333333
decoder_sink,434,2440421922222,,33333333
decoder_src,434,2440421922222,,33333333
depay_src,435,2440455255555,,
parser_src,435,2440455255555,,33333333
decoder_sink,435,2440455255555,,33333333
decoder_src,435,2440455255555,,33333333
depay_src,436,2440488600000,,
parser_src,436,2440488600000,,33333333
decoder_sink,436,2440488600000,,33333333
decoder_src,436,2440488600000,,33333333
depay_src,437,2440521922222,,
parser_src,437,2440521922222,,33333333
decoder_sink,437,2440521922222,,33333333
decoder_src,437,2440521922222,,33333333
depay_src,438,2440555255555,,
parser_src,438,2440555255555,,33333333
decoder_sink,438,2440555255555,,33333333
decoder_src,438,2440555255555,,33333333
depay_src,439,2440588600000,,
parser_src,439,2440588600000,,33333333
decoder_sink,439,2440588600000,,33333333
decoder_src,439,2440588600000,,33333333
depay_src,440,2440621922222,,
parser_src,440,2440621922222,,33333333
decoder_sink,440,2440621922222,,33333333
decoder_src,440,2440621922222,,33333333
depay_src,441,2440655255555,,
parser_src,441,2440655255555,,33333333
decoder_sink,441,2440655255555,,33333333
decoder_src,441,2440655255555,,33333333
depay_src,442,2440688600000,,
parser_src,442,2440688600000,,33333333
decoder_sink,442,2440688600000,,33333333
decoder_src,442,2440688600000,,33333333
depay_src,443,2440721922222,,
parser_src,443,2440721922222,,33333333
decoder_sink,443,2440721922222,,33333333
decoder_src,443,2440721922222,,33333333
depay_src,444,2440755255555,,
parser_src,444,2440755255555,,33333333
decoder_sink,444,2440755255555,,33333333
decoder_src,444,2440755255555,,33333333
depay_src,445,2440788600000,,
parser_src,445,2440788600000,,33333333
decoder_sink,445,2440788600000,,33333333
decoder_src,445,2440788600000,,33333333
depay_src,446,2440821922222,,
parser_src,446,2440821922222,,33333333
decoder_sink,446,2440821922222,,33333333
decoder_src,446,2440821922222,,33333333
depay_src,447,2440855255555,,
parser_src,447,2440855255555,,33333333
decoder_sink,447,2440855255555,,33333333
decoder_src,447,2440855255555,,33333333
depay_src,448,2440888600000,,
parser_src,448,2440888600000,,33333333
decoder_sink,448,2440888600000,,33333333
decoder_src,448,2440888600000,,33333333
depay_src,449,2440921922222,,
parser_src,449,2440921922222,,33333333
decoder_sink,449,2440921922222,,33333333
decoder_src,449,2440921922222,,33333333
depay_src,450,2440955255555,,
parser_src,450,2440955255555,,33333333
decoder_sink,450,2440955255555,,33333333
decoder_src,450,2440955255555,,33333333
depay_src,451,2440988600000,,
parser_src,451,2440988600000,,33333333
decoder_sink,451,2440988600000,,33333333
decoder_src,451,2440988600000,,33333333
depay_src,452,2441021922222,,
parser_src,452,2441021922222,,33333333
decoder_sink,452,2441021922222,,33333333
decoder_src,452,2441021922222,,33333333
depay_src,453,2441055255555,,
parser_src,453,2441055255555,,33333333
decoder_sink,453,2441055255555,,33333333
decoder_src,453,2441055255555,,33333333
depay_src,454,2441088600000,,
parser_src,454,2441088600000,,33333333
decoder_sink,454,2441088600000,,33333333
decoder_src,454,2441088600000,,33333333
depay_src,455,2441121922222,,
parser_src,455,2441121922222,,33333333
decoder_sink,455,2441121922222,,33333333
decoder_src,455,2441121922222,,33333333
depay_src,456,2441155255555,,
parser_src,456,2441155255555,,33333333
decoder_sink,456,2441155255555,,33333333
decoder_src,456,2441155255555,,33333333
depay_src,457,2441188600000,,
parser_src,457,2441188600000,,33333333
decoder_sink,457,2441188600000,,33333333
decoder_src,457,2441188600000,,33333333
depay_src,458,2441221922222,,
parser_src,458,2441221922222,,33333333
decoder_sink,458,2441221922222,,33333333
decoder_src,458,2441221922222,,33333333
depay_src,459,2441255255555,,
parser_src,459,2441255255555,,33333333
decoder_sink,459,2441255255555,,33333333
decoder_src,459,2441255255555,,33333333
depay_src,460,2441288600000,,
parser_src,460,2441288600000,,33333333
decoder_sink,460,2441288600000,,33333333
decoder_src,460,2441288600000,,33333333
depay_src,461,2441321922222,,
parser_src,461,2441321922222,,33333333
decoder_sink,461,2441321922222,,33333333
decoder_src,461,2441321922222,,33333333
depay_src,462,2441355255555,,
parser_src,462,2441355255555,,33333333
decoder_sink,462,2441355255555,,33333333
decoder_src,462,2441355255555,,33333333
depay_src,463,2441388600000,,
parser_src,463,2441388600000,,33333333
decoder_sink,463,2441388600000,,33333333
decoder_src,463,2441388600000,,33333333
depay_src,464,2441421922222,,
parser_src,464,2441421922222,,33333333
decoder_sink,464,2441421922222,,33333333
decoder_src,464,2441421922222,,33333333
depay_src,465,2441455255555,,
parser_src,465,2441455255555,,33333333
decoder_sink,465,2441455255555,,33333333
decoder_src,465,2441455255555,,33333333
depay_src,466,2441488600000,,
parser_src,466,2441488600000,,33333333
decoder_sink,466,2441488600000,,33333333
decoder_src,466,2441488600000,,33333333
depay_src,467,2441521922222,,
parser_src,467,2441521922222,,33333333
decoder_sink,467,2441521922222,,33333333
decoder_src,467,2441521922222,,33333333
depay_src,468,2441555255555,,
parser_src,468,2441555255555,,33333333
decoder_sink,468,2441555255555,,33333333
decoder_src,468,2441555255555,,33333333
depay_src,469,2441588600000,,
parser_src,469,2441588600000,,33333333
decoder_sink,469,2441588600000,,33333333
decoder_src,469,2441588600000,,33333333
depay_src,470,2441621922222,,
parser_src,470,2441621922222,,33333333
decoder_sink,470,2441621922222,,33333333
decoder_src,470,2441621922222,,33333333
depay_src,471,2441655255555,,
parser_src,471,2441655255555,,33333333
decoder_sink,471,2441655255555,,33333333
decoder_src,471,2441655255555,,33333333
depay_src,472,2441688600000,,
parser_src,472,2441688600000,,33333333
decoder_sink,472,2441688600000,,33333333
decoder_src,472,2441688600000,,33333333
depay_src,473,2441721922222,,
parser_src,473,2441721922222,,33333333
decoder_sink,473,2441721922222,,33333333
decoder_src,473,2441721922222,,33333333
depay_src,474,2441755255555,,
parser_src,474,2441755255555,,33333333
decoder_sink,474,2441755255555,,33333333
decoder_src,474,2441755255555,,33333333
depay_src,475,2441788600000,,
parser_src,475,2441788600000,,33333333
decoder_sink,475,2441788600000,,33333333
decoder_src,475,2441788600000,,33333333
depay_src,476,2441821922222,,
parser_src,476,2441821922222,,33333333
decoder_sink,476,2441821922222,,33333333
decoder_src,476,2441821922222,,33333333
depay_src,477,2441855255555,,
parser_src,477,2441855255555,,33333333
decoder_sink,477,2441855255555,,33333333
decoder_src,477,2441855255555,,33333333
depay_src,478,2441888600000,,
parser_src,478,2441888600000,,33333333
decoder_sink,478,2441888600000,,33333333
decoder_src,478,2441888600000,,33333333
depay_src,479,2441921922222,,
parser_src,479,2441921922222,,33333333
decoder_sink,479,2441921922222,,33333333
decoder_src,479,2441921922222,,33333333
depay_src,480,2441955255555,,
parser_src,480,2441955255555,,33333333
decoder_sink,480,2441955255555,,33333333
decoder_src,480,2441955255555,,33333333
depay_src,481,2441988600000,,
parser_src,481,2441988600000,,33333333
decoder_sink,481,2441988600000,,33333333
decoder_src,481,2441988600000,,33333333
depay_src,482,2442021922222,,
parser_src,482,2442021922222,,33333333
decoder_sink,482,2442021922222,,33333333
decoder_src,482,2442021922222,,33333333
depay_src,483,2442055255555,,
parser_src,483,2442055255555,,33333333
decoder_sink,483,2442055255555,,33333333
decoder_src,483,2442055255555,,33333333
depay_src,484,2442088600000,,
parser_src,484,2442088600000,,33333333
decoder_sink,484,2442088600000,,33333333
decoder_src,484,2442088600000,,33333333
depay_src,485,2442121922222,,
parser_src,485,2442121922222,,33333333
decoder_sink,485,2442121922222,,33333333
decoder_src,485,2442121922222,,33333333
depay_src,486,2442155255555,,
parser_src,486,2442155255555,,33333333
decoder_sink,486,2442155255555,,33333333
decoder_src,486,2442155255555,,33333333
depay_src,487,2442188600000,,
parser_src,487,2442188600000,,33333333
decoder_sink,487,2442188600000,,33333333
decoder_src,487,2442188600000,,33333333
depay_src,488,2442221922222,,
parser_src,488,2442221922222,,33333333
decoder_sink,488,2442221922222,,33333333
decoder_src,488,2442221922222,,33333333
depay_src,489,2442255255555,,
parser_src,489,2442255255555,,33333333
decoder_sink,489,2442255255555,,33333333
decoder_src,489,2442255255555,,33333333
depay_src,490,2442288600000,,
parser_src,490,2442288600000,,33333333
decoder_sink,490,2442288600000,,33333333
decoder_src,490,2442288600000,,33333333
depay_src,491,2442321922222,,
parser_src,491,2442321922222,,33333333
decoder_sink,491,2442321922222,,33333333
decoder_src,491,2442321922222,,33333333
depay_src,492,2442355255555,,
parser_src,492,2442355255555,,33333333
decoder_sink,492,2442355255555,,33333333
decoder_src,492,2442355255555,,33333333
depay_src,493,2442388600000,,
parser_src,493,2442388600000,,33333333
decoder_sink,493,2442388600000,,33333333
decoder_src,493,2442388600000,,33333333
depay_src,494,2442421922222,,
parser_src,494,2442421922222,,33333333
decoder_sink,494,2442421922222,,33333333
decoder_src,494,2442421922222,,33333333
depay_src,495,2442455255555,,
parser_src,495,2442455255555,,33333333
decoder_sink,495,2442455255555,,33333333
decoder_src,495,2442455255555,,33333333
depay_src,496,2442488600000,,
parser_src,496,2442488600000,,33333333
decoder_sink,496,2442488600000,,33333333
decoder_src,496,2442488600000,,33333333
depay_src,497,2442521922222,,
parser_src,497,2442521922222,,33333333
decoder_sink,497,2442521922222,,33333333
decoder_src,497,2442521922222,,33333333
depay_src,498,2442555255555,,
parser_src,498,2442555255555,,33333333
decoder_sink,498,2442555255555,,33333333
decoder_src,498,2442555255555,,33333333
depay_src,499,2442588600000,,
parser_src,499,2442588600000,,33333333
decoder_sink,499,2442588600000,,33333333
decoder_src,499,2442588600000,,33333333
depay_src,500,2442621922222,,
parser_src,500,2442621922222,,33333333
decoder_sink,500,2442621922222,,33333333
decoder_src,500,2442621922222,,33333333
depay_src,501,2442655255555,,
parser_src,501,2442655255555,,33333333
decoder_sink,501,2442655255555,,33333333
decoder_src,501,2442655255555,,33333333
depay_src,502,2442688600000,,
parser_src,502,2442688600000,,33333333
decoder_sink,502,2442688600000,,33333333
decoder_src,502,2442688600000,,33333333
depay_src,503,2442721922222,,
parser_src,503,2442721922222,,33333333
decoder_sink,503,2442721922222,,33333333
decoder_src,503,2442721922222,,33333333
depay_src,504,2442755255555,,
parser_src,504,2442755255555,,33333333
decoder_sink,504,2442755255555,,33333333
decoder_src,504,2442755255555,,33333333
depay_src,505,2442788600000,,
parser_src,505,2442788600000,,33333333
decoder_sink,505,2442788600000,,33333333
decoder_src,505,2442788600000,,33333333
depay_src,506,2442821922222,,
parser_src,506,2442821922222,,33333333
decoder_sink,506,2442821922222,,33333333
decoder_src,506,2442821922222,,33333333
depay_src,507,2442855255555,,
parser_src,507,2442855255555,,33333333
decoder_sink,507,2442855255555,,33333333
decoder_src,507,2442855255555,,33333333
depay_src,508,2442888600000,,
parser_src,508,2442888600000,,33333333
decoder_sink,508,2442888600000,,33333333
decoder_src,508,2442888600000,,33333333
depay_src,509,2442921922222,,
parser_src,509,2442921922222,,33333333
decoder_sink,509,2442921922222,,33333333
decoder_src,509,2442921922222,,33333333
depay_src,510,2442955255555,,
parser_src,510,2442955255555,,33333333
decoder_sink,510,2442955255555,,33333333
decoder_src,510,2442955255555,,33333333
depay_src,511,2442988600000,,
parser_src,511,2442988600000,,33333333
decoder_sink,511,2442988600000,,33333333
decoder_src,511,2442988600000,,33333333
depay_src,512,2443021922222,,
parser_src,512,2443021922222,,33333333
decoder_sink,512,2443021922222,,33333333
decoder_src,512,2443021922222,,33333333
depay_src,513,2443055255555,,
parser_src,513,2443055255555,,33333333
decoder_sink,513,2443055255555,,33333333
decoder_src,513,2443055255555,,33333333
depay_src,514,2443088600000,,
parser_src,514,2443088600000,,33333333
decoder_sink,514,2443088600000,,33333333
decoder_src,514,2443088600000,,33333333
depay_src,515,2443121922222,,
parser_src,515,2443121922222,,33333333
decoder_sink,515,2443121922222,,33333333
decoder_src,515,2443121922222,,33333333
depay_src,516,2443155255555,,
parser_src,516,2443155255555,,33333333
decoder_sink,516,2443155255555,,33333333
decoder_src,516,2443155255555,,33333333
depay_src,517,2443188600000,,
parser_src,517,2443188600000,,33333333
decoder_sink,517,2443188600000,,33333333
decoder_src,517,2443188600000,,33333333
depay_src,518,2443221922222,,
parser_src,518,2443221922222,,33333333
decoder_sink,518,2443221922222,,33333333
decoder_src,518,2443221922222,,33333333
depay_src,519,2443255255555,,
parser_src,519,2443255255555,,33333333
decoder_sink,519,2443255255555,,33333333
decoder_src,519,2443255255555,,33333333
depay_src,520,2443288600000,,
parser_src,520,2443288600000,,33333333
decoder_sink,520,2443288600000,,33333333
decoder_src,520,2443288600000,,33333333
depay_src,521,2443321922222,,
parser_src,521,2443321922222,,33333333
decoder_sink,521,2443321922222,,33333333
decoder_src,521,2443321922222,,33333333
depay_src,522,2443355255555,,
parser_src,522,2443355255555,,33333333
decoder_sink,522,2443355255555,,33333333
decoder_src,522,2443355255555,,33333333
depay_src,523,2443388600000,,
parser_src,523,2443388600000,,33333333
decoder_sink,523,2443388600000,,33333333
decoder_src,523,2443388600000,,33333333
depay_src,524,2443421922222,,
parser_src,524,2443421922222,,33333333
decoder_sink,524,2443421922222,,33333333
decoder_src,524,2443421922222,,33333333
depay_src,525,2443455255555,,
parser_src,525,2443455255555,,33333333
decoder_sink,525,2443455255555,,33333333
decoder_src,525,2443455255555,,33333333
depay_src,526,2443488600000,,
parser_src,526,2443488600000,,33333333
decoder_sink,526,2443488600000,,33333333
decoder_src,526,2443488600000,,33333333
depay_src,527,2443521922222,,
parser_src,527,2443521922222,,33333333
decoder_sink,527,2443521922222,,33333333
decoder_src,527,2443521922222,,33333333
depay_src,528,2443555255555,,
parser_src,528,2443555255555,,33333333
decoder_sink,528,2443555255555,,33333333
decoder_src,528,2443555255555,,33333333
depay_src,529,2443588600000,,
parser_src,529,2443588600000,,33333333
decoder_sink,529,2443588600000,,33333333
decoder_src,529,2443588600000,,33333333
depay_src,530,2443621922222,,
parser_src,530,2443621922222,,33333333
decoder_sink,530,2443621922222,,33333333
decoder_src,530,2443621922222,,33333333
depay_src,531,2443655255555,,
parser_src,531,2443655255555,,33333333
decoder_sink,531,2443655255555,,33333333
decoder_src,531,2443655255555,,33333333
depay_src,532,2443688600000,,
parser_src,532,2443688600000,,33333333
decoder_sink,532,2443688600000,,33333333
decoder_src,532,2443688600000,,33333333
depay_src,533,2443721922222,,
parser_src,533,2443721922222,,33333333
decoder_sink,533,2443721922222,,33333333
decoder_src,533,2443721922222,,33333333
depay_src,534,2443755255555,,
parser_src,534,2443755255555,,33333333
decoder_sink,534,2443755255555,,33333333
decoder_src,534,2443755255555,,33333333
depay_src,535,2443788600000,,
parser_src,535,2443788600000,,33333333
decoder_sink,535,2443788600000,,33333333
decoder_src,535,2443788600000,,33333333
depay_src,536,2443821922222,,
parser_src,536,2443821922222,,33333333
decoder_sink,536,2443821922222,,33333333
decoder_src,536,2443821922222,,33333333
depay_src,537,2443855255555,,
parser_src,537,2443855255555,,33333333
decoder_sink,537,2443855255555,,33333333
decoder_src,537,2443855255555,,33333333
depay_src,538,2443888600000,,
parser_src,538,2443888600000,,33333333
decoder_sink,538,2443888600000,,33333333
decoder_src,538,2443888600000,,33333333
depay_src,539,2443921922222,,
parser_src,539,2443921922222,,33333333
decoder_sink,539,2443921922222,,33333333
decoder_src,539,2443921922222,,33333333
depay_src,540,2443955255555,,
parser_src,540,2443955255555,,33333333
decoder_sink,540,2443955255555,,33333333
decoder_src,540,2443955255555,,33333333
depay_src,541,2443988600000,,
parser_src,541,2443988600000,,33333333
decoder_sink,541,2443988600000,,33333333
decoder_src,541,2443988600000,,33333333
depay_src,542,2444021922222,,
parser_src,542,2444021922222,,33333333
decoder_sink,542,2444021922222,,33333333
decoder_src,542,2444021922222,,33333333
depay_src,543,2444055255555,,
parser_src,543,2444055255555,,33333333
decoder_sink,543,2444055255555,,33333333
decoder_src,543,2444055255555,,33333333
depay_src,544,2444088600000,,
parser_src,544,2444088600000,,33333333
decoder_sink,544,2444088600000,,33333333
decoder_src,544,2444088600000,,33333333
depay_src,545,2444121922222,,
parser_src,545,2444121922222,,33333333
decoder_sink,545,2444121922222,,33333333
decoder_src,545,2444121922222,,33333333
depay_src,546,2444155255555,,
parser_src,546,2444155255555,,33333333
decoder_sink,546,2444155255555,,33333333
decoder_src,546,2444155255555,,33333333
depay_src,547,2444188600000,,
parser_src,547,2444188600000,,33333333
decoder_sink,547,2444188600000,,33333333
decoder_src,547,2444188600000,,33333333
depay_src,548,2444221922222,,
parser_src,548,2444221922222,,33333333
decoder_sink,548,2444221922222,,33333333
decoder_src,548,2444221922222,,33333333
depay_src,549,2444255255555,,
parser_src,549,2444255255555,,33333333
decoder_sink,549,2444255255555,,33333333
decoder_src,549,2444255255555,,33333333
depay_src,550,2444288600000,,
parser_src,550,2444288600000,,33333333
decoder_sink,550,2444288600000,,33333333
decoder_src,550,2444288600000,,33333333
depay_src,551,2444321922222,,
parser_src,551,2444321922222,,33333333
decoder_sink,551,2444321922222,,33333333
decoder_src,551,2444321922222,,33333333
depay_src,552,2444355255555,,
parser_src,552,2444355255555,,33333333
decoder_sink,552,2444355255555,,33333333
decoder_src,552,2444355255555,,33333333
depay_src,553,2444388600000,,
parser_src,553,2444388600000,,33333333
decoder_sink,553,2444388600000,,33333333
decoder_src,553,2444388600000,,33333333
depay_src,554,2444421922222,,
parser_src,554,2444421922222,,33333333
decoder_sink,554,2444421922222,,33333333
decoder_src,554,2444421922222,,33333333
depay_src,555,2444455255555,,
parser_src,555,2444455255555,,33333333
decoder_sink,555,2444455255555,,33333333
decoder_src,555,2444455255555,,33333333
depay_src,556,2444488600000,,
parser_src,556,2444488600000,,33333333
decoder_sink,556,2444488600000,,33333333
decoder_src,556,2444488600000,,33333333
depay_src,557,2444521922222,,
parser_src,557,2444521922222,,33333333
decoder_sink,557,2444521922222,,33333333
decoder_src,557,2444521922222,,33333333
depay_src,558,2444555255555,,
parser_src,558,2444555255555,,33333333
decoder_sink,558,2444555255555,,33333333
decoder_src,558,2444555255555,,33333333
depay_src,559,2444588600000,,
parser_src,559,2444588600000,,33333333
decoder_sink,559,2444588600000,,33333333
decoder_src,559,2444588600000,,33333333
depay_src,560,2444621922222,,
parser_src,560,2444621922222,,33333333
decoder_sink,560,2444621922222,,33333333
decoder_src,560,2444621922222,,33333333
depay_src,561,2444655255555,,
parser_src,561,2444655255555,,33333333
decoder_sink,561,2444655255555,,33333333
decoder_src,561,2444655255555,,33333333
depay_src,562,2444688600000,,
parser_src,562,2444688600000,,33333333
decoder_sink,562,2444688600000,,33333333
decoder_src,562,2444688600000,,33333333
depay_src,563,2444721922222,,
parser_src,563,2444721922222,,33333333
decoder_sink,563,2444721922222,,33333333
decoder_src,563,2444721922222,,33333333
depay_src,564,2444755255555,,
parser_src,564,2444755255555,,33333333
decoder_sink,564,2444755255555,,33333333
decoder_src,564,2444755255555,,33333333
depay_src,565,2444788600000,,
parser_src,565,2444788600000,,33333333
decoder_sink,565,2444788600000,,33333333
decoder_src,565,2444788600000,,33333333
depay_src,566,2444821922222,,
parser_src,566,2444821922222,,33333333
decoder_sink,566,2444821922222,,33333333
decoder_src,566,2444821922222,,33333333
depay_src,567,2444855255555,,
parser_src,567,2444855255555,,33333333
decoder_sink,567,2444855255555,,33333333
decoder_src,567,2444855255555,,33333333
depay_src,568,2444888600000,,
parser_src,568,2444888600000,,33333333
decoder_sink,568,2444888600000,,33333333
decoder_src,568,2444888600000,,33333333
depay_src,569,2444921922222,,
parser_src,569,2444921922222,,33333333
decoder_sink,569,2444921922222,,33333333
decoder_src,569,2444921922222,,33333333
depay_src,570,2444955255555,,
parser_src,570,2444955255555,,33333333
decoder_sink,570,2444955255555,,33333333
decoder_src,570,2444955255555,,33333333
depay_src,571,2444988600000,,
parser_src,571,2444988600000,,33333333
decoder_sink,571,2444988600000,,33333333
decoder_src,571,2444988600000,,33333333
depay_src,572,2445021922222,,
parser_src,572,2445021922222,,33333333
decoder_sink,572,2445021922222,,33333333
decoder_src,572,2445021922222,,33333333
depay_src,573,2445055255555,,
parser_src,573,2445055255555,,33333333
decoder_sink,573,2445055255555,,33333333
decoder_src,573,2445055255555,,33333333
depay_src,574,2445088600000,,
parser_src,574,2445088600000,,33333333
decoder_sink,574,2445088600000,,33333333
decoder_src,574,2445088600000,,33333333
depay_src,575,2445121922222,,
parser_src,575,2445121922222,,33333333
decoder_sink,575,2445121922222,,33333333
decoder_src,575,2445121922222,,33333333
depay_src,576,2445155255555,,
parser_src,576,2445155255555,,33333333
decoder_sink,576,2445155255555,,33333333
decoder_src,576,2445155255555,,33333333
depay_src,577,2445188600000,,
parser_src,577,2445188600000,,33333333
decoder_sink,577,2445188600000,,33333333
decoder_src,577,2445188600000,,33333333
depay_src,578,2445221922222,,
parser_src,578,2445221922222,,33333333
decoder_sink,578,2445221922222,,33333333
decoder_src,578,2445221922222,,33333333
depay_src,579,2445255255555,,
parser_src,579,2445255255555,,33333333
decoder_sink,579,2445255255555,,33333333
decoder_src,579,2445255255555,,33333333
depay_src,580,2445288600000,,
parser_src,580,2445288600000,,33333333
decoder_sink,580,2445288600000,,33333333
decoder_src,580,2445288600000,,33333333
depay_src,581,2445321922222,,
parser_src,581,2445321922222,,33333333
decoder_sink,581,2445321922222,,33333333
decoder_src,581,2445321922222,,33333333
depay_src,582,2445355255555,,
parser_src,582,2445355255555,,33333333
decoder_sink,582,2445355255555,,33333333
decoder_src,582,2445355255555,,33333333
depay_src,583,2445388600000,,
parser_src,583,2445388600000,,33333333
decoder_sink,583,2445388600000,,33333333
decoder_src,583,2445388600000,,33333333
depay_src,584,2445421922222,,
parser_src,584,2445421922222,,33333333
decoder_sink,584,2445421922222,,33333333
decoder_src,584,2445421922222,,33333333
depay_src,585,2445455255555,,
parser_src,585,2445455255555,,33333333
decoder_sink,585,2445455255555,,33333333
decoder_src,585,2445455255555,,33333333
depay_src,586,2445488600000,,
parser_src,586,2445488600000,,33333333
decoder_sink,586,2445488600000,,33333333
decoder_src,586,2445488600000,,33333333
depay_src,587,2445521922222,,
parser_src,587,2445521922222,,33333333
decoder_sink,587,2445521922222,,33333333
decoder_src,587,2445521922222,,33333333
depay_src,588,2445555255555,,
parser_src,588,2445555255555,,33333333
decoder_sink,588,2445555255555,,33333333
decoder_src,588,2445555255555,,33333333
depay_src,589,2445588600000,,
parser_src,589,2445588600000,,33333333
decoder_sink,589,2445588600000,,33333333
decoder_src,589,2445588600000,,33333333
depay_src,590,2445621922222,,
parser_src,590,2445621922222,,33333333
decoder_sink,590,2445621922222,,33333333
decoder_src,590,2445621922222,,33333333
depay_src,591,2445655255555,,
parser_src,591,2445655255555,,33333333
decoder_sink,591,2445655255555,,33333333
decoder_src,591,2445655255555,,33333333
depay_src,592,2445688600000,,
parser_src,592,2445688600000,,33333333
decoder_sink,592,2445688600000,,33333333
decoder_src,592,2445688600000,,33333333
depay_src,593,2445721922222,,
parser_src,593,2445721922222,,33333333
decoder_sink,593,2445721922222,,33333333
decoder_src,593,2445721922222,,33333333
depay_src,594,2445755255555,,
parser_src,594,2445755255555,,33333333
decoder_sink,594,2445755255555,,33333333
decoder_src,594,2445755255555,,33333333
depay_src,595,2445788600000,,
parser_src,595,2445788600000,,33333333
decoder_sink,595,2445788600000,,33333333
decoder_src,595,2445788600000,,33333333
depay_src,596,2445821922222,,
parser_src,596,2445821922222,,33333333
decoder_sink,596,2445821922222,,33333333
decoder_src,596,2445821922222,,33333333
depay_src,597,2445855255555,,
parser_src,597,2445855255555,,33333333
decoder_sink,597,2445855255555,,33333333
decoder_src,597,2445855255555,,33333333
depay_src,598,2445888600000,,
parser_src,598,2445888600000,,33333333
decoder_sink,598,2445888600000,,33333333
decoder_src,598,2445888600000,,33333333
depay_src,599,2445921922222,,
parser_src,599,2445921922222,,33333333
decoder_sink,599,2445921922222,,33333333
decoder_src,599,2445921922222,,33333333
depay_src,600,2445955255555,,
parser_src,600,2445955255555,,33333333
decoder_sink,600,2445955255555,,33333333
decoder_src,600,2445955255555,,33333333
depay_src,601,2445988600000,,
parser_src,601,2445988600000,,33333333
decoder_sink,601,2445988600000,,33333333
decoder_src,601,2445988600000,,33333333
depay_src,602,2446021922222,,
parser_src,602,2446021922222,,33333333
decoder_sink,602,2446021922222,,33333333
decoder_src,602,2446021922222,,33333333
depay_src,603,2446055255555,,
parser_src,603,2446055255555,,33333333
decoder_sink,603,2446055255555,,33333333
decoder_src,603,2446055255555,,33333333
depay_src,604,2446088600000,,
parser_src,604,2446088600000,,33333333
decoder_sink,604,2446088600000,,33333333
decoder_src,604,2446088600000,,33333333
depay_src,605,2446121922222,,
parser_src,605,2446121922222,,33333333
decoder_sink,605,2446121922222,,33333333
decoder_src,605,2446121922222,,33333333
depay_src,606,2446155255555,,
parser_src,606,2446155255555,,33333333
decoder_sink,606,2446155255555,,33333333
decoder_src,606,2446155255555,,33333333
depay_src,607,2446188600000,,
parser_src,607,2446188600000,,33333333
decoder_sink,607,2446188600000,,33333333
decoder_src,607,2446188600000,,33333333
depay_src,608,2446221922222,,
parser_src,608,2446221922222,,33333333
decoder_sink,608,2446221922222,,33333333
decoder_src,608,2446221922222,,33333333
depay_src,609,2446255255555,,
parser_src,609,2446255255555,,33333333
decoder_sink,609,2446255255555,,33333333
decoder_src,609,2446255255555,,33333333
depay_src,610,2446288600000,,
parser_src,610,2446288600000,,33333333
decoder_sink,610,2446288600000,,33333333
decoder_src,610,2446288600000,,33333333
depay_src,611,2446321922222,,
parser_src,611,2446321922222,,33333333
decoder_sink,611,2446321922222,,33333333
decoder_src,611,2446321922222,,33333333
depay_src,612,2446355255555,,
parser_src,612,2446355255555,,33333333
decoder_sink,612,2446355255555,,33333333
decoder_src,612,2446355255555,,33333333
depay_src,613,2446388600000,,
parser_src,613,2446388600000,,33333333
decoder_sink,613,2446388600000,,33333333
decoder_src,613,2446388600000,,33333333
depay_src,614,2446421922222,,
parser_src,614,2446421922222,,33333333
decoder_sink,614,2446421922222,,33333333
decoder_src,614,2446421922222,,33333333
depay_src,615,2446455255555,,
parser_src,615,2446455255555,,33333333
decoder_sink,615,2446455255555,,33333333
decoder_src,615,2446455255555,,33333333
depay_src,616,2446488600000,,
parser_src,616,2446488600000,,33333333
decoder_sink,616,2446488600000,,33333333
decoder_src,616,2446488600000,,33333333
depay_src,617,2446521922222,,
parser_src,617,2446521922222,,33333333
decoder_sink,617,2446521922222,,33333333
decoder_src,617,2446521922222,,33333333
depay_src,618,2446555255555,,
parser_src,618,2446555255555,,33333333
decoder_sink,618,2446555255555,,33333333
decoder_src,618,2446555255555,,33333333
depay_src,619,2446588600000,,
parser_src,619,2446588600000,,33333333
decoder_sink,619,2446588600000,,33333333
decoder_src,619,2446588600000,,33333333
depay_src,620,2446621922222,,
parser_src,620,2446621922222,,33333333
decoder_sink,620,2446621922222,,33333333
decoder_src,620,2446621922222,,33333333
depay_src,621,2446655255555,,
parser_src,621,2446655255555,,33333333
decoder_sink,621,2446655255555,,33333333
decoder_src,621,2446655255555,,33333333
depay_src,622,2446688600000,,
parser_src,622,2446688600000,,33333333
decoder_sink,622,2446688600000,,33333333
decoder_src,622,2446688600000,,33333333
depay_src,623,2446721922222,,
parser_src,623,2446721922222,,33333333
decoder_sink,623,2446721922222,,33333333
decoder_src,623,2446721922222,,33333333
depay_src,624,2446755255555,,
parser_src,624,2446755255555,,33333333
decoder_sink,624,2446755255555,,33333333
decoder_src,624,2446755255555,,33333333
depay_src,625,2446788600000,,
parser_src,625,2446788600000,,33333333
decoder_sink,625,2446788600000,,33333333
decoder_src,625,2446788600000,,33333333
depay_src,626,2446821922222,,
parser_src,626,2446821922222,,33333333
decoder_sink,626,2446821922222,,33333333
decoder_src,626,2446821922222,,33333333
depay_src,627,2446855255555,,
parser_src,627,2446855255555,,33333333
decoder_sink,627,2446855255555,,33333333
decoder_src,627,2446855255555,,33333333
depay_src,628,2446888600000,,
parser_src,628,2446888600000,,33333333
decoder_sink,628,2446888600000,,33333333
decoder_src,628,2446888600000,,33333333
depay_src,629,2446921922222,,
parser_src,629,2446921922222,,33333333
decoder_sink,629,2446921922222,,33333333
decoder_src,629,2446921922222,,33333333
depay_src,630,2446955255555,,
parser_src,630,2446955255555,,33333333
decoder_sink,630,2446955255555,,33333333
decoder_src,630,2446955255555,,33333333
depay_src,631,2446988600000,,
parser_src,631,2446988600000,,33333333
decoder_sink,631,2446988600000,,33333333
decoder_src,631,2446988600000,,33333333
depay_src,632,2447021922222,,
parser_src,632,2447021922222,,33333333
decoder_sink,632,2447021922222,,33333333
decoder_src,632,2447021922222,,33333333
depay_src,633,2447055255555,,
parser_src,633,2447055255555,,33333333
decoder_sink,633,2447055255555,,33333333
decoder_src,633,2447055255555,,33333333
depay_src,634,2447088600000,,
parser_src,634,2447088600000,,33333333
decoder_sink,634,2447088600000,,33333333
decoder_src,634,2447088600000,,33333333
depay_src,635,2447121922222,,
parser_src,635,2447121922222,,33333333
decoder_sink,635,2447121922222,,33333333
decoder_src,635,2447121922222,,33333333
depay_src,636,2447155255555,,
parser_src,636,2447155255555,,33333333
decoder_sink,636,2447155255555,,33333333
decoder_src,636,2447155255555,,33333333
depay_src,637,2447188600000,,
parser_src,637,2447188600000,,33333333
decoder_sink,637,2447188600000,,33333333
decoder_src,637,2447188600000,,33333333
depay_src,638,2447221922222,,
parser_src,638,2447221922222,,33333333
decoder_sink,638,2447221922222,,33333333
decoder_src,638,2447221922222,,33333333
depay_src,639,2447255255555,,
parser_src,639,2447255255555,,33333333
decoder_sink,639,2447255255555,,33333333
decoder_src,639,2447255255555,,33333333
depay_src,640,2447288600000,,
parser_src,640,2447288600000,,33333333
decoder_sink,640,2447288600000,,33333333
decoder_src,640,2447288600000,,33333333
depay_src,641,2447321922222,,
parser_src,641,2447321922222,,33333333
decoder_sink,641,2447321922222,,33333333
decoder_src,641,2447321922222,,33333333
depay_src,642,2447355255555,,
parser_src,642,2447355255555,,33333333
decoder_sink,642,2447355255555,,33333333
decoder_src,642,2447355255555,,33333333
depay_src,643,2447388600000,,
parser_src,643,2447388600000,,33333333
decoder_sink,643,2447388600000,,33333333
decoder_src,643,2447388600000,,33333333
depay_src,644,2447421922222,,
parser_src,644,2447421922222,,33333333
decoder_sink,644,2447421922222,,33333333
decoder_src,644,2447421922222,,33333333
depay_src,645,2447455255555,,
parser_src,645,2447455255555,,33333333
decoder_sink,645,2447455255555,,33333333
decoder_src,645,2447455255555,,33333333
depay_src,646,2447488600000,,
parser_src,646,2447488600000,,33333333
decoder_sink,646,2447488600000,,33333333
decoder_src,646,2447488600000,,33333333
depay_src,647,2447521922222,,
parser_src,647,2447521922222,,33333333
decoder_sink,647,2447521922222,,33333333
decoder_src,647,2447521922222,,33333333
depay_src,648,2447555255555,,
parser_src,648,2447555255555,,33333333
decoder_sink,648,2447555255555,,33333333
decoder_src,648,2447555255555,,33333333
depay_src,649,2447588600000,,
parser_src,649,2447588600000,,33333333
decoder_sink,649,2447588600000,,33333333
decoder_src,649,2447588600000,,33333333
depay_src,650,2447621922222,,
parser_src,650,2447621922222,,33333333
decoder_sink,650,2447621922222,,33333333
decoder_src,650,2447621922222,,33333333
depay_src,651,2447655255555,,
parser_src,651,2447655255555,,33333333
decoder_sink,651,2447655255555,,33333333
decoder_src,651,2447655255555,,33333333
depay_src,652,2447688600000,,
parser_src,652,2447688600000,,33333333
decoder_sink,652,2447688600000,,33333333
decoder_src,652,2447688600000,,33333333
depay_src,653,2447721922222,,
parser_src,653,2447721922222,,33333333
decoder_sink,653,2447721922222,,33333333
decoder_src,653,2447721922222,,33333333
depay_src,654,2447755255555,,
parser_src,654,2447755255555,,33333333
decoder_sink,654,2447755255555,,33333333
decoder_src,654,2447755255555,,33333333
depay_src,655,2447788600000,,
parser_src,655,2447788600000,,33333333
decoder_sink,655,2447788600000,,33333333
decoder_src,655,2447788600000,,33333333
depay_src,656,2447821922222,,
parser_src,656,2447821922222,,33333333
decoder_sink,656,2447821922222,,33333333
decoder_src,656,2447821922222,,33333333
depay_src,657,2447855255555,,
parser_src,657,2447855255555,,33333333
decoder_sink,657,2447855255555,,33333333
decoder_src,657,2447855255555,,33333333
depay_src,658,2447888600000,,
parser_src,658,2447888600000,,33333333
decoder_sink,658,2447888600000,,33333333
decoder_src,658,2447888600000,,33333333
depay_src,659,2447921922222,,
parser_src,659,2447921922222,,33333333
decoder_sink,659,2447921922222,,33333333
decoder_src,659,2447921922222,,33333333
depay_src,660,2447955255555,,
parser_src,660,2447955255555,,33333333
decoder_sink,660,2447955255555,,33333333
decoder_src,660,2447955255555,,33333333
depay_src,661,2447988600000,,
parser_src,661,2447988600000,,33333333
decoder_sink,661,2447988600000,,33333333
decoder_src,661,2447988600000,,33333333
depay_src,662,2448021922222,,
parser_src,662,2448021922222,,33333333
decoder_sink,662,2448021922222,,33333333
decoder_src,662,2448021922222,,33333333
depay_src,663,2448055255555,,
parser_src,663,2448055255555,,33333333
decoder_sink,663,2448055255555,,33333333
decoder_src,663,2448055255555,,33333333
depay_src,664,2448088600000,,
parser_src,664,2448088600000,,33333333
decoder_sink,664,2448088600000,,33333333
decoder_src,664,2448088600000,,33333333
depay_src,665,2448121922222,,
parser_src,665,2448121922222,,33333333
decoder_sink,665,2448121922222,,33333333
decoder_src,665,2448121922222,,33333333
depay_src,666,2448155255555,,
parser_src,666,2448155255555,,33333333
decoder_sink,666,2448155255555,,33333333
decoder_src,666,2448155255555,,33333333
depay_src,667,2448188600000,,
parser_src,667,2448188600000,,33333333
decoder_sink,667,2448188600000,,33333333
decoder_src,667,2448188600000,,33333333
depay_src,668,2448221922222,,
parser_src,668,2448221922222,,33333333
decoder_sink,668,2448221922222,,33333333
decoder_src,668,2448221922222,,33333333
depay_src,669,2448255255555,,
parser_src,669,2448255255555,,33333333
decoder_sink,669,2448255255555,,33333333
decoder_src,669,2448255255555,,33333333
depay_src,670,2448288600000,,
parser_src,670,2448288600000,,33333333
decoder_sink,670,2448288600000,,33333333
decoder_src,670,2448288600000,,33333333
depay_src,671,2448321922222,,
parser_src,671,2448321922222,,33333333
decoder_sink,671,2448321922222,,33333333
decoder_src,671,2448321922222,,33333333
depay_src,672,2448355255555,,
parser_src,672,2448355255555,,33333333
decoder_sink,672,2448355255555,,33333333
decoder_src,672,2448355255555,,33333333
depay_src,673,2448388600000,,
parser_src,673,2448388600000,,33333333
decoder_sink,673,2448388600000,,33333333
decoder_src,673,2448388600000,,33333333
depay_src,674,2448421922222,,
parser_src,674,2448421922222,,33333333
decoder_sink,674,2448421922222,,33333333
decoder_src,674,2448421922222,,33333333
depay_src,675,2448455255555,,
parser_src,675,2448455255555,,33333333
decoder_sink,675,2448455255555,,33333333
decoder_src,675,2448455255555,,33333333
depay_src,676,2448488600000,,
parser_src,676,2448488600000,,33333333
decoder_sink,676,2448488600000,,33333333
decoder_src,676,2448488600000,,33333333
depay_src,677,2448521922222,,
parser_src,677,2448521922222,,33333333
decoder_sink,677,2448521922222,,33333333
decoder_src,677,2448521922222,,33333333
depay_src,678,2448555255555,,
parser_src,678,2448555255555,,33333333
decoder_sink,678,2448555255555,,33333333
decoder_src,678,2448555255555,,33333333
depay_src,679,2448588600000,,
parser_src,679,2448588600000,,33333333
decoder_sink,679,2448588600000,,33333333
decoder_src,679,2448588600000,,33333333
depay_src,680,2448621922222,,
parser_src,680,2448621922222,,33333333
decoder_sink,680,2448621922222,,33333333
decoder_src,680,2448621922222,,33333333
depay_src,681,2448655255555,,
parser_src,681,2448655255555,,33333333
decoder_sink,681,2448655255555,,33333333
decoder_src,681,2448655255555,,33333333
depay_src,682,2448688600000,,
parser_src,682,2448688600000,,33333333
decoder_sink,682,2448688600000,,33333333
decoder_src,682,2448688600000,,33333333
depay_src,683,2448721922222,,
parser_src,683,2448721922222,,33333333
decoder_sink,683,2448721922222,,33333333
decoder_src,683,2448721922222,,33333333
depay_src,684,2448755255555,,
parser_src,684,2448755255555,,33333333
decoder_sink,684,2448755255555,,33333333
decoder_src,684,2448755255555,,33333333
depay_src,685,2448788600000,,
parser_src,685,2448788600000,,33333333
decoder_sink,685,2448788600000,,33333333
decoder_src,685,2448788600000,,33333333
depay_src,686,2448821922222,,
parser_src,686,2448821922222,,33333333
decoder_sink,686,2448821922222,,33333333
decoder_src,686,2448821922222,,33333333
depay_src,687,2448855255555,,
parser_src,687,2448855255555,,33333333
decoder_sink,687,2448855255555,,33333333
decoder_src,687,2448855255555,,33333333
depay_src,688,2448888600000,,
parser_src,688,2448888600000,,33333333
decoder_sink,688,2448888600000,,33333333
decoder_src,688,2448888600000,,33333333
depay_src,689,2448921922222,,
parser_src,689,2448921922222,,33333333
decoder_sink,689,2448921922222,,33333333
decoder_src,689,2448921922222,,33333333
depay_src,690,2448955255555,,
parser_src,690,2448955255555,,33333333
decoder_sink,690,2448955255555,,33333333
decoder_src,690,2448955255555,,33333333
depay_src,691,2448988600000,,
parser_src,691,2448988600000,,33333333
decoder_sink,691,2448988600000,,33333333
decoder_src,691,2448988600000,,33333333
depay_src,692,2449021922222,,
parser_src,692,2449021922222,,33333333
decoder_sink,692,2449021922222,,33333333
decoder_src,692,2449021922222,,33333333
depay_src,693,2449055255555,,
parser_src,693,2449055255555,,33333333
decoder_sink,693,2449055255555,,33333333
decoder_src,693,2449055255555,,33333333
depay_src,694,2449088600000,,
parser_src,694,2449088600000,,33333333
decoder_sink,694,2449088600000,,33333333
decoder_src,694,2449088600000,,33333333
depay_src,695,2449121922222,,
parser_src,695,2449121922222,,33333333
decoder_sink,695,2449121922222,,33333333
decoder_src,695,2449121922222,,33333333
depay_src,696,2449155255555,,
parser_src,696,2449155255555,,33333333
decoder_sink,696,2449155255555,,33333333
decoder_src,696,2449155255555,,33333333
depay_src,697,2449188600000,,
parser_src,697,2449188600000,,33333333
decoder_sink,697,2449188600000,,33333333
decoder_src,697,2449188600000,,33333333
depay_src,698,2449221922222,,
parser_src,698,2449221922222,,33333333
decoder_sink,698,2449221922222,,33333333
decoder_src,698,2449221922222,,33333333
depay_src,699,2449255255555,,
parser_src,699,2449255255555,,33333333
decoder_sink,699,2449255255555,,33333333
decoder_src,699,2449255255555,,33333333
depay_src,700,2449288600000,,
parser_src,700,2449288600000,,33333333
decoder_sink,700,2449288600000,,33333333
decoder_src,700,2449288600000,,33333333
depay_src,701,2449321922222,,
parser_src,701,2449321922222,,33333333
decoder_sink,701,2449321922222,,33333333
decoder_src,701,2449321922222,,33333333
depay_src,702,2449355255555,,
parser_src,702,2449355255555,,33333333
decoder_sink,702,2449355255555,,33333333
decoder_src,702,2449355255555,,33333333
depay_src,703,2449388600000,,
parser_src,703,2449388600000,,33333333
decoder_sink,703,2449388600000,,33333333
decoder_src,703,2449388600000,,33333333
depay_src,704,2449421922222,,
parser_src,704,2449421922222,,33333333
decoder_sink,704,2449421922222,,33333333
decoder_src,704,2449421922222,,33333333
depay_src,705,2449455255555,,
parser_src,705,2449455255555,,33333333
decoder_sink,705,2449455255555,,33333333
decoder_src,705,2449455255555,,33333333
depay_src,706,2449488600000,,
parser_src,706,2449488600000,,33333333
decoder_sink,706,2449488600000,,33333333
decoder_src,706,2449488600000,,33333333
depay_src,707,2449521922222,,
parser_src,707,2449521922222,,33333333
decoder_sink,707,2449521922222,,33333333
decoder_src,707,2449521922222,,33333333
depay_src,708,2449555255555,,
parser_src,708,2449555255555,,33333333
decoder_sink,708,2449555255555,,33333333
decoder_src,708,2449555255555,,33333333
depay_src,709,2449588600000,,
parser_src,709,2449588600000,,33333333
decoder_sink,709,2449588600000,,33333333
decoder_src,709,2449588600000,,33333333
depay_src,710,2449621922222,,
parser_src,710,2449621922222,,33333333
decoder_sink,710,2449621922222,,33333333
decoder_src,710,2449621922222,,33333333
depay_src,711,2449655255555,,
parser_src,711,2449655255555,,33333333
decoder_sink,711,2449655255555,,33333333
decoder_src,711,2449655255555,,33333333
depay_src,712,2449688600000,,
parser_src,712,2449688600000,,33333333
decoder_sink,712,2449688600000,,33333333
decoder_src,712,2449688600000,,33333333
depay_src,713,2449721922222,,
parser_src,713,2449721922222,,33333333
decoder_sink,713,2449721922222,,33333333
decoder_src,713,2449721922222,,33333333
depay_src,714,2449755255555,,
parser_src,714,2449755255555,,33333333
decoder_sink,714,2449755255555,,33333333
decoder_src,714,2449755255555,,33333333
depay_src,715,2449788600000,,
parser_src,715,2449788600000,,33333333
decoder_sink,715,2449788600000,,33333333
decoder_src,715,2449788600000,,33333333
depay_src,716,2449821922222,,
parser_src,716,2449821922222,,33333333
decoder_sink,716,2449821922222,,33333333
decoder_src,716,2449821922222,,33333333
depay_src,717,2449855255555,,
parser_src,717,2449855255555,,33333333
decoder_sink,717,2449855255555,,33333333
decoder_src,717,2449855255555,,33333333
depay_src,718,2449888600000,,
parser_src,718,2449888600000,,33333333
decoder_sink,718,2449888600000,,33333333
decoder_src,718,2449888600000,,33333333
depay_src,719,2449921922222,,
parser_src,719,2449921922222,,33333333
decoder_sink,719,2449921922222,,33333333
decoder_src,719,2449921922222,,33333333
depay_src,720,2449955255555,,
parser_src,720,2449955255555,,33333333
decoder_sink,720,2449955255555,,33333333
decoder_src,720,2449955255555,,33333333
depay_src,721,2449988600000,,
parser_src,721,2449988600000,,33333333
decoder_sink,721,2449988600000,,33333333
decoder_src,721,2449988600000,,33333333
depay_src,722,2450021922222,,
parser_src,722,2450021922222,,33333333
decoder_sink,722,2450021922222,,33333333
decoder_src,722,2450021922222,,33333333
depay_src,723,2450055255555,,
parser_src,723,2450055255555,,33333333
decoder_sink,723,2450055255555,,33333333
decoder_src,723,2450055255555,,33333333
depay_src,724,2450088600000,,
parser_src,724,2450088600000,,33333333
decoder_sink,724,2450088600000,,33333333
decoder_src,724,2450088600000,,33333333
depay_src,725,2450121922222,,
parser_src,725,2450121922222,,33333333
decoder_sink,725,2450121922222,,33333333
decoder_src,725,2450121922222,,33333333
depay_src,726,2450155255555,,
parser_src,726,2450155255555,,33333333
decoder_sink,726,2450155255555,,33333333
decoder_src,726,2450155255555,,33333333
depay_src,727,2450188600000,,
parser_src,727,2450188600000,,33333333
decoder_sink,727,2450188600000,,33333333
decoder_src,727,2450188600000,,33333333
depay_src,728,2450221922222,,
parser_src,728,2450221922222,,33333333
decoder_sink,728,2450221922222,,33333333
decoder_src,728,2450221922222,,33333333
depay_src,729,2450255255555,,
parser_src,729,2450255255555,,33333333
decoder_sink,729,2450255255555,,33333333
decoder_src,729,2450255255555,,33333333
depay_src,730,2450288600000,,
parser_src,730,2450288600000,,33333333
decoder_sink,730,2450288600000,,33333333
decoder_src,730,2450288600000,,33333333
depay_src,731,2450321922222,,
parser_src,731,2450321922222,,33333333
decoder_sink,731,2450321922222,,33333333
decoder_src,731,2450321922222,,33333333
depay_src,732,2450355255555,,
parser_src,732,2450355255555,,33333333
decoder_sink,732,2450355255555,,33333333
decoder_src,732,2450355255555,,33333333
depay_src,733,2450388600000,,
parser_src,733,2450388600000,,33333333
decoder_sink,733,2450388600000,,33333333
decoder_src,733,2450388600000,,33333333
depay_src,734,2450421922222,,
parser_src,734,2450421922222,,33333333
decoder_sink,734,2450421922222,,33333333
decoder_src,734,2450421922222,,33333333
depay_src,735,2450455255555,,
parser_src,735,2450455255555,,33333333
decoder_sink,735,2450455255555,,33333333
decoder_src,735,2450455255555,,33333333
depay_src,736,2450488600000,,
parser_src,736,2450488600000,,33333333
decoder_sink,736,2450488600000,,33333333
decoder_src,736,2450488600000,,33333333
depay_src,737,2450521922222,,
parser_src,737,2450521922222,,33333333
decoder_sink,737,2450521922222,,33333333
decoder_src,737,2450521922222,,33333333
depay_src,738,2450555255555,,
parser_src,738,2450555255555,,33333333
decoder_sink,738,2450555255555,,33333333
decoder_src,738,2450555255555,,33333333
depay_src,739,2450588600000,,
parser_src,739,2450588600000,,33333333
decoder_sink,739,2450588600000,,33333333
decoder_src,739,2450588600000,,33333333
depay_src,740,2450621922222,,
parser_src,740,2450621922222,,33333333
decoder_sink,740,2450621922222,,33333333
decoder_src,740,2450621922222,,33333333
depay_src,741,2450655255555,,
parser_src,741,2450655255555,,33333333
decoder_sink,741,2450655255555,,33333333
decoder_src,741,2450655255555,,33333333
depay_src,742,2450688600000,,
parser_src,742,2450688600000,,33333333
decoder_sink,742,2450688600000,,33333333
decoder_src,742,2450688600000,,33333333
depay_src,743,2450721922222,,
parser_src,743,2450721922222,,33333333
decoder_sink,743,2450721922222,,33333333
decoder_src,743,2450721922222,,33333333
depay_src,744,2450755255555,,
parser_src,744,2450755255555,,33333333
decoder_sink,744,2450755255555,,33333333
decoder_src,744,2450755255555,,33333333
depay_src,745,2450788600000,,
parser_src,745,2450788600000,,33333333
decoder_sink,745,2450788600000,,33333333
decoder_src,745,2450788600000,,33333333
depay_src,746,2450821922222,,
parser_src,746,2450821922222,,33333333
decoder_sink,746,2450821922222,,33333333
decoder_src,746,2450821922222,,33333333
depay_src,747,2450855255555,,
parser_src,747,2450855255555,,33333333
decoder_sink,747,2450855255555,,33333333
decoder_src,747,2450855255555,,33333333
depay_src,748,2450888600000,,
parser_src,748,2450888600000,,33333333
decoder_sink,748,2450888600000,,33333333
decoder_src,748,2450888600000,,33333333
depay_src,749,2450921922222,,
parser_src,749,2450921922222,,33333333
decoder_sink,749,2450921922222,,33333333
decoder_src,749,2450921922222,,33333333
depay_src,750,2450955255555,,
parser_src,750,2450955255555,,33333333
decoder_sink,750,2450955255555,,33333333
decoder_src,750,2450955255555,,33333333
depay_src,751,2450988600000,,
parser_src,751,2450988600000,,33333333
decoder_sink,751,2450988600000,,33333333
decoder_src,751,2450988600000,,33333333
depay_src,752,2451021922222,,
parser_src,752,2451021922222,,33333333
decoder_sink,752,2451021922222,,33333333
decoder_src,752,2451021922222,,33333333
depay_src,753,2451055255555,,
parser_src,753,2451055255555,,33333333
decoder_sink,753,2451055255555,,33333333
decoder_src,753,2451055255555,,33333333
depay_src,754,2451088600000,,
parser_src,754,2451088600000,,33333333
decoder_sink,754,2451088600000,,33333333
decoder_src,754,2451088600000,,33333333
depay_src,755,2451121922222,,
parser_src,755,2451121922222,,33333333
decoder_sink,755,2451121922222,,33333333
decoder_src,755,2451121922222,,33333333
depay_src,756,2451155255555,,
parser_src,756,2451155255555,,33333333
decoder_sink,756,2451155255555,,33333333
decoder_src,756,2451155255555,,33333333
depay_src,757,2451188600000,,
parser_src,757,2451188600000,,33333333
decoder_sink,757,2451188600000,,33333333
decoder_src,757,2451188600000,,33333333
depay_src,758,2451221922222,,
parser_src,758,2451221922222,,33333333
decoder_sink,758,2451221922222,,33333333
decoder_src,758,2451221922222,,33333333
depay_src,759,2451255255555,,
parser_src,759,2451255255555,,33333333
decoder_sink,759,2451255255555,,33333333
decoder_src,759,2451255255555,,33333333
depay_src,760,2451288600000,,
parser_src,760,2451288600000,,33333333
decoder_sink,760,2451288600000,,33333333
decoder_src,760,2451288600000,,33333333
depay_src,761,2451321922222,,
parser_src,761,2451321922222,,33333333
decoder_sink,761,2451321922222,,33333333
decoder_src,761,2451321922222,,33333333
depay_src,762,2451355255555,,
parser_src,762,2451355255555,,33333333
decoder_sink,762,2451355255555,,33333333
decoder_src,762,2451355255555,,33333333
depay_src,763,2451388600000,,
parser_src,763,2451388600000,,33333333
decoder_sink,763,2451388600000,,33333333
decoder_src,763,2451388600000,,33333333
depay_src,764,2451421922222,,
parser_src,764,2451421922222,,33333333
decoder_sink,764,2451421922222,,33333333
decoder_src,764,2451421922222,,33333333
depay_src,765,2451455255555,,
parser_src,765,2451455255555,,33333333
decoder_sink,765,2451455255555,,33333333
decoder_src,765,2451455255555,,33333333
depay_src,766,2451488600000,,
parser_src,766,2451488600000,,33333333
decoder_sink,766,2451488600000,,33333333
decoder_src,766,2451488600000,,33333333
depay_src,767,2451521922222,,
parser_src,767,2451521922222,,33333333
decoder_sink,767,2451521922222,,33333333
decoder_src,767,2451521922222,,33333333
depay_src,768,2451555255555,,
parser_src,768,2451555255555,,33333333
decoder_sink,768,2451555255555,,33333333
decoder_src,768,2451555255555,,33333333
depay_src,769,2451588600000,,
parser_src,769,2451588600000,,33333333
decoder_sink,769,2451588600000,,33333333
decoder_src,769,2451588600000,,33333333
depay_src,770,2451621922222,,
parser_src,770,2451621922222,,33333333
decoder_sink,770,2451621922222,,33333333
decoder_src,770,2451621922222,,33333333
depay_src,771,2451655255555,,
parser_src,771,2451655255555,,33333333
decoder_sink,771,2451655255555,,33333333
decoder_src,771,2451655255555,,33333333
depay_src,772,2451688600000,,
parser_src,772,2451688600000,,33333333
decoder_sink,772,2451688600000,,33333333
decoder_src,772,2451688600000,,33333333
depay_src,773,2451721922222,,
parser_src,773,2451721922222,,33333333
decoder_sink,773,2451721922222,,33333333
decoder_src,773,2451721922222,,33333333
depay_src,774,2451755255555,,
parser_src,774,2451755255555,,33333333
decoder_sink,774,2451755255555,,33333333
decoder_src,774,2451755255555,,33333333
depay_src,775,2451788600000,,
parser_src,775,2451788600000,,33333333
decoder_sink,775,2451788600000,,33333333
decoder_src,775,2451788600000,,33333333
depay_src,776,2451821922222,,
parser_src,776,2451821922222,,33333333
decoder_sink,776,2451821922222,,33333333
decoder_src,776,2451821922222,,33333333
depay_src,777,2451855255555,,
parser_src,777,2451855255555,,33333333
decoder_sink,777,2451855255555,,33333333
decoder_src,777,2451855255555,,33333333
depay_src,778,2451888600000,,
parser_src,778,2451888600000,,33333333
decoder_sink,778,2451888600000,,33333333
decoder_src,778,2451888600000,,33333333
depay_src,779,2451921922222,,
parser_src,779,2451921922222,,33333333
decoder_sink,779,2451921922222,,33333333
decoder_src,779,2451921922222,,33333333
depay_src,780,2451955255555,,
parser_src,780,2451955255555,,33333333
decoder_sink,780,2451955255555,,33333333
decoder_src,780,2451955255555,,33333333
depay_src,781,2451988600000,,
parser_src,781,2451988600000,,33333333
decoder_sink,781,2451988600000,,33333333
decoder_src,781,2451988600000,,33333333
depay_src,782,2452021922222,,
parser_src,782,2452021922222,,33333333
decoder_sink,782,2452021922222,,33333333
decoder_src,782,2452021922222,,33333333
depay_src,783,2452055255555,,
parser_src,783,2452055255555,,33333333
decoder_sink,783,2452055255555,,33333333
decoder_src,783,2452055255555,,33333333
depay_src,784,2452088600000,,
parser_src,784,2452088600000,,33333333
decoder_sink,784,2452088600000,,33333333
decoder_src,784,2452088600000,,33333333
depay_src,785,2452121922222,,
parser_src,785,2452121922222,,33333333
decoder_sink,785,2452121922222,,33333333
decoder_src,785,2452121922222,,33333333
depay_src,786,2452155255555,,
parser_src,786,2452155255555,,33333333
decoder_sink,786,2452155255555,,33333333
decoder_src,786,2452155255555,,33333333
depay_src,787,2452188600000,,
parser_src,787,2452188600000,,33333333
decoder_sink,787,2452188600000,,33333333
decoder_src,787,2452188600000,,33333333
depay_src,788,2452221922222,,
parser_src,788,2452221922222,,33333333
decoder_sink,788,2452221922222,,33333333
decoder_src,788,2452221922222,,33333333
depay_src,789,2452255255555,,
parser_src,789,2452255255555,,33333333
decoder_sink,789,2452255255555,,33333333
decoder_src,789,2452255255555,,33333333
depay_src,790,2452288600000,,
parser_src,790,2452288600000,,33333333
decoder_sink,790,2452288600000,,33333333
decoder_src,790,2452288600000,,33333333
depay_src,791,2452321922222,,
parser_src,791,2452321922222,,33333333
decoder_sink,791,2452321922222,,33333333
decoder_src,791,2452321922222,,33333333
depay_src,792,2452355255555,,
parser_src,792,2452355255555,,33333333
decoder_sink,792,2452355255555,,33333333
decoder_src,792,2452355255555,,33333333
depay_src,793,2452388600000,,
parser_src,793,2452388600000,,33333333
decoder_sink,793,2452388600000,,33333333
decoder_src,793,2452388600000,,33333333
depay_src,794,2452421922222,,
parser_src,794,2452421922222,,33333333
decoder_sink,794,2452421922222,,33333333
decoder_src,794,2452421922222,,33333333
depay_src,795,2452455255555,,
parser_src,795,2452455255555,,33333333
decoder_sink,795,2452455255555,,33333333
decoder_src,795,2452455255555,,33333333
depay_src,796,2452488600000,,
parser_src,796,2452488600000,,33333333
decoder_sink,796,2452488600000,,33333333
decoder_src,796,2452488600000,,33333333
depay_src,797,2452521922222,,
parser_src,797,2452521922222,,33333333
decoder_sink,797,2452521922222,,33333333
decoder_src,797,2452521922222,,33333333
depay_src,798,2452555255555,,
parser_src,798,2452555255555,,33333333
decoder_sink,798,2452555255555,,33333333
decoder_src,798,2452555255555,,33333333
depay_src,799,2452588600000,,
parser_src,799,2452588600000,,33333333
decoder_sink,799,2452588600000,,33333333
decoder_src,799,2452588600000,,33333333
depay_src,800,2452621922222,,
parser_src,800,2452621922222,,33333333
decoder_sink,800,2452621922222,,33333333
decoder_src,800,2452621922222,,33333333
depay_src,801,2452655255555,,
parser_src,801,2452655255555,,33333333
decoder_sink,801,2452655255555,,33333333
decoder_src,801,2452655255555,,33333333
depay_src,802,2452688600000,,
parser_src,802,2452688600000,,33333333
decoder_sink,802,2452688600000,,33333333
decoder_src,802,2452688600000,,33333333
depay_src,803,2452721922222,,
parser_src,803,2452721922222,,33333333
decoder_sink,803,2452721922222,,33333333
decoder_src,803,2452721922222,,33333333
depay_src,804,2452755255555,,
parser_src,804,2452755255555,,33333333
decoder_sink,804,2452755255555,,33333333
decoder_src,804,2452755255555,,33333333
depay_src,805,2452788600000,,
parser_src,805,2452788600000,,33333333
decoder_sink,805,2452788600000,,33333333
decoder_src,805,2452788600000,,33333333
depay_src,806,2452821922222,,
parser_src,806,2452821922222,,33333333
decoder_sink,806,2452821922222,,33333333
decoder_src,806,2452821922222,,33333333
depay_src,807,2452855255555,,
parser_src,807,2452855255555,,33333333
decoder_sink,807,2452855255555,,33333333
decoder_src,807,2452855255555,,33333333
depay_src,808,2452888600000,,
parser_src,808,2452888600000,,33333333
decoder_sink,808,2452888600000,,33333333
decoder_src,808,2452888600000,,33333333
depay_src,809,2452921922222,,
parser_src,809,2452921922222,,33333333
decoder_sink,809,2452921922222,,33333333
decoder_src,809,2452921922222,,33333333
depay_src,810,2452955255555,,
parser_src,810,2452955255555,,33333333
decoder_sink,810,2452955255555,,33333333
decoder_src,810,2452955255555,,33333333
depay_src,811,2452988600000,,
parser_src,811,2452988600000,,33333333
decoder_sink,811,2452988600000,,33333333
decoder_src,811,2452988600000,,33333333
depay_src,812,2453021922222,,
parser_src,812,2453021922222,,33333333
decoder_sink,812,2453021922222,,33333333
decoder_src,812,2453021922222,,33333333
depay_src,813,2453055255555,,
parser_src,813,2453055255555,,33333333
decoder_sink,813,2453055255555,,33333333
decoder_src,813,2453055255555,,33333333
depay_src,814,2453088600000,,
parser_src,814,2453088600000,,33333333
decoder_sink,814,2453088600000,,33333333
decoder_src,814,2453088600000,,33333333
depay_src,815,2453121922222,,
parser_src,815,2453121922222,,33333333
decoder_sink,815,2453121922222,,33333333
decoder_src,815,2453121922222,,33333333
depay_src,816,2453155255555,,
parser_src,816,2453155255555,,33333333
decoder_sink,816,2453155255555,,33333333
decoder_src,816,2453155255555,,33333333
depay_src,817,2453188600000,,
parser_src,817,2453188600000,,33333333
decoder_sink,817,2453188600000,,33333333
decoder_src,817,2453188600000,,33333333
depay_src,818,2453221922222,,
parser_src,818,2453221922222,,33333333
decoder_sink,818,2453221922222,,33333333
decoder_src,818,2453221922222,,33333333
depay_src,819,2453255255555,,
parser_src,819,2453255255555,,33333333
decoder_sink,819,2453255255555,,33333333
decoder_src,819,2453255255555,,33333333
depay_src,820,2453288600000,,
parser_src,820,2453288600000,,33333333
decoder_sink,820,2453288600000,,33333333
decoder_src,820,2453288600000,,33333333
depay_src,821,2453321922222,,
parser_src,821,2453321922222,,33333333
decoder_sink,821,2453321922222,,33333333
decoder_src,821,2453321922222,,33333333
depay_src,822,2453355255555,,
parser_src,822,2453355255555,,33333333
decoder_sink,822,2453355255555,,33333333
decoder_src,822,2453355255555,,33333333
depay_src,823,2453388600000,,
parser_src,823,2453388600000,,33333333
decoder_sink,823,2453388600000,,33333333
decoder_src,823,2453388600000,,33333333
depay_src,824,2453421922222,,
parser_src,824,2453421922222,,33333333
decoder_sink,824,2453421922222,,33333333
decoder_src,824,2453421922222,,33333333
depay_src,825,2453455255555,,
parser_src,825,2453455255555,,33333333
decoder_sink,825,2453455255555,,33333333
decoder_src,825,2453455255555,,33333333
depay_src,826,2453488600000,,
parser_src,826,2453488600000,,33333333
decoder_sink,826,2453488600000,,33333333
decoder_src,826,2453488600000,,33333333
depay_src,827,2453521922222,,
parser_src,827,2453521922222,,33333333
decoder_sink,827,2453521922222,,33333333
decoder_src,827,2453521922222,,33333333
depay_src,828,2453555255555,,
parser_src,828,2453555255555,,33333333
decoder_sink,828,2453555255555,,33333333
decoder_src,828,2453555255555,,33333333
depay_src,829,2453588600000,,
parser_src,829,2453588600000,,33333333
decoder_sink,829,2453588600000,,33333333
decoder_src,829,2453588600000,,33333333
depay_src,830,2453621922222,,
parser_src,830,2453621922222,,33333333
decoder_sink,830,2453621922222,,33333333
decoder_src,830,2453621922222,,33333333
depay_src,831,2453655255555,,
parser_src,831,2453655255555,,33333333
decoder_sink,831,2453655255555,,33333333
decoder_src,831,2453655255555,,33333333
depay_src,832,2453688600000,,
parser_src,832,2453688600000,,33333333
decoder_sink,832,2453688600000,,33333333
decoder_src,832,2453688600000,,33333333
depay_src,833,2453721922222,,
parser_src,833,2453721922222,,33333333
decoder_sink,833,2453721922222,,33333333
decoder_src,833,2453721922222,,33333333
depay_src,834,2453755255555,,
parser_src,834,2453755255555,,33333333
decoder_sink,834,2453755255555,,33333333
decoder_src,834,2453755255555,,33333333
depay_src,835,2453788600000,,
parser_src,835,2453788600000,,33333333
decoder_sink,835,2453788600000,,33333333
decoder_src,835,2453788600000,,33333333
depay_src,836,2453821922222,,
parser_src,836,2453821922222,,33333333
decoder_sink,836,2453821922222,,33333333
decoder_src,836,2453821922222,,33333333
depay_src,837,2453855255555,,
parser_src,837,2453855255555,,33333333
decoder_sink,837,2453855255555,,33333333
decoder_src,837,2453855255555,,33333333
depay_src,838,2453888600000,,
parser_src,838,2453888600000,,33333333
decoder_sink,838,2453888600000,,33333333
decoder_src,838,2453888600000,,33333333
depay_src,839,2453921922222,,
parser_src,839,2453921922222,,33333333
decoder_sink,839,2453921922222,,33333333
decoder_src,839,2453921922222,,33333333
depay_src,840,2453955255555,,
parser_src,840,2453955255555,,33333333
decoder_sink,840,2453955255555,,33333333
decoder_src,840,2453955255555,,33333333
depay_src,841,2453988600000,,
parser_src,841,2453988600000,,33333333
decoder_sink,841,2453988600000,,33333333
decoder_src,841,2453988600000,,33333333
depay_src,842,2454021922222,,
parser_src,842,2454021922222,,33333333
decoder_sink,842,2454021922222,,33333333
decoder_src,842,2454021922222,,33333333
depay_src,843,2454055255555,,
parser_src,843,2454055255555,,33333333
decoder_sink,843,2454055255555,,33333333
decoder_src,843,2454055255555,,33333333
depay_src,844,2454088600000,,
parser_src,844,2454088600000,,33333333
decoder_sink,844,2454088600000,,33333333
decoder_src,844,2454088600000,,33333333
depay_src,845,2454121922222,,
parser_src,845,2454121922222,,33333333
decoder_sink,845,2454121922222,,33333333
decoder_src,845,2454121922222,,33333333
depay_src,846,2454155255555,,
parser_src,846,2454155255555,,33333333
decoder_sink,846,2454155255555,,33333333
decoder_src,846,2454155255555,,33333333
depay_src,847,2454188600000,,
parser_src,847,2454188600000,,33333333
decoder_sink,847,2454188600000,,33333333
decoder_src,847,2454188600000,,33333333
depay_src,848,2454221922222,,
parser_src,848,2454221922222,,33333333
decoder_sink,848,2454221922222,,33333333
decoder_src,848,2454221922222,,33333333
depay_src,849,2454255255555,,
parser_src,849,2454255255555,,33333333
decoder_sink,849,2454255255555,,33333333
decoder_src,849,2454255255555,,33333333
depay_src,850,2454288600000,,
parser_src,850,2454288600000,,33333333
decoder_sink,850,2454288600000,,33333333
decoder_src,850,2454288600000,,33333333
depay_src,851,2454321922222,,
parser_src,851,2454321922222,,33333333
decoder_sink,851,2454321922222,,33333333
decoder_src,851,2454321922222,,33333333
depay_src,852,2454355255555,,
parser_src,852,2454355255555,,33333333
decoder_sink,852,2454355255555,,33333333
decoder_src,852,2454355255555,,33333333
depay_src,853,2454388600000,,
parser_src,853,2454388600000,,33333333
decoder_sink,853,2454388600000,,33333333
decoder_src,853,2454388600000,,33333333
depay_src,854,2454421922222,,
parser_src,854,2454421922222,,33333333
decoder_sink,854,2454421922222,,33333333
decoder_src,854,2454421922222,,33333333
depay_src,855,2454455255555,,
parser_src,855,2454455255555,,33333333
decoder_sink,855,2454455255555,,33333333
decoder_src,855,2454455255555,,33333333
depay_src,856,2454488600000,,
parser_src,856,2454488600000,,33333333
decoder_sink,856,2454488600000,,33333333
decoder_src,856,2454488600000,,33333333
depay_src,857,2454521922222,,
parser_src,857,2454521922222,,33333333
decoder_sink,857,2454521922222,,33333333
decoder_src,857,2454521922222,,33333333
depay_src,858,2454555255555,,
parser_src,858,2454555255555,,33333333
decoder_sink,858,2454555255555,,33333333
decoder_src,858,2454555255555,,33333333
depay_src,859,2454588600000,,
parser_src,859,2454588600000,,33333333
decoder_sink,859,2454588600000,,33333333
decoder_src,859,2454588600000,,33333333
depay_src,860,2454621922222,,
parser_src,860,2454621922222,,33333333
decoder_sink,860,2454621922222,,33333333
decoder_src,860,2454621922222,,33333333
depay_src,861,2454655255555,,
parser_src,861,2454655255555,,33333333
decoder_sink,861,2454655255555,,33333333
decoder_src,861,2454655255555,,33333333
depay_src,862,2454688600000,,
parser_src,862,2454688600000,,33333333
decoder_sink,862,2454688600000,,33333333
decoder_src,862,2454688600000,,33333333
depay_src,863,2454721922222,,
parser_src,863,2454721922222,,33333333
decoder_sink,863,2454721922222,,33333333
decoder_src,863,2454721922222,,33333333
depay_src,864,2454755255555,,
parser_src,864,2454755255555,,33333333
decoder_sink,864,2454755255555,,33333333
decoder_src,864,2454755255555,,33333333
depay_src,865,2454788600000,,
parser_src,865,2454788600000,,33333333
decoder_sink,865,2454788600000,,33333333
decoder_src,865,2454788600000,,33333333
depay_src,866,2454821922222,,
parser_src,866,2454821922222,,33333333
decoder_sink,866,2454821922222,,33333333
decoder_src,866,2454821922222,,33333333
depay_src,867,2454855255555,,
parser_src,867,2454855255555,,33333333
decoder_sink,867,2454855255555,,33333333
decoder_src,867,2454855255555,,33333333
depay_src,868,2454888600000,,
parser_src,868,2454888600000,,33333333
decoder_sink,868,2454888600000,,33333333
decoder_src,868,2454888600000,,33333333
depay_src,869,2454921922222,,
parser_src,869,2454921922222,,33333333
decoder_sink,869,2454921922222,,33333333
decoder_src,869,2454921922222,,33333333
depay_src,870,2454955255555,,
parser_src,870,2454955255555,,33333333
decoder_sink,870,2454955255555,,33333333
decoder_src,870,2454955255555,,33333333
depay_src,871,2454988600000,,
parser_src,871,2454988600000,,33333333
decoder_sink,871,2454988600000,,33333333
decoder_src,871,2454988600000,,33333333
depay_src,872,2455021922222,,
parser_src,872,2455021922222,,33333333
decoder_sink,872,2455021922222,,33333333
decoder_src,872,2455021922222,,33333333
depay_src,873,2455055255555,,
parser_src,873,2455055255555,,33333333
decoder_sink,873,2455055255555,,33333333
decoder_src,873,2455055255555,,33333333
depay_src,874,2455088600000,,
parser_src,874,2455088600000,,33333333
decoder_sink,874,2455088600000,,33333333
decoder_src,874,2455088600000,,33333333
depay_src,875,2455121922222,,
parser_src,875,2455121922222,,33333333
decoder_sink,875,2455121922222,,33333333
decoder_src,875,2455121922222,,33333333
depay_src,876,2455155255555,,
parser_src,876,2455155255555,,33333333
decoder_sink,876,2455155255555,,33333333
decoder_src,876,2455155255555,,33333333
depay_src,877,2455188600000,,
parser_src,877,2455188600000,,33333333
decoder_sink,877,2455188600000,,33333333
decoder_src,877,2455188600000,,33333333
depay_src,878,2455221922222,,
parser_src,878,2455221922222,,33333333
decoder_sink,878,2455221922222,,33333333
decoder_src,878,2455221922222,,33333333
depay_src,879,2455255255555,,
parser_src,879,2455255255555,,33333333
decoder_sink,879,2455255255555,,33333333
decoder_src,879,2455255255555,,33333333
depay_src,880,2455288600000,,
parser_src,880,2455288600000,,33333333
decoder_sink,880,2455288600000,,33333333
decoder_src,880,2455288600000,,33333333
depay_src,881,2455321922222,,
parser_src,881,2455321922222,,33333333
decoder_sink,881,2455321922222,,33333333
decoder_src,881,2455321922222,,33333333
depay_src,882,2455355255555,,
parser_src,882,2455355255555,,33333333
decoder_sink,882,2455355255555,,33333333
decoder_src,882,2455355255555,,33333333
depay_src,883,2455388600000,,
parser_src,883,2455388600000,,33333333
decoder_sink,883,2455388600000,,33333333
decoder_src,883,2455388600000,,33333333
depay_src,884,2455421922222,,
parser_src,884,2455421922222,,33333333
decoder_sink,884,2455421922222,,33333333
decoder_src,884,2455421922222,,33333333
depay_src,885,2455455255555,,
parser_src,885,2455455255555,,33333333
decoder_sink,885,2455455255555,,33333333
decoder_src,885,2455455255555,,33333333
depay_src,886,2455488600000,,
parser_src,886,2455488600000,,33333333
decoder_sink,886,2455488600000,,33333333
decoder_src,886,2455488600000,,33333333
depay_src,887,2455521922222,,
parser_src,887,2455521922222,,33333333
decoder_sink,887,2455521922222,,33333333
decoder_src,887,2455521922222,,33333333
depay_src,888,2455555255555,,
parser_src,888,2455555255555,,33333333
decoder_sink,888,2455555255555,,33333333
decoder_src,888,2455555255555,,33333333
depay_src,889,2455588600000,,
parser_src,889,2455588600000,,33333333
decoder_sink,889,2455588600000,,33333333
decoder_src,889,2455588600000,,33333333
depay_src,890,2455621922222,,
parser_src,890,2455621922222,,33333333
decoder_sink,890,2455621922222,,33333333
decoder_src,890,2455621922222,,33333333
depay_src,891,2455655255555,,
parser_src,891,2455655255555,,33333333
decoder_sink,891,2455655255555,,33333333
decoder_src,891,2455655255555,,33333333
depay_src,892,2455688600000,,
parser_src,892,2455688600000,,33333333
decoder_sink,892,2455688600000,,33333333
decoder_src,892,2455688600000,,33333333
depay_src,893,2455721922222,,
parser_src,893,2455721922222,,33333333
decoder_sink,893,2455721922222,,33333333
decoder_src,893,2455721922222,,33333333
depay_src,894,2455755255555,,
parser_src,894,2455755255555,,33333333
decoder_sink,894,2455755255555,,33333333
decoder_src,894,2455755255555,,33333333
depay_src,895,2455788600000,,
parser_src,895,2455788600000,,33333333
decoder_sink,895,2455788600000,,33333333
decoder_src,895,2455788600000,,33333333
depay_src,896,2455821922222,,
parser_src,896,2455821922222,,33333333
decoder_sink,896,2455821922222,,33333333
decoder_src,896,2455821922222,,33333333
depay_src,897,2455855255555,,
parser_src,897,2455855255555,,33333333
decoder_sink,897,2455855255555,,33333333
decoder_src,897,2455855255555,,33333333
depay_src,898,2455888600000,,
parser_src,898,2455888600000,,33333333
decoder_sink,898,2455888600000,,33333333
decoder_src,898,2455888600000,,33333333
depay_src,899,2455921922222,,
parser_src,899,2455921922222,,33333333
decoder_sink,899,2455921922222,,33333333
decoder_src,899,2455921922222,,33333333
depay_src,900,2455955255555,,
parser_src,900,2455955255555,,33333333
decoder_sink,900,2455955255555,,33333333
decoder_src,900,2455955255555,,33333333
depay_src,901,2455988600000,,
parser_src,901,2455988600000,,33333333
decoder_sink,901,2455988600000,,33333333
decoder_src,901,2455988600000,,33333333
depay_src,902,2456021922222,,
parser_src,902,2456021922222,,33333333
decoder_sink,902,2456021922222,,33333333
decoder_src,902,2456021922222,,33333333
depay_src,903,2456055255555,,
parser_src,903,2456055255555,,33333333
decoder_sink,903,2456055255555,,33333333
decoder_src,903,2456055255555,,33333333
depay_src,904,2456088600000,,
parser_src,904,2456088600000,,33333333
decoder_sink,904,2456088600000,,33333333
decoder_src,904,2456088600000,,33333333
depay_src,905,2456121922222,,
parser_src,905,2456121922222,,33333333
decoder_sink,905,2456121922222,,33333333
decoder_src,905,2456121922222,,33333333
depay_src,906,2456155255555,,
parser_src,906,2456155255555,,33333333
decoder_sink,906,2456155255555,,33333333
decoder_src,906,2456155255555,,33333333
depay_src,907,2456188600000,,
parser_src,907,2456188600000,,33333333
decoder_sink,907,2456188600000,,33333333
decoder_src,907,2456188600000,,33333333
depay_src,908,2456221922222,,
parser_src,908,2456221922222,,33333333
decoder_sink,908,2456221922222,,33333333
decoder_src,908,2456221922222,,33333333
depay_src,909,2456255255555,,
parser_src,909,2456255255555,,33333333
decoder_sink,909,2456255255555,,33333333
decoder_src,909,2456255255555,,33333333
depay_src,910,2456288600000,,
parser_src,910,2456288600000,,33333333
decoder_sink,910,2456288600000,,33333333
decoder_src,910,2456288600000,,33333333
depay_src,911,2456321922222,,
parser_src,911,2456321922222,,33333333
decoder_sink,911,2456321922222,,33333333
decoder_src,911,2456321922222,,33333333
depay_src,912,2456355255555,,
parser_src,912,2456355255555,,33333333
decoder_sink,912,2456355255555,,33333333
decoder_src,912,2456355255555,,33333333
depay_src,913,2456388600000,,
parser_src,913,2456388600000,,33333333
decoder_sink,913,2456388600000,,33333333
decoder_src,913,2456388600000,,33333333
depay_src,914,2456421922222,,
parser_src,914,2456421922222,,33333333
decoder_sink,914,2456421922222,,33333333
decoder_src,914,2456421922222,,33333333
depay_src,915,2456455255555,,
parser_src,915,2456455255555,,33333333
decoder_sink,915,2456455255555,,33333333
decoder_src,915,2456455255555,,33333333
depay_src,916,2456488600000,,
parser_src,916,2456488600000,,33333333
decoder_sink,916,2456488600000,,33333333
decoder_src,916,2456488600000,,33333333
depay_src,917,2456521922222,,
parser_src,917,2456521922222,,33333333
decoder_sink,917,2456521922222,,33333333
decoder_src,917,2456521922222,,33333333
depay_src,918,2456555255555,,
parser_src,918,2456555255555,,33333333
decoder_sink,918,2456555255555,,33333333
decoder_src,918,2456555255555,,33333333
depay_src,919,2456588600000,,
parser_src,919,2456588600000,,33333333
decoder_sink,919,2456588600000,,33333333
decoder_src,919,2456588600000,,33333333
depay_src,920,2456621922222,,
parser_src,920,2456621922222,,33333333
decoder_sink,920,2456621922222,,33333333
decoder_src,920,2456621922222,,33333333
depay_src,921,2456655255555,,
parser_src,921,2456655255555,,33333333
decoder_sink,921,2456655255555,,33333333
decoder_src,921,2456655255555,,33333333
depay_src,922,2456688600000,,
parser_src,922,2456688600000,,33333333
decoder_sink,922,2456688600000,,33333333
decoder_src,922,2456688600000,,33333333
depay_src,923,2456721922222,,
parser_src,923,2456721922222,,33333333
decoder_sink,923,2456721922222,,33333333
decoder_src,923,2456721922222,,33333333
depay_src,924,2456755255555,,
parser_src,924,2456755255555,,33333333
decoder_sink,924,2456755255555,,33333333
decoder_src,924,2456755255555,,33333333
depay_src,925,2456788600000,,
parser_src,925,2456788600000,,33333333
decoder_sink,925,2456788600000,,33333333
decoder_src,925,2456788600000,,33333333
depay_src,926,2456821922222,,
parser_src,926,2456821922222,,33333333
decoder_sink,926,2456821922222,,33333333
decoder_src,926,2456821922222,,33333333
depay_src,927,2456855255555,,
parser_src,927,2456855255555,,33333333
decoder_sink,927,2456855255555,,33333333
decoder_src,927,2456855255555,,33333333
depay_src,928,2456888600000,,
parser_src,928,2456888600000,,33333333
decoder_sink,928,2456888600000,,33333333
decoder_src,928,2456888600000,,33333333
depay_src,929,2456921922222,,
parser_src,929,2456921922222,,33333333
decoder_sink,929,2456921922222,,33333333
decoder_src,929,2456921922222,,33333333
depay_src,930,2456955255555,,
parser_src,930,2456955255555,,33333333
decoder_sink,930,2456955255555,,33333333
decoder_src,930,2456955255555,,33333333
depay_src,931,2456988600000,,
parser_src,931,2456988600000,,33333333
decoder_sink,931,2456988600000,,33333333
decoder_src,931,2456988600000,,33333333
depay_src,932,2457021922222,,
parser_src,932,2457021922222,,33333333
decoder_sink,932,2457021922222,,33333333
decoder_src,932,2457021922222,,33333333
depay_src,933,2457055255555,,
parser_src,933,2457055255555,,33333333
decoder_sink,933,2457055255555,,33333333
decoder_src,933,2457055255555,,33333333
depay_src,934,2457088600000,,
parser_src,934,2457088600000,,33333333
decoder_sink,934,2457088600000,,33333333
decoder_src,934,2457088600000,,33333333
depay_src,935,2457121922222,,
parser_src,935,2457121922222,,33333333
decoder_sink,935,2457121922222,,33333333
decoder_src,935,2457121922222,,33333333
depay_src,936,2457155255555,,
parser_src,936,2457155255555,,33333333
decoder_sink,936,2457155255555,,33333333
decoder_src,936,2457155255555,,33333333
depay_src,937,2457188600000,,
parser_src,937,2457188600000,,33333333
decoder_sink,937,2457188600000,,33333333
decoder_src,937,2457188600000,,33333333
depay_src,938,2457221922222,,
parser_src,938,2457221922222,,33333333
decoder_sink,938,2457221922222,,33333333
decoder_src,938,2457221922222,,33333333
depay_src,939,2457255255555,,
parser_src,939,2457255255555,,33333333
decoder_sink,939,2457255255555,,33333333
decoder_src,939,2457255255555,,33333333
depay_src,940,2457288600000,,
parser_src,940,2457288600000,,33333333
decoder_sink,940,2457288600000,,33333333
decoder_src,940,2457288600000,,33333333
depay_src,941,2457321922222,,
parser_src,941,2457321922222,,33333333
decoder_sink,941,2457321922222,,33333333
decoder_src,941,2457321922222,,33333333
depay_src,942,2457355255555,,
parser_src,942,2457355255555,,33333333
decoder_sink,942,2457355255555,,33333333
decoder_src,942,2457355255555,,33333333
depay_src,943,2457388600000,,
parser_src,943,2457388600000,,33333333
decoder_sink,943,2457388600000,,33333333
decoder_src,943,2457388600000,,33333333
depay_src,944,2457421922222,,
parser_src,944,2457421922222,,33333333
decoder_sink,944,2457421922222,,33333333
decoder_src,944,2457421922222,,33333333
depay_src,945,2457455255555,,
parser_src,945,2457455255555,,33333333
decoder_sink,945,2457455255555,,33333333
decoder_src,945,2457455255555,,33333333
depay_src,946,2457488600000,,
parser_src,946,2457488600000,,33333333
decoder_sink,946,2457488600000,,33333333
decoder_src,946,2457488600000,,33333333
depay_src,947,2457521922222,,
parser_src,947,2457521922222,,33333333
decoder_sink,947,2457521922222,,33333333
decoder_src,947,2457521922222,,33333333
depay_src,948,2457555255555,,
parser_src,948,2457555255555,,33333333
decoder_sink,948,2457555255555,,33333333
decoder_src,948,2457555255555,,33333333
depay_src,949,2457588600000,,
parser_src,949,2457588600000,,33333333
decoder_sink,949,2457588600000,,33333333
decoder_src,949,2457588600000,,33333333
depay_src,950,2457621922222,,
parser_src,950,2457621922222,,33333333
decoder_sink,950,2457621922222,,33333333
decoder_src,950,2457621922222,,33333333
depay_src,951,2457655255555,,
parser_src,951,2457655255555,,33333333
decoder_sink,951,2457655255555,,33333333
decoder_src,951,2457655255555,,33333333
depay_src,952,2457688600000,,
parser_src,952,2457688600000,,33333333
decoder_sink,952,2457688600000,,33333333
decoder_src,952,2457688600000,,33333333
depay_src,953,2457721922222,,
parser_src,953,2457721922222,,33333333
decoder_sink,953,2457721922222,,33333333
decoder_src,953,2457721922222,,33333333
depay_src,954,2457755255555,,
parser_src,954,2457755255555,,33333333
decoder_sink,954,2457755255555,,33333333
decoder_src,954,2457755255555,,33333333
depay_src,955,2457788600000,,
parser_src,955,2457788600000,,33333333
decoder_sink,955,2457788600000,,33333333
decoder_src,955,2457788600000,,33333333
depay_src,956,2457821922222,,
parser_src,956,2457821922222,,33333333
decoder_sink,956,2457821922222,,33333333
decoder_src,956,2457821922222,,33333333
depay_src,957,2457855255555,,
parser_src,957,2457855255555,,33333333
decoder_sink,957,2457855255555,,33333333
decoder_src,957,2457855255555,,33333333
depay_src,958,2457888600000,,
parser_src,958,2457888600000,,33333333
decoder_sink,958,2457888600000,,33333333
decoder_src,958,2457888600000,,33333333
depay_src,959,2457921922222,,
parser_src,959,2457921922222,,33333333
decoder_sink,959,2457921922222,,33333333
decoder_src,959,2457921922222,,33333333
depay_src,960,2457955255555,,
parser_src,960,2457955255555,,33333333
decoder_sink,960,2457955255555,,33333333
decoder_src,960,2457955255555,,33333333
depay_src,961,2457988600000,,
parser_src,961,2457988600000,,33333333
decoder_sink,961,2457988600000,,33333333
decoder_src,961,2457988600000,,33333333
depay_src,962,2458021922222,,
parser_src,962,2458021922222,,33333333
decoder_sink,962,2458021922222,,33333333
decoder_src,962,2458021922222,,33333333
depay_src,963,2458055255555,,
parser_src,963,2458055255555,,33333333
decoder_sink,963,2458055255555,,33333333
decoder_src,963,2458055255555,,33333333
depay_src,964,2458088600000,,
parser_src,964,2458088600000,,33333333
decoder_sink,964,2458088600000,,33333333
decoder_src,964,2458088600000,,33333333
depay_src,965,2458121922222,,
parser_src,965,2458121922222,,33333333
decoder_sink,965,2458121922222,,33333333
decoder_src,965,2458121922222,,33333333
depay_src,966,2458155255555,,
parser_src,966,2458155255555,,33333333
decoder_sink,966,2458155255555,,33333333
decoder_src,966,2458155255555,,33333333
depay_src,967,2458188600000,,
parser_src,967,2458188600000,,33333333
decoder_sink,967,2458188600000,,33333333
decoder_src,967,2458188600000,,33333333
depay_src,968,2458221922222,,
parser_src,968,2458221922222,,33333333
decoder_sink,968,2458221922222,,33333333
decoder_src,968,2458221922222,,33333333
depay_src,969,2458255255555,,
parser_src,969,2458255255555,,33333333
decoder_sink,969,2458255255555,,33333333
decoder_src,969,2458255255555,,33333333
depay_src,970,2458288600000,,
parser_src,970,2458288600000,,33333333
decoder_sink,970,2458288600000,,33333333
decoder_src,970,2458288600000,,33333333
depay_src,971,2458321922222,,
parser_src,971,2458321922222,,33333333
decoder_sink,971,2458321922222,,33333333
decoder_src,971,2458321922222,,33333333
