stage,sequence,pts_ns,dts_ns,duration_ns
depay_src,1,9133346188888,,
parser_src,1,9133346188888,,33333333
decoder_sink,1,9133346188888,,33333333
depay_src,2,9133479511111,,
parser_src,2,9133479511111,,33333333
decoder_sink,2,9133479511111,,33333333
depay_src,3,9133412844444,,
parser_src,3,9133412844444,,33333333
decoder_sink,3,9133412844444,,33333333
decoder_src,1,9133346188888,,33333333
depay_src,4,9133379511111,,
parser_src,4,9133379511111,,33333333
decoder_sink,4,9133379511111,,33333333
decoder_src,2,9133379511111,,33333333
depay_src,5,9133446188888,,
parser_src,5,9133446188888,,33333333
decoder_sink,5,9133446188888,,33333333
decoder_src,3,9133412844444,,33333333
depay_src,6,9133612844444,,
parser_src,6,9133612844444,,33333333
decoder_sink,6,9133612844444,,33333333
decoder_src,4,9133446188888,,33333333
depay_src,7,9133546188888,,
parser_src,7,9133546188888,,33333333
decoder_sink,7,9133546188888,,33333333
decoder_src,5,9133479511111,,33333333
depay_src,8,9133512844444,,
parser_src,8,9133512844444,,33333333
decoder_sink,8,9133512844444,,33333333
decoder_src,6,9133512844444,,33333333
depay_src,9,9133579511111,,
parser_src,9,9133579511111,,33333333
decoder_sink,9,9133579511111,,33333333
decoder_src,7,9133546188888,,33333333
depay_src,10,9133746188888,,
parser_src,10,9133746188888,,33333333
decoder_sink,10,9133746188888,,33333333
decoder_src,8,9133579511111,,33333333
depay_src,11,9133679511111,,
parser_src,11,9133679511111,,33333333
decoder_sink,11,9133679511111,,33333333
decoder_src,9,9133612844444,,33333333
depay_src,12,9133646188888,,
parser_src,12,9133646188888,,33333333
decoder_sink,12,9133646188888,,33333333
decoder_src,10,9133646188888,,33333333
depay_src,13,9133712844444,,
parser_src,13,9133712844444,,33333333
decoder_sink,13,9133712844444,,33333333
decoder_src,11,9133679511111,,33333333
depay_src,14,9133879511111,,
parser_src,14,9133879511111,,33333333
decoder_sink,14,9133879511111,,33333333
decoder_src,12,9133712844444,,33333333
depay_src,15,9133812844444,,
parser_src,15,9133812844444,,33333333
decoder_sink,15,9133812844444,,33333333
decoder_src,13,9133746188888,,33333333
depay_src,16,9133779511111,,
parser_src,16,9133779511111,,33333333
decoder_sink,16,9133779511111,,33333333
decoder_src,14,9133779511111,,33333333
depay_src,17,9133846188888,,
parser_src,17,9133846188888,,33333333
decoder_sink,17,9133846188888,,33333333
decoder_src,15,9133812844444,,33333333
depay_src,18,9134012844444,,
parser_src,18,9134012844444,,33333333
decoder_sink,18,9134012844444,,33333333
decoder_src,16,9133846188888,,33333333
depay_src,19,9133946188888,,
parser_src,19,9133946188888,,33333333
decoder_sink,19,9133946188888,,33333333
decoder_src,17,9133879511111,,33333333
depay_src,20,9133912844444,,
parser_src,20,9133912844444,,33333333
decoder_sink,20,9133912844444,,33333333
decoder_src,18,9133912844444,,33333333
depay_src,21,9133979511111,,
parser_src,21,9133979511111,,33333333
decoder_sink,21,9133979511111,,33333333
decoder_src,19,9133946188888,,33333333
depay_src,22,9134146188888,,
parser_src,22,9134146188888,,33333333
decoder_sink,22,9134146188888,,33333333
decoder_src,20,9133979511111,,33333333
depay_src,23,9134079511111,,
parser_src,23,9134079511111,,33333333
decoder_sink,23,9134079511111,,33333333
decoder_src,21,9134012844444,,33333333
depay_src,24,9134046188888,,
parser_src,24,9134046188888,,33333333
decoder_sink,24,9134046188888,,33333333
decoder_src,22,9134046188888,,33333333
depay_src,25,9134112844444,,
parser_src,25,9134112844444,,33333333
decoder_sink,25,9134112844444,,33333333
decoder_src,23,9134079511111,,33333333
depay_src,26,9134279511111,,
parser_src,26,9134279511111,,33333333
decoder_sink,26,9134279511111,,33333333
decoder_src,24,9134112844444,,33333333
depay_src,27,9134212844444,,
parser_src,27,9134212844444,,33333333
decoder_sink,27,9134212844444,,33333333
decoder_src,25,9134146188888,,33333333
depay_src,28,9134179511111,,
parser_src,28,9134179511111,,33333333
decoder_sink,28,9134179511111,,33333333
decoder_src,26,9134179511111,,33333333
depay_src,29,9134246188888,,
parser_src,29,9134246188888,,33333333
decoder_sink,29,9134246188888,,33333333
decoder_src,27,9134212844444,,33333333
depay_src,30,9134412844444,,
parser_src,30,9134412844444,,33333333
decoder_sink,30,9134412844444,,33333333
decoder_src,28,9134246188888,,33333333
depay_src,31,9134346188888,,
parser_src,31,9134346188888,,33333333
decoder_sink,31,9134346188888,,33333333
decoder_src,29,9134279511111,,33333333
depay_src,32,9134312844444,,
parser_src,32,9134312844444,,33333333
decoder_sink,32,9134312844444,,33333333
decoder_src,30,9134312844444,,33333333
depay_src,33,9134379511111,,
parser_src,33,9134379511111,,33333333
decoder_sink,33,9134379511111,,33333333
decoder_src,31,9134346188888,,33333333
depay_src,34,9134546188888,,
parser_src,34,9134546188888,,33333333
decoder_sink,34,9134546188888,,33333333
decoder_src,32,9134379511111,,33333333
depay_src,35,9134479511111,,
parser_src,35,9134479511111,,33333333
decoder_sink,35,9134479511111,,33333333
decoder_src,33,9134412844444,,33333333
depay_src,36,9134446188888,,
parser_src,36,9134446188888,,33333333
decoder_sink,36,9134446188888,,33333333
decoder_src,34,9134446188888,,33333333
depay_src,37,9134512844444,,
parser_src,37,9134512844444,,33333333
decoder_sink,37,9134512844444,,33333333
decoder_src,35,9134479511111,,33333333
depay_src,38,9134679511111,,
parser_src,38,9134679511111,,33333333
decoder_sink,38,9134679511111,,33333333
decoder_src,36,9134512844444,,33333333
depay_src,39,9134612844444,,
parser_src,39,9134612844444,,33333333
decoder_sink,39,9134612844444,,33333333
decoder_src,37,9134546188888,,33333333
depay_src,40,9134579511111,,
parser_src,40,9134579511111,,33333333
decoder_sink,40,9134579511111,,33333333
decoder_src,38,9134579511111,,33333333
depay_src,41,9134646188888,,
parser_src,41,9134646188888,,33333333
decoder_sink,41,9134646188888,,33333333
decoder_src,39,9134612844444,,33333333
depay_src,42,9134812844444,,
parser_src,42,9134812844444,,33333333
decoder_sink,42,9134812844444,,33333333
decoder_src,40,9134646188888,,33333333
depay_src,43,9134746188888,,
parser_src,43,9134746188888,,33333333
decoder_sink,43,9134746188888,,33333333
decoder_src,41,9134679511111,,33333333
depay_src,44,9134712844444,,
parser_src,44,9134712844444,,33333333
decoder_sink,44,9134712844444,,33333333
decoder_src,42,9134712844444,,33333333
depay_src,45,9134779511111,,
parser_src,45,9134779511111,,33333333
decoder_sink,45,9134779511111,,33333333
decoder_src,43,9134746188888,,33333333
depay_src,46,9134946188888,,
parser_src,46,9134946188888,,33333333
decoder_sink,46,9134946188888,,33333333
decoder_src,44,9134779511111,,33333333
depay_src,47,9134879511111,,
parser_src,47,9134879511111,,33333333
decoder_sink,47,9134879511111,,33333333
decoder_src,45,9134812844444,,33333333
depay_src,48,9134846188888,,
parser_src,48,9134846188888,,33333333
decoder_sink,48,9134846188888,,33333333
decoder_src,46,9134846188888,,33333333
depay_src,49,9134912844444,,
parser_src,49,9134912844444,,33333333
decoder_sink,49,9134912844444,,33333333
decoder_src,47,9134879511111,,33333333
depay_src,50,9135079511111,,
parser_src,50,9135079511111,,33333333
decoder_sink,50,9135079511111,,33333333
decoder_src,48,9134912844444,,33333333
depay_src,51,9135012844444,,
parser_src,51,9135012844444,,33333333
decoder_sink,51,9135012844444,,33333333
decoder_src,49,9134946188888,,33333333
depay_src,52,9134979511111,,
parser_src,52,9134979511111,,33333333
decoder_sink,52,9134979511111,,33333333
decoder_src,50,9134979511111,,33333333
depay_src,53,9135046188888,,
parser_src,53,9135046188888,,33333333
decoder_sink,53,9135046188888,,33333333
decoder_src,51,9135012844444,,33333333
depay_src,54,9135212844444,,
parser_src,54,9135212844444,,33333333
decoder_sink,54,9135212844444,,33333333
decoder_src,52,9135046188888,,33333333
depay_src,55,9135146188888,,
parser_src,55,9135146188888,,33333333
decoder_sink,55,9135146188888,,33333333
decoder_src,53,9135079511111,,33333333
depay_src,56,9135112844444,,
parser_src,56,9135112844444,,33333333
decoder_sink,56,9135112844444,,33333333
decoder_src,54,9135112844444,,33333333
depay_src,57,9135179511111,,
parser_src,57,9135179511111,,33333333
decoder_sink,57,9135179511111,,33333333
decoder_src,55,9135146188888,,33333333
depay_src,58,9135346188888,,
parser_src,58,9135346188888,,33333333
decoder_sink,58,9135346188888,,33333333
decoder_src,56,9135179511111,,33333333
depay_src,59,9135279511111,,
parser_src,59,9135279511111,,33333333
decoder_sink,59,9135279511111,,33333333
decoder_src,57,9135212844444,,33333333
depay_src,60,9135246188888,,
parser_src,60,9135246188888,,33333333
decoder_sink,60,9135246188888,,33333333
decoder_src,58,9135246188888,,33333333
depay_src,61,9135312844444,,
parser_src,61,9135312844444,,33333333
decoder_sink,61,9135312844444,,33333333
decoder_src,59,9135279511111,,33333333
depay_src,62,9135479511111,,
parser_src,62,9135479511111,,33333333
decoder_sink,62,9135479511111,,33333333
decoder_src,60,9135312844444,,33333333
depay_src,63,9135412844444,,
parser_src,63,9135412844444,,33333333
decoder_sink,63,9135412844444,,33333333
decoder_src,61,9135346188888,,33333333
depay_src,64,9135379511111,,
parser_src,64,9135379511111,,33333333
decoder_sink,64,9135379511111,,33333333
decoder_src,62,9135379511111,,33333333
depay_src,65,9135446188888,,
parser_src,65,9135446188888,,33333333
decoder_sink,65,9135446188888,,33333333
decoder_src,63,9135412844444,,33333333
depay_src,66,9135612844444,,
parser_src,66,9135612844444,,33333333
decoder_sink,66,9135612844444,,33333333
decoder_src,64,9135446188888,,33333333
depay_src,67,9135546188888,,
parser_src,67,9135546188888,,33333333
decoder_sink,67,9135546188888,,33333333
decoder_src,65,9135479511111,,33333333
depay_src,68,9135512844444,,
parser_src,68,9135512844444,,33333333
decoder_sink,68,9135512844444,,33333333
decoder_src,66,9135512844444,,33333333
depay_src,69,9135579511111,,
parser_src,69,9135579511111,,33333333
decoder_sink,69,9135579511111,,33333333
decoder_src,67,9135546188888,,33333333
depay_src,70,9135746188888,,
parser_src,70,9135746188888,,33333333
decoder_sink,70,9135746188888,,33333333
decoder_src,68,9135579511111,,33333333
depay_src,71,9135679511111,,
parser_src,71,9135679511111,,33333333
decoder_sink,71,9135679511111,,33333333
decoder_src,69,9135612844444,,33333333
depay_src,72,9135646188888,,
parser_src,72,9135646188888,,33333333
decoder_sink,72,9135646188888,,33333333
decoder_src,70,9135646188888,,33333333
depay_src,73,9135712844444,,
parser_src,73,9135712844444,,33333333
decoder_sink,73,9135712844444,,33333333
decoder_src,71,9135679511111,,33333333
depay_src,74,9135879511111,,
parser_src,74,9135879511111,,33333333
decoder_sink,74,9135879511111,,33333333
decoder_src,72,9135712844444,,33333333
depay_src,75,9135812844444,,
parser_src,75,9135812844444,,33333333
decoder_sink,75,9135812844444,,33333333
decoder_src,73,9135746188888,,33333333
depay_src,76,9135779511111,,
parser_src,76,9135779511111,,33333333
decoder_sink,76,9135779511111,,33333333
decoder_src,74,9135779511111,,33333333
depay_src,77,9135846188888,,
parser_src,77,9135846188888,,33333333
decoder_sink,77,9135846188888,,33333333
decoder_src,75,9135812844444,,33333333
depay_src,78,9136012844444,,
parser_src,78,9136012844444,,33333333
decoder_sink,78,9136012844444,,33333333
decoder_src,76,9135846188888,,33333333
depay_src,79,9135946188888,,
parser_src,79,9135946188888,,33333333
decoder_sink,79,9135946188888,,33333333
decoder_src,77,9135879511111,,33333333
depay_src,80,9135912844444,,
parser_src,80,9135912844444,,33333333
decoder_sink,80,9135912844444,,33333333
decoder_src,78,9135912844444,,33333333
depay_src,81,9135979511111,,
parser_src,81,9135979511111,,33333333
decoder_sink,81,9135979511111,,33333333
decoder_src,79,9135946188888,,33333333
depay_src,82,9136146188888,,
parser_src,82,9136146188888,,33333333
decoder_sink,82,9136146188888,,33333333
decoder_src,80,9135979511111,,33333333
depay_src,83,9136079511111,,
parser_src,83,9136079511111,,33333333
decoder_sink,83,9136079511111,,33333333
decoder_src,81,9136012844444,,33333333
depay_src,84,9136046188888,,
parser_src,84,9136046188888,,33333333
decoder_sink,84,9136046188888,,33333333
decoder_src,82,9136046188888,,33333333
depay_src,85,9136112844444,,
parser_src,85,9136112844444,,33333333
decoder_sink,85,9136112844444,,33333333
decoder_src,83,9136079511111,,33333333
depay_src,86,9136279511111,,
parser_src,86,9136279511111,,33333333
decoder_sink,86,9136279511111,,33333333
decoder_src,84,9136112844444,,33333333
depay_src,87,9136212844444,,
parser_src,87,9136212844444,,33333333
decoder_sink,87,9136212844444,,33333333
decoder_src,85,9136146188888,,33333333
depay_src,88,9136179511111,,
parser_src,88,9136179511111,,33333333
decoder_sink,88,9136179511111,,33333333
decoder_src,86,9136179511111,,33333333
depay_src,89,9136246188888,,
parser_src,89,9136246188888,,33333333
decoder_sink,89,9136246188888,,33333333
decoder_src,87,9136212844444,,33333333
depay_src,90,9136412844444,,
parser_src,90,9136412844444,,33333333
decoder_sink,90,9136412844444,,33333333
decoder_src,88,9136246188888,,33333333
depay_src,91,9136346188888,,
parser_src,91,9136346188888,,33333333
decoder_sink,91,9136346188888,,33333333
decoder_src,89,9136279511111,,33333333
depay_src,92,9136312844444,,
parser_src,92,9136312844444,,33333333
decoder_sink,92,9136312844444,,33333333
decoder_src,90,9136312844444,,33333333
depay_src,93,9136379511111,,
parser_src,93,9136379511111,,33333333
decoder_sink,93,9136379511111,,33333333
decoder_src,91,9136346188888,,33333333
depay_src,94,9136546188888,,
parser_src,94,9136546188888,,33333333
decoder_sink,94,9136546188888,,33333333
decoder_src,92,9136379511111,,33333333
depay_src,95,9136479511111,,
parser_src,95,9136479511111,,33333333
decoder_sink,95,9136479511111,,33333333
decoder_src,93,9136412844444,,33333333
depay_src,96,9136446188888,,
parser_src,96,9136446188888,,33333333
decoder_sink,96,9136446188888,,33333333
decoder_src,94,9136446188888,,33333333
depay_src,97,9136512844444,,
parser_src,97,9136512844444,,33333333
decoder_sink,97,9136512844444,,33333333
decoder_src,95,9136479511111,,33333333
depay_src,98,9136679511111,,
parser_src,98,9136679511111,,33333333
decoder_sink,98,9136679511111,,33333333
decoder_src,96,9136512844444,,33333333
depay_src,99,9136612844444,,
parser_src,99,9136612844444,,33333333
decoder_sink,99,9136612844444,,33333333
decoder_src,97,9136546188888,,33333333
depay_src,100,9136579511111,,
parser_src,100,9136579511111,,33333333
decoder_sink,100,9136579511111,,33333333
decoder_src,98,9136579511111,,33333333
depay_src,101,9136646188888,,
parser_src,101,9136646188888,,33333333
decoder_sink,101,9136646188888,,33333333
decoder_src,99,9136612844444,,33333333
depay_src,102,9136812844444,,
parser_src,102,9136812844444,,33333333
decoder_sink,102,9136812844444,,33333333
decoder_src,100,9136646188888,,33333333
depay_src,103,9136746188888,,
parser_src,103,9136746188888,,33333333
decoder_sink,103,9136746188888,,33333333
decoder_src,101,9136679511111,,33333333
depay_src,104,9136712844444,,
parser_src,104,9136712844444,,33333333
decoder_sink,104,9136712844444,,33333333
decoder_src,102,9136712844444,,33333333
depay_src,105,9136779511111,,
parser_src,105,9136779511111,,33333333
decoder_sink,105,9136779511111,,33333333
decoder_src,103,9136746188888,,33333333
depay_src,106,9136946188888,,
parser_src,106,9136946188888,,33333333
decoder_sink,106,9136946188888,,33333333
decoder_src,104,9136779511111,,33333333
depay_src,107,9136879511111,,
parser_src,107,9136879511111,,33333333
decoder_sink,107,9136879511111,,33333333
decoder_src,105,9136812844444,,33333333
depay_src,108,9136846188888,,
parser_src,108,9136846188888,,33333333
decoder_sink,108,9136846188888,,33333333
decoder_src,106,9136846188888,,33333333
depay_src,109,9136912844444,,
parser_src,109,9136912844444,,33333333
decoder_sink,109,9136912844444,,33333333
decoder_src,107,9136879511111,,33333333
depay_src,110,9137079511111,,
parser_src,110,9137079511111,,33333333
decoder_sink,110,9137079511111,,33333333
decoder_src,108,9136912844444,,33333333
depay_src,111,9137012844444,,
parser_src,111,9137012844444,,33333333
decoder_sink,111,9137012844444,,33333333
decoder_src,109,9136946188888,,33333333
depay_src,112,9136979511111,,
parser_src,112,9136979511111,,33333333
decoder_sink,112,9136979511111,,33333333
decoder_src,110,9136979511111,,33333333
depay_src,113,9137046188888,,
parser_src,113,9137046188888,,33333333
decoder_sink,113,9137046188888,,33333333
decoder_src,111,9137012844444,,33333333
depay_src,114,9137212844444,,
parser_src,114,9137212844444,,33333333
decoder_sink,114,9137212844444,,33333333
decoder_src,112,9137046188888,,33333333
depay_src,115,9137146188888,,
parser_src,115,9137146188888,,33333333
decoder_sink,115,9137146188888,,33333333
decoder_src,113,9137079511111,,33333333
depay_src,116,9137112844444,,
parser_src,116,9137112844444,,33333333
decoder_sink,116,9137112844444,,33333333
decoder_src,114,9137112844444,,33333333
depay_src,117,9137179511111,,
parser_src,117,9137179511111,,33333333
decoder_sink,117,9137179511111,,33333333
decoder_src,115,9137146188888,,33333333
depay_src,118,9137346188888,,
parser_src,118,9137346188888,,33333333
decoder_sink,118,9137346188888,,33333333
decoder_src,116,9137179511111,,33333333
depay_src,119,9137279511111,,
parser_src,119,9137279511111,,33333333
decoder_sink,119,9137279511111,,33333333
decoder_src,117,9137212844444,,33333333
depay_src,120,9137246188888,,
parser_src,120,9137246188888,,33333333
decoder_sink,120,9137246188888,,33333333
decoder_src,118,9137246188888,,33333333
depay_src,121,9137312844444,,
parser_src,121,9137312844444,,33333333
decoder_sink,121,9137312844444,,33333333
decoder_src,119,9137279511111,,33333333
depay_src,122,9137479511111,,
parser_src,122,9137479511111,,33333333
decoder_sink,122,9137479511111,,33333333
decoder_src,120,9137312844444,,33333333
depay_src,123,9137412844444,,
parser_src,123,9137412844444,,33333333
decoder_sink,123,9137412844444,,33333333
decoder_src,121,9137346188888,,33333333
depay_src,124,9137379511111,,
parser_src,124,9137379511111,,33333333
decoder_sink,124,9137379511111,,33333333
decoder_src,122,9137379511111,,33333333
depay_src,125,9137446188888,,
parser_src,125,9137446188888,,33333333
decoder_sink,125,9137446188888,,33333333
decoder_src,123,9137412844444,,33333333
depay_src,126,9137612844444,,
parser_src,126,9137612844444,,33333333
decoder_sink,126,9137612844444,,33333333
decoder_src,124,9137446188888,,33333333
depay_src,127,9137546188888,,
parser_src,127,9137546188888,,33333333
decoder_sink,127,9137546188888,,33333333
decoder_src,125,9137479511111,,33333333
depay_src,128,9137512844444,,
parser_src,128,9137512844444,,33333333
decoder_sink,128,9137512844444,,33333333
decoder_src,126,9137512844444,,33333333
depay_src,129,9137579511111,,
parser_src,129,9137579511111,,33333333
decoder_sink,129,9137579511111,,33333333
decoder_src,127,9137546188888,,33333333
depay_src,130,9137746188888,,
parser_src,130,9137746188888,,33333333
decoder_sink,130,9137746188888,,33333333
decoder_src,128,9137579511111,,33333333
depay_src,131,9137679511111,,
parser_src,131,9137679511111,,33333333
decoder_sink,131,9137679511111,,33333333
decoder_src,129,9137612844444,,33333333
depay_src,132,9137646188888,,
parser_src,132,9137646188888,,33333333
decoder_sink,132,9137646188888,,33333333
decoder_src,130,9137646188888,,33333333
depay_src,133,9137712844444,,
parser_src,133,9137712844444,,33333333
decoder_sink,133,9137712844444,,33333333
decoder_src,131,9137679511111,,33333333
depay_src,134,9137879511111,,
parser_src,134,9137879511111,,33333333
decoder_sink,134,9137879511111,,33333333
decoder_src,132,9137712844444,,33333333
depay_src,135,9137812844444,,
parser_src,135,9137812844444,,33333333
decoder_sink,135,9137812844444,,33333333
decoder_src,133,9137746188888,,33333333
depay_src,136,9137779511111,,
parser_src,136,9137779511111,,33333333
decoder_sink,136,9137779511111,,33333333
decoder_src,134,9137779511111,,33333333
depay_src,137,9137846188888,,
parser_src,137,9137846188888,,33333333
decoder_sink,137,9137846188888,,33333333
decoder_src,135,9137812844444,,33333333
depay_src,138,9138012844444,,
parser_src,138,9138012844444,,33333333
decoder_sink,138,9138012844444,,33333333
decoder_src,136,9137846188888,,33333333
depay_src,139,9137946188888,,
parser_src,139,9137946188888,,33333333
decoder_sink,139,9137946188888,,33333333
decoder_src,137,9137879511111,,33333333
depay_src,140,9137912844444,,
parser_src,140,9137912844444,,33333333
decoder_sink,140,9137912844444,,33333333
decoder_src,138,9137912844444,,33333333
depay_src,141,9137979511111,,
parser_src,141,9137979511111,,33333333
decoder_sink,141,9137979511111,,33333333
decoder_src,139,9137946188888,,33333333
depay_src,142,9138146188888,,
parser_src,142,9138146188888,,33333333
decoder_sink,142,9138146188888,,33333333
decoder_src,140,9137979511111,,33333333
depay_src,143,9138079511111,,
parser_src,143,9138079511111,,33333333
decoder_sink,143,9138079511111,,33333333
decoder_src,141,9138012844444,,33333333
depay_src,144,9138046188888,,
parser_src,144,9138046188888,,33333333
decoder_sink,144,9138046188888,,33333333
decoder_src,142,9138046188888,,33333333
depay_src,145,9138112844444,,
parser_src,145,9138112844444,,33333333
decoder_sink,145,9138112844444,,33333333
decoder_src,143,9138079511111,,33333333
depay_src,146,9138279511111,,
parser_src,146,9138279511111,,33333333
decoder_sink,146,9138279511111,,33333333
decoder_src,144,9138112844444,,33333333
depay_src,147,9138212844444,,
parser_src,147,9138212844444,,33333333
decoder_sink,147,9138212844444,,33333333
decoder_src,145,9138146188888,,33333333
depay_src,148,9138179511111,,
parser_src,148,9138179511111,,33333333
decoder_sink,148,9138179511111,,33333333
decoder_src,146,9138179511111,,33333333
depay_src,149,9138246188888,,
parser_src,149,9138246188888,,33333333
decoder_sink,149,9138246188888,,33333333
decoder_src,147,9138212844444,,33333333
depay_src,150,9138412844444,,
parser_src,150,9138412844444,,33333333
decoder_sink,150,9138412844444,,33333333
decoder_src,148,9138246188888,,33333333
depay_src,151,9138346188888,,
parser_src,151,9138346188888,,33333333
decoder_sink,151,9138346188888,,33333333
decoder_src,149,9138279511111,,33333333
depay_src,152,9138312844444,,
parser_src,152,9138312844444,,33333333
decoder_sink,152,9138312844444,,33333333
decoder_src,150,9138312844444,,33333333
depay_src,153,9138379511111,,
parser_src,153,9138379511111,,33333333
decoder_sink,153,9138379511111,,33333333
decoder_src,151,9138346188888,,33333333
depay_src,154,9138546188888,,
parser_src,154,9138546188888,,33333333
decoder_sink,154,9138546188888,,33333333
decoder_src,152,9138379511111,,33333333
depay_src,155,9138479511111,,
parser_src,155,9138479511111,,33333333
decoder_sink,155,9138479511111,,33333333
decoder_src,153,9138412844444,,33333333
depay_src,156,9138446188888,,
parser_src,156,9138446188888,,33333333
decoder_sink,156,9138446188888,,33333333
decoder_src,154,9138446188888,,33333333
depay_src,157,9138512844444,,
parser_src,157,9138512844444,,33333333
decoder_sink,157,9138512844444,,33333333
decoder_src,155,9138479511111,,33333333
depay_src,158,9138679511111,,
parser_src,158,9138679511111,,33333333
decoder_sink,158,9138679511111,,33333333
decoder_src,156,9138512844444,,33333333
depay_src,159,9138612844444,,
parser_src,159,9138612844444,,33333333
decoder_sink,159,9138612844444,,33333333
decoder_src,157,9138546188888,,33333333
depay_src,160,9138579511111,,
parser_src,160,9138579511111,,33333333
decoder_sink,160,9138579511111,,33333333
decoder_src,158,9138579511111,,33333333
depay_src,161,9138646188888,,
parser_src,161,9138646188888,,33333333
decoder_sink,161,9138646188888,,33333333
decoder_src,159,9138612844444,,33333333
depay_src,162,9138812844444,,
parser_src,162,9138812844444,,33333333
decoder_sink,162,9138812844444,,33333333
decoder_src,160,9138646188888,,33333333
depay_src,163,9138746188888,,
parser_src,163,9138746188888,,33333333
decoder_sink,163,9138746188888,,33333333
decoder_src,161,9138679511111,,33333333
depay_src,164,9138712844444,,
parser_src,164,9138712844444,,33333333
decoder_sink,164,9138712844444,,33333333
decoder_src,162,9138712844444,,33333333
depay_src,165,9138779511111,,
parser_src,165,9138779511111,,33333333
decoder_sink,165,9138779511111,,33333333
decoder_src,163,9138746188888,,33333333
depay_src,166,9138946188888,,
parser_src,166,9138946188888,,33333333
decoder_sink,166,9138946188888,,33333333
decoder_src,164,9138779511111,,33333333
depay_src,167,9138879511111,,
parser_src,167,9138879511111,,33333333
decoder_sink,167,9138879511111,,33333333
decoder_src,165,9138812844444,,33333333
depay_src,168,9138846188888,,
parser_src,168,9138846188888,,33333333
decoder_sink,168,9138846188888,,33333333
decoder_src,166,9138846188888,,33333333
depay_src,169,9138912844444,,
parser_src,169,9138912844444,,33333333
decoder_sink,169,9138912844444,,33333333
decoder_src,167,9138879511111,,33333333
depay_src,170,9139079511111,,
parser_src,170,9139079511111,,33333333
decoder_sink,170,9139079511111,,33333333
decoder_src,168,9138912844444,,33333333
depay_src,171,9139012844444,,
parser_src,171,9139012844444,,33333333
decoder_sink,171,9139012844444,,33333333
decoder_src,169,9138946188888,,33333333
depay_src,172,9138979511111,,
parser_src,172,9138979511111,,33333333
decoder_sink,172,9138979511111,,33333333
decoder_src,170,9138979511111,,33333333
depay_src,173,9139046188888,,
parser_src,173,9139046188888,,33333333
decoder_sink,173,9139046188888,,33333333
decoder_src,171,9139012844444,,33333333
depay_src,174,9139212844444,,
parser_src,174,9139212844444,,33333333
decoder_sink,174,9139212844444,,33333333
decoder_src,172,9139046188888,,33333333
depay_src,175,9139146188888,,
parser_src,175,9139146188888,,33333333
decoder_sink,175,9139146188888,,33333333
decoder_src,173,9139079511111,,33333333
depay_src,176,9139112844444,,
parser_src,176,9139112844444,,33333333
decoder_sink,176,9139112844444,,33333333
decoder_src,174,9139112844444,,33333333
depay_src,177,9139179511111,,
parser_src,177,9139179511111,,33333333
decoder_sink,177,9139179511111,,33333333
decoder_src,175,9139146188888,,33333333
depay_src,178,9139346188888,,
parser_src,178,9139346188888,,33333333
decoder_sink,178,9139346188888,,33333333
decoder_src,176,9139179511111,,33333333
depay_src,179,9139279511111,,
parser_src,179,9139279511111,,33333333
decoder_sink,179,9139279511111,,33333333
decoder_src,177,9139212844444,,33333333
depay_src,180,9139246188888,,
parser_src,180,9139246188888,,33333333
decoder_sink,180,9139246188888,,33333333
decoder_src,178,9139246188888,,33333333
depay_src,181,9139312844444,,
parser_src,181,9139312844444,,33333333
decoder_sink,181,9139312844444,,33333333
decoder_src,179,9139279511111,,33333333
depay_src,182,9139479511111,,
parser_src,182,9139479511111,,33333333
decoder_sink,182,9139479511111,,33333333
decoder_src,180,9139312844444,,33333333
depay_src,183,9139412844444,,
parser_src,183,9139412844444,,33333333
decoder_sink,183,9139412844444,,33333333
decoder_src,181,9139346188888,,33333333
depay_src,184,9139379511111,,
parser_src,184,9139379511111,,33333333
decoder_sink,184,9139379511111,,33333333
decoder_src,182,9139379511111,,33333333
depay_src,185,9139446188888,,
parser_src,185,9139446188888,,33333333
decoder_sink,185,9139446188888,,33333333
decoder_src,183,9139412844444,,33333333
depay_src,186,9139612844444,,
parser_src,186,9139612844444,,33333333
decoder_sink,186,9139612844444,,33333333
decoder_src,184,9139446188888,,33333333
depay_src,187,9139546188888,,
parser_src,187,9139546188888,,33333333
decoder_sink,187,9139546188888,,33333333
decoder_src,185,9139479511111,,33333333
depay_src,188,9139512844444,,
parser_src,188,9139512844444,,33333333
decoder_sink,188,9139512844444,,33333333
decoder_src,186,9139512844444,,33333333
depay_src,189,9139579511111,,
parser_src,189,9139579511111,,33333333
decoder_sink,189,9139579511111,,33333333
decoder_src,187,9139546188888,,33333333
depay_src,190,9139746188888,,
parser_src,190,9139746188888,,33333333
decoder_sink,190,9139746188888,,33333333
decoder_src,188,9139579511111,,33333333
depay_src,191,9139679511111,,
parser_src,191,9139679511111,,33333333
decoder_sink,191,9139679511111,,33333333
decoder_src,189,9139612844444,,33333333
depay_src,192,9139646188888,,
parser_src,192,9139646188888,,33333333
decoder_sink,192,9139646188888,,33333333
decoder_src,190,9139646188888,,33333333
depay_src,193,9139712844444,,
parser_src,193,9139712844444,,33333333
decoder_sink,193,9139712844444,,33333333
decoder_src,191,9139679511111,,33333333
depay_src,194,9139879511111,,
parser_src,194,9139879511111,,33333333
decoder_sink,194,9139879511111,,33333333
decoder_src,192,9139712844444,,33333333
depay_src,195,9139812844444,,
parser_src,195,9139812844444,,33333333
decoder_sink,195,9139812844444,,33333333
decoder_src,193,9139746188888,,33333333
depay_src,196,9139779511111,,
parser_src,196,9139779511111,,33333333
decoder_sink,196,9139779511111,,33333333
decoder_src,194,9139779511111,,33333333
depay_src,197,9139846188888,,
parser_src,197,9139846188888,,33333333
decoder_sink,197,9139846188888,,33333333
decoder_src,195,9139812844444,,33333333
depay_src,198,9140012844444,,
parser_src,198,9140012844444,,33333333
decoder_sink,198,9140012844444,,33333333
decoder_src,196,9139846188888,,33333333
depay_src,199,9139946188888,,
parser_src,199,9139946188888,,33333333
decoder_sink,199,9139946188888,,33333333
decoder_src,197,9139879511111,,33333333
depay_src,200,9139912844444,,
parser_src,200,9139912844444,,33333333
decoder_sink,200,9139912844444,,33333333
decoder_src,198,9139912844444,,33333333
depay_src,201,9139979511111,,
parser_src,201,9139979511111,,33333333
decoder_sink,201,9139979511111,,33333333
decoder_src,199,9139946188888,,33333333
depay_src,202,9140146188888,,
parser_src,202,9140146188888,,33333333
decoder_sink,202,9140146188888,,33333333
decoder_src,200,9139979511111,,33333333
depay_src,203,9140079511111,,
parser_src,203,9140079511111,,33333333
decoder_sink,203,9140079511111,,33333333
decoder_src,201,9140012844444,,33333333
depay_src,204,9140046188888,,
parser_src,204,9140046188888,,33333333
decoder_sink,204,9140046188888,,33333333
decoder_src,202,9140046188888,,33333333
depay_src,205,9140112844444,,
parser_src,205,9140112844444,,33333333
decoder_sink,205,9140112844444,,33333333
decoder_src,203,9140079511111,,33333333
depay_src,206,9140279511111,,
parser_src,206,9140279511111,,33333333
decoder_sink,206,9140279511111,,33333333
decoder_src,204,9140112844444,,33333333
depay_src,207,9140212844444,,
parser_src,207,9140212844444,,33333333
decoder_sink,207,9140212844444,,33333333
decoder_src,205,9140146188888,,33333333
depay_src,208,9140179511111,,
parser_src,208,9140179511111,,33333333
decoder_sink,208,9140179511111,,33333333
decoder_src,206,9140179511111,,33333333
depay_src,209,9140246188888,,
parser_src,209,9140246188888,,33333333
decoder_sink,209,9140246188888,,33333333
decoder_src,207,9140212844444,,33333333
depay_src,210,9140412844444,,
parser_src,210,9140412844444,,33333333
decoder_sink,210,9140412844444,,33333333
decoder_src,208,9140246188888,,33333333
depay_src,211,9140346188888,,
parser_src,211,9140346188888,,33333333
decoder_sink,211,9140346188888,,33333333
decoder_src,209,9140279511111,,33333333
depay_src,212,9140312844444,,
parser_src,212,9140312844444,,33333333
decoder_sink,212,9140312844444,,33333333
decoder_src,210,9140312844444,,33333333
depay_src,213,9140379511111,,
parser_src,213,9140379511111,,33333333
decoder_sink,213,9140379511111,,33333333
decoder_src,211,9140346188888,,33333333
depay_src,214,9140546188888,,
parser_src,214,9140546188888,,33333333
decoder_sink,214,9140546188888,,33333333
decoder_src,212,9140379511111,,33333333
depay_src,215,9140479511111,,
parser_src,215,9140479511111,,33333333
decoder_sink,215,9140479511111,,33333333
decoder_src,213,9140412844444,,33333333
depay_src,216,9140446188888,,
parser_src,216,9140446188888,,33333333
decoder_sink,216,9140446188888,,33333333
decoder_src,214,9140446188888,,33333333
depay_src,217,9140512844444,,
parser_src,217,9140512844444,,33333333
decoder_sink,217,9140512844444,,33333333
decoder_src,215,9140479511111,,33333333
depay_src,218,9140679511111,,
parser_src,218,9140679511111,,33333333
decoder_sink,218,9140679511111,,33333333
decoder_src,216,9140512844444,,33333333
depay_src,219,9140612844444,,
parser_src,219,9140612844444,,33333333
decoder_sink,219,9140612844444,,33333333
decoder_src,217,9140546188888,,33333333
depay_src,220,9140579511111,,
parser_src,220,9140579511111,,33333333
decoder_sink,220,9140579511111,,33333333
decoder_src,218,9140579511111,,33333333
depay_src,221,9140646188888,,
parser_src,221,9140646188888,,33333333
decoder_sink,221,9140646188888,,33333333
decoder_src,219,9140612844444,,33333333
depay_src,222,9140812844444,,
parser_src,222,9140812844444,,33333333
decoder_sink,222,9140812844444,,33333333
decoder_src,220,9140646188888,,33333333
depay_src,223,9140746188888,,
parser_src,223,9140746188888,,33333333
decoder_sink,223,9140746188888,,33333333
decoder_src,221,9140679511111,,33333333
depay_src,224,9140712844444,,
parser_src,224,9140712844444,,33333333
decoder_sink,224,9140712844444,,33333333
decoder_src,222,9140712844444,,33333333
depay_src,225,9140779511111,,
parser_src,225,9140779511111,,33333333
decoder_sink,225,9140779511111,,33333333
decoder_src,223,9140746188888,,33333333
depay_src,226,9140946188888,,
parser_src,226,9140946188888,,33333333
decoder_sink,226,9140946188888,,33333333
decoder_src,224,9140779511111,,33333333
depay_src,227,9140879511111,,
parser_src,227,9140879511111,,33333333
decoder_sink,227,9140879511111,,33333333
decoder_src,225,9140812844444,,33333333
depay_src,228,9140846188888,,
parser_src,228,9140846188888,,33333333
decoder_sink,228,9140846188888,,33333333
decoder_src,226,9140846188888,,33333333
depay_src,229,9140912844444,,
parser_src,229,9140912844444,,33333333
decoder_sink,229,9140912844444,,33333333
decoder_src,227,9140879511111,,33333333
depay_src,230,9141079511111,,
parser_src,230,9141079511111,,33333333
decoder_sink,230,9141079511111,,33333333
decoder_src,228,9140912844444,,33333333
depay_src,231,9141012844444,,
parser_src,231,9141012844444,,33333333
decoder_sink,231,9141012844444,,33333333
decoder_src,229,9140946188888,,33333333
depay_src,232,9140979511111,,
parser_src,232,9140979511111,,33333333
decoder_sink,232,9140979511111,,33333333
decoder_src,230,9140979511111,,33333333
depay_src,233,9141046188888,,
parser_src,233,9141046188888,,33333333
decoder_sink,233,9141046188888,,33333333
decoder_src,231,9141012844444,,33333333
depay_src,234,9141212844444,,
parser_src,234,9141212844444,,33333333
decoder_sink,234,9141212844444,,33333333
decoder_src,232,9141046188888,,33333333
depay_src,235,9141146188888,,
parser_src,235,9141146188888,,33333333
decoder_sink,235,9141146188888,,33333333
decoder_src,233,9141079511111,,33333333
depay_src,236,9141112844444,,
parser_src,236,9141112844444,,33333333
decoder_sink,236,9141112844444,,33333333
decoder_src,234,9141112844444,,33333333
depay_src,237,9141179511111,,
parser_src,237,9141179511111,,33333333
decoder_sink,237,9141179511111,,33333333
decoder_src,235,9141146188888,,33333333
depay_src,238,9141346188888,,
parser_src,238,9141346188888,,33333333
decoder_sink,238,9141346188888,,33333333
decoder_src,236,9141179511111,,33333333
depay_src,239,9141279511111,,
parser_src,239,9141279511111,,33333333
decoder_sink,239,9141279511111,,33333333
decoder_src,237,9141212844444,,33333333
depay_src,240,9141246188888,,
parser_src,240,9141246188888,,33333333
decoder_sink,240,9141246188888,,33333333
decoder_src,238,9141246188888,,33333333
depay_src,241,9141312844444,,
parser_src,241,9141312844444,,33333333
decoder_sink,241,9141312844444,,33333333
decoder_src,239,9141279511111,,33333333
depay_src,242,9141479511111,,
parser_src,242,9141479511111,,33333333
decoder_sink,242,9141479511111,,33333333
decoder_src,240,9141312844444,,33333333
depay_src,243,9141412844444,,
parser_src,243,9141412844444,,33333333
decoder_sink,243,9141412844444,,33333333
decoder_src,241,9141346188888,,33333333
depay_src,244,9141379511111,,
parser_src,244,9141379511111,,33333333
decoder_sink,244,9141379511111,,33333333
decoder_src,242,9141379511111,,33333333
depay_src,245,9141446188888,,
parser_src,245,9141446188888,,33333333
decoder_sink,245,9141446188888,,33333333
decoder_src,243,9141412844444,,33333333
depay_src,246,9141612844444,,
parser_src,246,9141612844444,,33333333
decoder_sink,246,9141612844444,,33333333
decoder_src,244,9141446188888,,33333333
depay_src,247,9141546188888,,
parser_src,247,9141546188888,,33333333
decoder_sink,247,9141546188888,,33333333
decoder_src,245,9141479511111,,33333333
depay_src,248,9141512844444,,
parser_src,248,9141512844444,,33333333
decoder_sink,248,9141512844444,,33333333
decoder_src,246,9141512844444,,33333333
depay_src,249,9141579511111,,
parser_src,249,9141579511111,,33333333
decoder_sink,249,9141579511111,,33333333
decoder_src,247,9141546188888,,33333333
depay_src,250,9141746188888,,
parser_src,250,9141746188888,,33333333
decoder_sink,250,9141746188888,,33333333
decoder_src,248,9141579511111,,33333333
depay_src,251,9141679511111,,
parser_src,251,9141679511111,,33333333
decoder_sink,251,9141679511111,,33333333
decoder_src,249,9141612844444,,33333333
depay_src,252,9141646188888,,
parser_src,252,9141646188888,,33333333
decoder_sink,252,9141646188888,,33333333
decoder_src,250,9141646188888,,33333333
depay_src,253,9141712844444,,
parser_src,253,9141712844444,,33333333
decoder_sink,253,9141712844444,,33333333
decoder_src,251,9141679511111,,33333333
depay_src,254,9141879511111,,
parser_src,254,9141879511111,,33333333
decoder_sink,254,9141879511111,,33333333
decoder_src,252,9141712844444,,33333333
depay_src,255,9141812844444,,
parser_src,255,9141812844444,,33333333
decoder_sink,255,9141812844444,,33333333
decoder_src,253,9141746188888,,33333333
depay_src,256,9141779511111,,
parser_src,256,9141779511111,,33333333
decoder_sink,256,9141779511111,,33333333
decoder_src,254,9141779511111,,33333333
depay_src,257,9141846188888,,
parser_src,257,9141846188888,,33333333
decoder_sink,257,9141846188888,,33333333
decoder_src,255,9141812844444,,33333333
depay_src,258,9142012844444,,
parser_src,258,9142012844444,,33333333
decoder_sink,258,9142012844444,,33333333
decoder_src,256,9141846188888,,33333333
depay_src,259,9141946188888,,
parser_src,259,9141946188888,,33333333
decoder_sink,259,9141946188888,,33333333
decoder_src,257,9141879511111,,33333333
depay_src,260,9141912844444,,
parser_src,260,9141912844444,,33333333
decoder_sink,260,9141912844444,,33333333
decoder_src,258,9141912844444,,33333333
depay_src,261,9141979511111,,
parser_src,261,9141979511111,,33333333
decoder_sink,261,9141979511111,,33333333
decoder_src,259,9141946188888,,33333333
depay_src,262,9142146188888,,
parser_src,262,9142146188888,,33333333
decoder_sink,262,9142146188888,,33333333
decoder_src,260,9141979511111,,33333333
depay_src,263,9142079511111,,
parser_src,263,9142079511111,,33333333
decoder_sink,263,9142079511111,,33333333
decoder_src,261,9142012844444,,33333333
depay_src,264,9142046188888,,
parser_src,264,9142046188888,,33333333
decoder_sink,264,9142046188888,,33333333
decoder_src,262,9142046188888,,33333333
depay_src,265,9142112844444,,
parser_src,265,9142112844444,,33333333
decoder_sink,265,9142112844444,,33333333
decoder_src,263,9142079511111,,33333333
depay_src,266,9142279511111,,
parser_src,266,9142279511111,,33333333
decoder_sink,266,9142279511111,,33333333
decoder_src,264,9142112844444,,33333333
depay_src,267,9142212844444,,
parser_src,267,9142212844444,,33333333
decoder_sink,267,9142212844444,,33333333
decoder_src,265,9142146188888,,33333333
depay_src,268,9142179511111,,
parser_src,268,9142179511111,,33333333
decoder_sink,268,9142179511111,,33333333
decoder_src,266,9142179511111,,33333333
depay_src,269,9142246188888,,
parser_src,269,9142246188888,,33333333
decoder_sink,269,9142246188888,,33333333
decoder_src,267,9142212844444,,33333333
depay_src,270,9142312844444,,
parser_src,270,9142312844444,,33333333
decoder_sink,270,9142312844444,,33333333
decoder_src,268,9142246188888,,33333333
depay_src,271,9142346188888,,
parser_src,271,9142346188888,,33333333
decoder_sink,271,9142346188888,,33333333
decoder_src,269,9142279511111,,33333333
depay_src,272,9142479511111,,
parser_src,272,9142479511111,,33333333
decoder_sink,272,9142479511111,,33333333
decoder_src,270,9142312844444,,33333333
depay_src,273,9142412844444,,
parser_src,273,9142412844444,,33333333
decoder_sink,273,9142412844444,,33333333
decoder_src,271,9142346188888,,33333333
depay_src,274,9142379511111,,
parser_src,274,9142379511111,,33333333
decoder_sink,274,9142379511111,,33333333
decoder_src,272,9142379511111,,33333333
depay_src,275,9142446188888,,
parser_src,275,9142446188888,,33333333
decoder_sink,275,9142446188888,,33333333
decoder_src,273,9142412844444,,33333333
depay_src,276,9142612844444,,
parser_src,276,9142612844444,,33333333
decoder_sink,276,9142612844444,,33333333
decoder_src,274,9142446188888,,33333333
depay_src,277,9142546188888,,
parser_src,277,9142546188888,,33333333
decoder_sink,277,9142546188888,,33333333
decoder_src,275,9142479511111,,33333333
depay_src,278,9142512844444,,
parser_src,278,9142512844444,,33333333
decoder_sink,278,9142512844444,,33333333
decoder_src,276,9142512844444,,33333333
depay_src,279,9142579511111,,
parser_src,279,9142579511111,,33333333
decoder_sink,279,9142579511111,,33333333
decoder_src,277,9142546188888,,33333333
depay_src,280,9142746188888,,
parser_src,280,9142746188888,,33333333
decoder_sink,280,9142746188888,,33333333
decoder_src,278,9142579511111,,33333333
depay_src,281,9142679511111,,
parser_src,281,9142679511111,,33333333
decoder_sink,281,9142679511111,,33333333
decoder_src,279,9142612844444,,33333333
depay_src,282,9142646188888,,
parser_src,282,9142646188888,,33333333
decoder_sink,282,9142646188888,,33333333
decoder_src,280,9142646188888,,33333333
depay_src,283,9142712844444,,
parser_src,283,9142712844444,,33333333
decoder_sink,283,9142712844444,,33333333
decoder_src,281,9142679511111,,33333333
depay_src,284,9142879511111,,
parser_src,284,9142879511111,,33333333
decoder_sink,284,9142879511111,,33333333
decoder_src,282,9142712844444,,33333333
depay_src,285,9142812844444,,
parser_src,285,9142812844444,,33333333
decoder_sink,285,9142812844444,,33333333
decoder_src,283,9142746188888,,33333333
depay_src,286,9142779511111,,
parser_src,286,9142779511111,,33333333
decoder_sink,286,9142779511111,,33333333
decoder_src,284,9142779511111,,33333333
depay_src,287,9142846188888,,
parser_src,287,9142846188888,,33333333
decoder_sink,287,9142846188888,,33333333
decoder_src,285,9142812844444,,33333333
depay_src,288,9143012844444,,
parser_src,288,9143012844444,,33333333
decoder_sink,288,9143012844444,,33333333
decoder_src,286,9142846188888,,33333333
depay_src,289,9142946188888,,
parser_src,289,9142946188888,,33333333
decoder_sink,289,9142946188888,,33333333
decoder_src,287,9142879511111,,33333333
depay_src,290,9142912844444,,
parser_src,290,9142912844444,,33333333
decoder_sink,290,9142912844444,,33333333
decoder_src,288,9142912844444,,33333333
depay_src,291,9142979511111,,
parser_src,291,9142979511111,,33333333
decoder_sink,291,9142979511111,,33333333
decoder_src,289,9142946188888,,33333333
depay_src,292,9143146188888,,
parser_src,292,9143146188888,,33333333
decoder_sink,292,9143146188888,,33333333
decoder_src,290,9142979511111,,33333333
depay_src,293,9143079511111,,
parser_src,293,9143079511111,,33333333
decoder_sink,293,9143079511111,,33333333
decoder_src,291,9143012844444,,33333333
depay_src,294,9143046188888,,
parser_src,294,9143046188888,,33333333
decoder_sink,294,9143046188888,,33333333
decoder_src,292,9143046188888,,33333333
depay_src,295,9143112844444,,
parser_src,295,9143112844444,,33333333
decoder_sink,295,9143112844444,,33333333
decoder_src,293,9143079511111,,33333333
depay_src,296,9143279511111,,
parser_src,296,9143279511111,,33333333
decoder_sink,296,9143279511111,,33333333
decoder_src,294,9143112844444,,33333333
depay_src,297,9143212844444,,
parser_src,297,9143212844444,,33333333
decoder_sink,297,9143212844444,,33333333
decoder_src,295,9143146188888,,33333333
depay_src,298,9143179511111,,
parser_src,298,9143179511111,,33333333
decoder_sink,298,9143179511111,,33333333
decoder_src,296,9143179511111,,33333333
depay_src,299,9143246188888,,
parser_src,299,9143246188888,,33333333
decoder_sink,299,9143246188888,,33333333
decoder_src,297,9143212844444,,33333333
depay_src,300,9143346188888,,
parser_src,300,9143346188888,,33333333
decoder_sink,300,9143346188888,,33333333
decoder_src,298,9143246188888,,33333333
depay_src,301,9143312844444,,
parser_src,301,9143312844444,,33333333
decoder_sink,301,9143312844444,,33333333
decoder_src,299,9143279511111,,33333333
depay_src,302,9143479511111,,
parser_src,302,9143479511111,,33333333
decoder_sink,302,9143479511111,,33333333
decoder_src,300,9143312844444,,33333333
depay_src,303,9143412844444,,
parser_src,303,9143412844444,,33333333
decoder_sink,303,9143412844444,,33333333
decoder_src,301,9143346188888,,33333333
depay_src,304,9143379511111,,
parser_src,304,9143379511111,,33333333
decoder_sink,304,9143379511111,,33333333
decoder_src,302,9143379511111,,33333333
depay_src,305,9143446188888,,
parser_src,305,9143446188888,,33333333
decoder_sink,305,9143446188888,,33333333
decoder_src,303,9143412844444,,33333333
depay_src,306,9143612844444,,
parser_src,306,9143612844444,,33333333
decoder_sink,306,9143612844444,,33333333
decoder_src,304,9143446188888,,33333333
depay_src,307,9143546188888,,
parser_src,307,9143546188888,,33333333
decoder_sink,307,9143546188888,,33333333
decoder_src,305,9143479511111,,33333333
depay_src,308,9143512844444,,
parser_src,308,9143512844444,,33333333
decoder_sink,308,9143512844444,,33333333
decoder_src,306,9143512844444,,33333333
depay_src,309,9143579511111,,
parser_src,309,9143579511111,,33333333
decoder_sink,309,9143579511111,,33333333
decoder_src,307,9143546188888,,33333333
depay_src,310,9143746188888,,
parser_src,310,9143746188888,,33333333
decoder_sink,310,9143746188888,,33333333
decoder_src,308,9143579511111,,33333333
depay_src,311,9143679511111,,
parser_src,311,9143679511111,,33333333
decoder_sink,311,9143679511111,,33333333
decoder_src,309,9143612844444,,33333333
depay_src,312,9143646188888,,
parser_src,312,9143646188888,,33333333
decoder_sink,312,9143646188888,,33333333
decoder_src,310,9143646188888,,33333333
depay_src,313,9143712844444,,
parser_src,313,9143712844444,,33333333
decoder_sink,313,9143712844444,,33333333
decoder_src,311,9143679511111,,33333333
depay_src,314,9143879511111,,
parser_src,314,9143879511111,,33333333
decoder_sink,314,9143879511111,,33333333
decoder_src,312,9143712844444,,33333333
depay_src,315,9143812844444,,
parser_src,315,9143812844444,,33333333
decoder_sink,315,9143812844444,,33333333
decoder_src,313,9143746188888,,33333333
depay_src,316,9143779511111,,
parser_src,316,9143779511111,,33333333
decoder_sink,316,9143779511111,,33333333
decoder_src,314,9143779511111,,33333333
depay_src,317,9143846188888,,
parser_src,317,9143846188888,,33333333
decoder_sink,317,9143846188888,,33333333
decoder_src,315,9143812844444,,33333333
depay_src,318,9144012844444,,
parser_src,318,9144012844444,,33333333
decoder_sink,318,9144012844444,,33333333
decoder_src,316,9143846188888,,33333333
depay_src,319,9143946188888,,
parser_src,319,9143946188888,,33333333
decoder_sink,319,9143946188888,,33333333
decoder_src,317,9143879511111,,33333333
depay_src,320,9143912844444,,
parser_src,320,9143912844444,,33333333
decoder_sink,320,9143912844444,,33333333
decoder_src,318,9143912844444,,33333333
depay_src,321,9143979511111,,
parser_src,321,9143979511111,,33333333
decoder_sink,321,9143979511111,,33333333
decoder_src,319,9143946188888,,33333333
depay_src,322,9144146188888,,
parser_src,322,9144146188888,,33333333
decoder_sink,322,9144146188888,,33333333
decoder_src,320,9143979511111,,33333333
depay_src,323,9144079511111,,
parser_src,323,9144079511111,,33333333
decoder_sink,323,9144079511111,,33333333
decoder_src,321,9144012844444,,33333333
depay_src,324,9144046188888,,
parser_src,324,9144046188888,,33333333
decoder_sink,324,9144046188888,,33333333
decoder_src,322,9144046188888,,33333333
depay_src,325,9144112844444,,
parser_src,325,9144112844444,,33333333
decoder_sink,325,9144112844444,,33333333
decoder_src,323,9144079511111,,33333333
depay_src,326,9144279511111,,
parser_src,326,9144279511111,,33333333
decoder_sink,326,9144279511111,,33333333
decoder_src,324,9144112844444,,33333333
depay_src,327,9144212844444,,
parser_src,327,9144212844444,,33333333
decoder_sink,327,9144212844444,,33333333
decoder_src,325,9144146188888,,33333333
depay_src,328,9144179511111,,
parser_src,328,9144179511111,,33333333
decoder_sink,328,9144179511111,,33333333
decoder_src,326,9144179511111,,33333333
depay_src,329,9144246188888,,
parser_src,329,9144246188888,,33333333
decoder_sink,329,9144246188888,,33333333
decoder_src,327,9144212844444,,33333333
depay_src,330,9144412844444,,
parser_src,330,9144412844444,,33333333
decoder_sink,330,9144412844444,,33333333
decoder_src,328,9144246188888,,33333333
depay_src,331,9144346188888,,
parser_src,331,9144346188888,,33333333
decoder_sink,331,9144346188888,,33333333
decoder_src,329,9144279511111,,33333333
depay_src,332,9144312844444,,
parser_src,332,9144312844444,,33333333
decoder_sink,332,9144312844444,,33333333
decoder_src,330,9144312844444,,33333333
depay_src,333,9144379511111,,
parser_src,333,9144379511111,,33333333
decoder_sink,333,9144379511111,,33333333
decoder_src,331,9144346188888,,33333333
depay_src,334,9144546188888,,
parser_src,334,9144546188888,,33333333
decoder_sink,334,9144546188888,,33333333
decoder_src,332,9144379511111,,33333333
depay_src,335,9144479511111,,
parser_src,335,9144479511111,,33333333
decoder_sink,335,9144479511111,,33333333
decoder_src,333,9144412844444,,33333333
depay_src,336,9144446188888,,
parser_src,336,9144446188888,,33333333
decoder_sink,336,9144446188888,,33333333
decoder_src,334,9144446188888,,33333333
depay_src,337,9144512844444,,
parser_src,337,9144512844444,,33333333
decoder_sink,337,9144512844444,,33333333
decoder_src,335,9144479511111,,33333333
depay_src,338,9144679511111,,
parser_src,338,9144679511111,,33333333
decoder_sink,338,9144679511111,,33333333
decoder_src,336,9144512844444,,33333333
depay_src,339,9144612844444,,
parser_src,339,9144612844444,,33333333
decoder_sink,339,9144612844444,,33333333
decoder_src,337,9144546188888,,33333333
depay_src,340,9144579511111,,
parser_src,340,9144579511111,,33333333
decoder_sink,340,9144579511111,,33333333
decoder_src,338,9144579511111,,33333333
depay_src,341,9144646188888,,
parser_src,341,9144646188888,,33333333
decoder_sink,341,9144646188888,,33333333
decoder_src,339,9144612844444,,33333333
depay_src,342,9144812844444,,
parser_src,342,9144812844444,,33333333
decoder_sink,342,9144812844444,,33333333
decoder_src,340,9144646188888,,33333333
depay_src,343,9144746188888,,
parser_src,343,9144746188888,,33333333
decoder_sink,343,9144746188888,,33333333
decoder_src,341,9144679511111,,33333333
depay_src,344,9144712844444,,
parser_src,344,9144712844444,,33333333
decoder_sink,344,9144712844444,,33333333
decoder_src,342,9144712844444,,33333333
depay_src,345,9144779511111,,
parser_src,345,9144779511111,,33333333
decoder_sink,345,9144779511111,,33333333
decoder_src,343,9144746188888,,33333333
depay_src,346,9144946188888,,
parser_src,346,9144946188888,,33333333
decoder_sink,346,9144946188888,,33333333
decoder_src,344,9144779511111,,33333333
depay_src,347,9144879511111,,
parser_src,347,9144879511111,,33333333
decoder_sink,347,9144879511111,,33333333
decoder_src,345,9144812844444,,33333333
depay_src,348,9144846188888,,
parser_src,348,9144846188888,,33333333
decoder_sink,348,9144846188888,,33333333
decoder_src,346,9144846188888,,33333333
depay_src,349,9144912844444,,
parser_src,349,9144912844444,,33333333
decoder_sink,349,9144912844444,,33333333
decoder_src,347,9144879511111,,33333333
depay_src,350,9145079511111,,
parser_src,350,9145079511111,,33333333
decoder_sink,350,9145079511111,,33333333
decoder_src,348,9144912844444,,33333333
depay_src,351,9145012844444,,
parser_src,351,9145012844444,,33333333
decoder_sink,351,9145012844444,,33333333
decoder_src,349,9144946188888,,33333333
depay_src,352,9144979511111,,
parser_src,352,9144979511111,,33333333
decoder_sink,352,9144979511111,,33333333
decoder_src,350,9144979511111,,33333333
depay_src,353,9145046188888,,
parser_src,353,9145046188888,,33333333
decoder_sink,353,9145046188888,,33333333
decoder_src,351,9145012844444,,33333333
depay_src,354,9145212844444,,
parser_src,354,9145212844444,,33333333
decoder_sink,354,9145212844444,,33333333
decoder_src,352,9145046188888,,33333333
depay_src,355,9145146188888,,
parser_src,355,9145146188888,,33333333
decoder_sink,355,9145146188888,,33333333
decoder_src,353,9145079511111,,33333333
depay_src,356,9145112844444,,
parser_src,356,9145112844444,,33333333
decoder_sink,356,9145112844444,,33333333
decoder_src,354,9145112844444,,33333333
depay_src,357,9145179511111,,
parser_src,357,9145179511111,,33333333
decoder_sink,357,9145179511111,,33333333
decoder_src,355,9145146188888,,33333333
depay_src,358,9145346188888,,
parser_src,358,9145346188888,,33333333
decoder_sink,358,9145346188888,,33333333
decoder_src,356,9145179511111,,33333333
depay_src,359,9145279511111,,
parser_src,359,9145279511111,,33333333
decoder_sink,359,9145279511111,,33333333
decoder_src,357,9145212844444,,33333333
depay_src,360,9145246188888,,
parser_src,360,9145246188888,,33333333
decoder_sink,360,9145246188888,,33333333
decoder_src,358,9145246188888,,33333333
depay_src,361,9145312844444,,
parser_src,361,9145312844444,,33333333
decoder_sink,361,9145312844444,,33333333
decoder_src,359,9145279511111,,33333333
depay_src,362,9145479511111,,
parser_src,362,9145479511111,,33333333
decoder_sink,362,9145479511111,,33333333
decoder_src,360,9145312844444,,33333333
depay_src,363,9145412844444,,
parser_src,363,9145412844444,,33333333
decoder_sink,363,9145412844444,,33333333
decoder_src,361,9145346188888,,33333333
depay_src,364,9145379511111,,
parser_src,364,9145379511111,,33333333
decoder_sink,364,9145379511111,,33333333
decoder_src,362,9145379511111,,33333333
depay_src,365,9145446188888,,
parser_src,365,9145446188888,,33333333
decoder_sink,365,9145446188888,,33333333
decoder_src,363,9145412844444,,33333333
depay_src,366,9145612844444,,
parser_src,366,9145612844444,,33333333
decoder_sink,366,9145612844444,,33333333
decoder_src,364,9145446188888,,33333333
depay_src,367,9145546188888,,
parser_src,367,9145546188888,,33333333
decoder_sink,367,9145546188888,,33333333
decoder_src,365,9145479511111,,33333333
depay_src,368,9145512844444,,
parser_src,368,9145512844444,,33333333
decoder_sink,368,9145512844444,,33333333
decoder_src,366,9145512844444,,33333333
depay_src,369,9145579511111,,
parser_src,369,9145579511111,,33333333
decoder_sink,369,9145579511111,,33333333
decoder_src,367,9145546188888,,33333333
depay_src,370,9145746188888,,
parser_src,370,9145746188888,,33333333
decoder_sink,370,9145746188888,,33333333
decoder_src,368,9145579511111,,33333333
depay_src,371,9145679511111,,
parser_src,371,9145679511111,,33333333
decoder_sink,371,9145679511111,,33333333
decoder_src,369,9145612844444,,33333333
depay_src,372,9145646188888,,
parser_src,372,9145646188888,,33333333
decoder_sink,372,9145646188888,,33333333
decoder_src,370,9145646188888,,33333333
depay_src,373,9145712844444,,
parser_src,373,9145712844444,,33333333
decoder_sink,373,9145712844444,,33333333
decoder_src,371,9145679511111,,33333333
depay_src,374,9145879511111,,
parser_src,374,9145879511111,,33333333
decoder_sink,374,9145879511111,,33333333
decoder_src,372,9145712844444,,33333333
depay_src,375,9145812844444,,
parser_src,375,9145812844444,,33333333
decoder_sink,375,9145812844444,,33333333
decoder_src,373,9145746188888,,33333333
depay_src,376,9145779511111,,
parser_src,376,9145779511111,,33333333
decoder_sink,376,9145779511111,,33333333
decoder_src,374,9145779511111,,33333333
depay_src,377,9145846188888,,
parser_src,377,9145846188888,,33333333
decoder_sink,377,9145846188888,,33333333
decoder_src,375,9145812844444,,33333333
depay_src,378,9146012844444,,
parser_src,378,9146012844444,,33333333
decoder_sink,378,9146012844444,,33333333
decoder_src,376,9145846188888,,33333333
depay_src,379,9145946188888,,
parser_src,379,9145946188888,,33333333
decoder_sink,379,9145946188888,,33333333
decoder_src,377,9145879511111,,33333333
depay_src,380,9145912844444,,
parser_src,380,9145912844444,,33333333
decoder_sink,380,9145912844444,,33333333
decoder_src,378,9145912844444,,33333333
depay_src,381,9145979511111,,
parser_src,381,9145979511111,,33333333
decoder_sink,381,9145979511111,,33333333
decoder_src,379,9145946188888,,33333333
depay_src,382,9146146188888,,
parser_src,382,9146146188888,,33333333
decoder_sink,382,9146146188888,,33333333
decoder_src,380,9145979511111,,33333333
depay_src,383,9146079511111,,
parser_src,383,9146079511111,,33333333
decoder_sink,383,9146079511111,,33333333
decoder_src,381,9146012844444,,33333333
depay_src,384,9146046188888,,
parser_src,384,9146046188888,,33333333
decoder_sink,384,9146046188888,,33333333
decoder_src,382,9146046188888,,33333333
depay_src,385,9146112844444,,
parser_src,385,9146112844444,,33333333
decoder_sink,385,9146112844444,,33333333
decoder_src,383,9146079511111,,33333333
depay_src,386,9146279511111,,
parser_src,386,9146279511111,,33333333
decoder_sink,386,9146279511111,,33333333
decoder_src,384,9146112844444,,33333333
depay_src,387,9146212844444,,
parser_src,387,9146212844444,,33333333
decoder_sink,387,9146212844444,,33333333
decoder_src,385,9146146188888,,33333333
depay_src,388,9146179511111,,
parser_src,388,9146179511111,,33333333
decoder_sink,388,9146179511111,,33333333
decoder_src,386,9146179511111,,33333333
depay_src,389,9146246188888,,
parser_src,389,9146246188888,,33333333
decoder_sink,389,9146246188888,,33333333
decoder_src,387,9146212844444,,33333333
depay_src,390,9146412844444,,
parser_src,390,9146412844444,,33333333
decoder_sink,390,9146412844444,,33333333
decoder_src,388,9146246188888,,33333333
depay_src,391,9146346188888,,
parser_src,391,9146346188888,,33333333
decoder_sink,391,9146346188888,,33333333
decoder_src,389,9146279511111,,33333333
depay_src,392,9146312844444,,
parser_src,392,9146312844444,,33333333
decoder_sink,392,9146312844444,,33333333
decoder_src,390,9146312844444,,33333333
depay_src,393,9146379511111,,
parser_src,393,9146379511111,,33333333
decoder_sink,393,9146379511111,,33333333
decoder_src,391,9146346188888,,33333333
depay_src,394,9146546188888,,
parser_src,394,9146546188888,,33333333
decoder_sink,394,9146546188888,,33333333
decoder_src,392,9146379511111,,33333333
depay_src,395,9146479511111,,
parser_src,395,9146479511111,,33333333
decoder_sink,395,9146479511111,,33333333
decoder_src,393,9146412844444,,33333333
depay_src,396,9146446188888,,
parser_src,396,9146446188888,,33333333
decoder_sink,396,9146446188888,,33333333
decoder_src,394,9146446188888,,33333333
depay_src,397,9146512844444,,
parser_src,397,9146512844444,,33333333
decoder_sink,397,9146512844444,,33333333
decoder_src,395,9146479511111,,33333333
depay_src,398,9146679511111,,
parser_src,398,9146679511111,,33333333
decoder_sink,398,9146679511111,,33333333
decoder_src,396,9146512844444,,33333333
depay_src,399,9146612844444,,
parser_src,399,9146612844444,,33333333
decoder_sink,399,9146612844444,,33333333
decoder_src,397,9146546188888,,33333333
depay_src,400,9146579511111,,
parser_src,400,9146579511111,,33333333
decoder_sink,400,9146579511111,,33333333
decoder_src,398,9146579511111,,33333333
depay_src,401,9146646188888,,
parser_src,401,9146646188888,,33333333
decoder_sink,401,9146646188888,,33333333
decoder_src,399,9146612844444,,33333333
depay_src,402,9146812844444,,
parser_src,402,9146812844444,,33333333
decoder_sink,402,9146812844444,,33333333
decoder_src,400,9146646188888,,33333333
depay_src,403,9146746188888,,
parser_src,403,9146746188888,,33333333
decoder_sink,403,9146746188888,,33333333
decoder_src,401,9146679511111,,33333333
depay_src,404,9146712844444,,
parser_src,404,9146712844444,,33333333
decoder_sink,404,9146712844444,,33333333
decoder_src,402,9146712844444,,33333333
depay_src,405,9146779511111,,
parser_src,405,9146779511111,,33333333
decoder_sink,405,9146779511111,,33333333
decoder_src,403,9146746188888,,33333333
depay_src,406,9146946188888,,
parser_src,406,9146946188888,,33333333
decoder_sink,406,9146946188888,,33333333
decoder_src,404,9146779511111,,33333333
depay_src,407,9146879511111,,
parser_src,407,9146879511111,,33333333
decoder_sink,407,9146879511111,,33333333
decoder_src,405,9146812844444,,33333333
depay_src,408,9146846188888,,
parser_src,408,9146846188888,,33333333
decoder_sink,408,9146846188888,,33333333
decoder_src,406,9146846188888,,33333333
depay_src,409,9146912844444,,
parser_src,409,9146912844444,,33333333
decoder_sink,409,9146912844444,,33333333
decoder_src,407,9146879511111,,33333333
depay_src,410,9147079511111,,
parser_src,410,9147079511111,,33333333
decoder_sink,410,9147079511111,,33333333
decoder_src,408,9146912844444,,33333333
depay_src,411,9147012844444,,
parser_src,411,9147012844444,,33333333
decoder_sink,411,9147012844444,,33333333
decoder_src,409,9146946188888,,33333333
depay_src,412,9146979511111,,
parser_src,412,9146979511111,,33333333
decoder_sink,412,9146979511111,,33333333
decoder_src,410,9146979511111,,33333333
depay_src,413,9147046188888,,
parser_src,413,9147046188888,,33333333
decoder_sink,413,9147046188888,,33333333
decoder_src,411,9147012844444,,33333333
depay_src,414,9147212844444,,
parser_src,414,9147212844444,,33333333
decoder_sink,414,9147212844444,,33333333
decoder_src,412,9147046188888,,33333333
depay_src,415,9147146188888,,
parser_src,415,9147146188888,,33333333
decoder_sink,415,9147146188888,,33333333
decoder_src,413,9147079511111,,33333333
depay_src,416,9147112844444,,
parser_src,416,9147112844444,,33333333
decoder_sink,416,9147112844444,,33333333
decoder_src,414,9147112844444,,33333333
depay_src,417,9147179511111,,
parser_src,417,9147179511111,,33333333
decoder_sink,417,9147179511111,,33333333
decoder_src,415,9147146188888,,33333333
depay_src,418,9147346188888,,
parser_src,418,9147346188888,,33333333
decoder_sink,418,9147346188888,,33333333
decoder_src,416,9147179511111,,33333333
depay_src,419,9147279511111,,
parser_src,419,9147279511111,,33333333
decoder_sink,419,9147279511111,,33333333
decoder_src,417,9147212844444,,33333333
depay_src,420,9147246188888,,
parser_src,420,9147246188888,,33333333
decoder_sink,420,9147246188888,,33333333
decoder_src,418,9147246188888,,33333333
depay_src,421,9147312844444,,
parser_src,421,9147312844444,,33333333
decoder_sink,421,9147312844444,,33333333
decoder_src,419,9147279511111,,33333333
depay_src,422,9147479511111,,
parser_src,422,9147479511111,,33333333
decoder_sink,422,9147479511111,,33333333
decoder_src,420,9147312844444,,33333333
depay_src,423,9147412844444,,
parser_src,423,9147412844444,,33333333
decoder_sink,423,9147412844444,,33333333
decoder_src,421,9147346188888,,33333333
depay_src,424,9147379511111,,
parser_src,424,9147379511111,,33333333
decoder_sink,424,9147379511111,,33333333
decoder_src,422,9147379511111,,33333333
depay_src,425,9147446188888,,
parser_src,425,9147446188888,,33333333
decoder_sink,425,9147446188888,,33333333
decoder_src,423,9147412844444,,33333333
depay_src,426,9147612844444,,
parser_src,426,9147612844444,,33333333
decoder_sink,426,9147612844444,,33333333
decoder_src,424,9147446188888,,33333333
depay_src,427,9147546188888,,
parser_src,427,9147546188888,,33333333
decoder_sink,427,9147546188888,,33333333
decoder_src,425,9147479511111,,33333333
depay_src,428,9147512844444,,
parser_src,428,9147512844444,,33333333
decoder_sink,428,9147512844444,,33333333
decoder_src,426,9147512844444,,33333333
depay_src,429,9147579511111,,
parser_src,429,9147579511111,,33333333
decoder_sink,429,9147579511111,,33333333
decoder_src,427,9147546188888,,33333333
depay_src,430,9147746188888,,
parser_src,430,9147746188888,,33333333
decoder_sink,430,9147746188888,,33333333
decoder_src,428,9147579511111,,33333333
depay_src,431,9147679511111,,
parser_src,431,9147679511111,,33333333
decoder_sink,431,9147679511111,,33333333
decoder_src,429,9147612844444,,33333333
depay_src,432,9147646188888,,
parser_src,432,9147646188888,,33333333
decoder_sink,432,9147646188888,,33333333
decoder_src,430,9147646188888,,33333333
depay_src,433,9147712844444,,
parser_src,433,9147712844444,,33333333
decoder_sink,433,9147712844444,,33333333
decoder_src,431,9147679511111,,33333333
depay_src,434,9147879511111,,
parser_src,434,9147879511111,,33333333
decoder_sink,434,9147879511111,,33333333
decoder_src,432,9147712844444,,33333333
depay_src,435,9147812844444,,
parser_src,435,9147812844444,,33333333
decoder_sink,435,9147812844444,,33333333
decoder_src,433,9147746188888,,33333333
depay_src,436,9147779511111,,
parser_src,436,9147779511111,,33333333
decoder_sink,436,9147779511111,,33333333
decoder_src,434,9147779511111,,33333333
depay_src,437,9147846188888,,
parser_src,437,9147846188888,,33333333
decoder_sink,437,9147846188888,,33333333
decoder_src,435,9147812844444,,33333333
depay_src,438,9148012844444,,
parser_src,438,9148012844444,,33333333
decoder_sink,438,9148012844444,,33333333
decoder_src,436,9147846188888,,33333333
depay_src,439,9147946188888,,
parser_src,439,9147946188888,,33333333
decoder_sink,439,9147946188888,,33333333
decoder_src,437,9147879511111,,33333333
depay_src,440,9147912844444,,
parser_src,440,9147912844444,,33333333
decoder_sink,440,9147912844444,,33333333
decoder_src,438,9147912844444,,33333333
depay_src,441,9147979511111,,
parser_src,441,9147979511111,,33333333
decoder_sink,441,9147979511111,,33333333
decoder_src,439,9147946188888,,33333333
depay_src,442,9148146188888,,
parser_src,442,9148146188888,,33333333
decoder_sink,442,9148146188888,,33333333
decoder_src,440,9147979511111,,33333333
depay_src,443,9148079511111,,
parser_src,443,9148079511111,,33333333
decoder_sink,443,9148079511111,,33333333
decoder_src,441,9148012844444,,33333333
depay_src,444,9148046188888,,
parser_src,444,9148046188888,,33333333
decoder_sink,444,9148046188888,,33333333
decoder_src,442,9148046188888,,33333333
depay_src,445,9148112844444,,
parser_src,445,9148112844444,,33333333
decoder_sink,445,9148112844444,,33333333
decoder_src,443,9148079511111,,33333333
depay_src,446,9148279511111,,
parser_src,446,9148279511111,,33333333
decoder_sink,446,9148279511111,,33333333
decoder_src,444,9148112844444,,33333333
depay_src,447,9148212844444,,
parser_src,447,9148212844444,,33333333
decoder_sink,447,9148212844444,,33333333
decoder_src,445,9148146188888,,33333333
depay_src,448,9148179511111,,
parser_src,448,9148179511111,,33333333
decoder_sink,448,9148179511111,,33333333
decoder_src,446,9148179511111,,33333333
depay_src,449,9148246188888,,
parser_src,449,9148246188888,,33333333
decoder_sink,449,9148246188888,,33333333
decoder_src,447,9148212844444,,33333333
depay_src,450,9148412844444,,
parser_src,450,9148412844444,,33333333
decoder_sink,450,9148412844444,,33333333
decoder_src,448,9148246188888,,33333333
depay_src,451,9148346188888,,
parser_src,451,9148346188888,,33333333
decoder_sink,451,9148346188888,,33333333
decoder_src,449,9148279511111,,33333333
depay_src,452,9148312844444,,
parser_src,452,9148312844444,,33333333
decoder_sink,452,9148312844444,,33333333
decoder_src,450,9148312844444,,33333333
depay_src,453,9148379511111,,
parser_src,453,9148379511111,,33333333
decoder_sink,453,9148379511111,,33333333
decoder_src,451,9148346188888,,33333333
depay_src,454,9148546188888,,
parser_src,454,9148546188888,,33333333
decoder_sink,454,9148546188888,,33333333
decoder_src,452,9148379511111,,33333333
depay_src,455,9148479511111,,
parser_src,455,9148479511111,,33333333
decoder_sink,455,9148479511111,,33333333
decoder_src,453,9148412844444,,33333333
depay_src,456,9148446188888,,
parser_src,456,9148446188888,,33333333
decoder_sink,456,9148446188888,,33333333
decoder_src,454,9148446188888,,33333333
depay_src,457,9148512844444,,
parser_src,457,9148512844444,,33333333
decoder_sink,457,9148512844444,,33333333
decoder_src,455,9148479511111,,33333333
depay_src,458,9148646188888,,
parser_src,458,9148646188888,,33333333
decoder_sink,458,9148646188888,,33333333
decoder_src,456,9148512844444,,33333333
depay_src,459,9148579511111,,
parser_src,459,9148579511111,,33333333
decoder_sink,459,9148579511111,,33333333
decoder_src,457,9148546188888,,33333333
depay_src,460,9148612844444,,
parser_src,460,9148612844444,,33333333
decoder_sink,460,9148612844444,,33333333
decoder_src,458,9148579511111,,33333333
depay_src,461,9148779511111,,
parser_src,461,9148779511111,,33333333
decoder_sink,461,9148779511111,,33333333
decoder_src,459,9148612844444,,33333333
depay_src,462,9148712844444,,
parser_src,462,9148712844444,,33333333
decoder_sink,462,9148712844444,,33333333
decoder_src,460,9148646188888,,33333333
depay_src,463,9148679511111,,
parser_src,463,9148679511111,,33333333
decoder_sink,463,9148679511111,,33333333
decoder_src,461,9148679511111,,33333333
depay_src,464,9148746188888,,
parser_src,464,9148746188888,,33333333
decoder_sink,464,9148746188888,,33333333
decoder_src,462,9148712844444,,33333333
depay_src,465,9148912844444,,
parser_src,465,9148912844444,,33333333
decoder_sink,465,9148912844444,,33333333
decoder_src,463,9148746188888,,33333333
depay_src,466,9148846188888,,
parser_src,466,9148846188888,,33333333
decoder_sink,466,9148846188888,,33333333
decoder_src,464,9148779511111,,33333333
depay_src,467,9148812844444,,
parser_src,467,9148812844444,,33333333
decoder_sink,467,9148812844444,,33333333
decoder_src,465,9148812844444,,33333333
depay_src,468,9148879511111,,
parser_src,468,9148879511111,,33333333
decoder_sink,468,9148879511111,,33333333
decoder_src,466,9148846188888,,33333333
depay_src,469,9149046188888,,
parser_src,469,9149046188888,,33333333
decoder_sink,469,9149046188888,,33333333
decoder_src,467,9148879511111,,33333333
depay_src,470,9148979511111,,
parser_src,470,9148979511111,,33333333
decoder_sink,470,9148979511111,,33333333
decoder_src,468,9148912844444,,33333333
depay_src,471,9148946188888,,
parser_src,471,9148946188888,,33333333
decoder_sink,471,9148946188888,,33333333
decoder_src,469,9148946188888,,33333333
depay_src,472,9149012844444,,
parser_src,472,9149012844444,,33333333
decoder_sink,472,9149012844444,,33333333
decoder_src,470,9148979511111,,33333333
depay_src,473,9149179511111,,
parser_src,473,9149179511111,,33333333
decoder_sink,473,9149179511111,,33333333
decoder_src,471,9149012844444,,33333333
depay_src,474,9149112844444,,
parser_src,474,9149112844444,,33333333
decoder_sink,474,9149112844444,,33333333
decoder_src,472,9149046188888,,33333333
depay_src,475,9149079511111,,
parser_src,475,9149079511111,,33333333
decoder_sink,475,9149079511111,,33333333
decoder_src,473,9149079511111,,33333333
depay_src,476,9149146188888,,
parser_src,476,9149146188888,,33333333
decoder_sink,476,9149146188888,,33333333
decoder_src,474,9149112844444,,33333333
depay_src,477,9149312844444,,
parser_src,477,9149312844444,,33333333
decoder_sink,477,9149312844444,,33333333
decoder_src,475,9149146188888,,33333333
depay_src,478,9149246188888,,
parser_src,478,9149246188888,,33333333
decoder_sink,478,9149246188888,,33333333
decoder_src,476,9149179511111,,33333333
depay_src,479,9149212844444,,
parser_src,479,9149212844444,,33333333
decoder_sink,479,9149212844444,,33333333
decoder_src,477,9149212844444,,33333333
depay_src,480,9149279511111,,
parser_src,480,9149279511111,,33333333
decoder_sink,480,9149279511111,,33333333
decoder_src,478,9149246188888,,33333333
depay_src,481,9149412844444,,
parser_src,481,9149412844444,,33333333
decoder_sink,481,9149412844444,,33333333
decoder_src,479,9149279511111,,33333333
depay_src,482,9149346188888,,
parser_src,482,9149346188888,,33333333
decoder_sink,482,9149346188888,,33333333
decoder_src,480,9149312844444,,33333333
depay_src,483,9149379511111,,
parser_src,483,9149379511111,,33333333
decoder_sink,483,9149379511111,,33333333
decoder_src,481,9149346188888,,33333333
depay_src,484,9149446188888,,
parser_src,484,9149446188888,,33333333
decoder_sink,484,9149446188888,,33333333
decoder_src,482,9149379511111,,33333333
depay_src,485,9149579511111,,
parser_src,485,9149579511111,,33333333
decoder_sink,485,9149579511111,,33333333
decoder_src,483,9149412844444,,33333333
depay_src,486,9149512844444,,
parser_src,486,9149512844444,,33333333
decoder_sink,486,9149512844444,,33333333
decoder_src,484,9149446188888,,33333333
depay_src,487,9149479511111,,
parser_src,487,9149479511111,,33333333
decoder_sink,487,9149479511111,,33333333
decoder_src,485,9149479511111,,33333333
depay_src,488,9149546188888,,
parser_src,488,9149546188888,,33333333
decoder_sink,488,9149546188888,,33333333
decoder_src,486,9149512844444,,33333333
depay_src,489,9149712844444,,
parser_src,489,9149712844444,,33333333
decoder_sink,489,9149712844444,,33333333
decoder_src,487,9149546188888,,33333333
depay_src,490,9149646188888,,
parser_src,490,9149646188888,,33333333
decoder_sink,490,9149646188888,,33333333
decoder_src,488,9149579511111,,33333333
depay_src,491,9149612844444,,
parser_src,491,9149612844444,,33333333
decoder_sink,491,9149612844444,,33333333
decoder_src,489,9149612844444,,33333333
depay_src,492,9149679511111,,
parser_src,492,9149679511111,,33333333
decoder_sink,492,9149679511111,,33333333
decoder_src,490,9149646188888,,33333333
depay_src,493,9149846188888,,
parser_src,493,9149846188888,,33333333
decoder_sink,493,9149846188888,,33333333
decoder_src,491,9149679511111,,33333333
depay_src,494,9149779511111,,
parser_src,494,9149779511111,,33333333
decoder_sink,494,9149779511111,,33333333
decoder_src,492,9149712844444,,33333333
depay_src,495,9149746188888,,
parser_src,495,9149746188888,,33333333
decoder_sink,495,9149746188888,,33333333
decoder_src,493,9149746188888,,33333333
depay_src,496,9149812844444,,
parser_src,496,9149812844444,,33333333
decoder_sink,496,9149812844444,,33333333
decoder_src,494,9149779511111,,33333333
depay_src,497,9149979511111,,
parser_src,497,9149979511111,,33333333
decoder_sink,497,9149979511111,,33333333
decoder_src,495,9149812844444,,33333333
depay_src,498,9149912844444,,
parser_src,498,9149912844444,,33333333
decoder_sink,498,9149912844444,,33333333
decoder_src,496,9149846188888,,33333333
depay_src,499,9149879511111,,
parser_src,499,9149879511111,,33333333
decoder_sink,499,9149879511111,,33333333
decoder_src,497,9149879511111,,33333333
depay_src,500,9149946188888,,
parser_src,500,9149946188888,,33333333
decoder_sink,500,9149946188888,,33333333
decoder_src,498,9149912844444,,33333333
depay_src,501,9150112844444,,
parser_src,501,9150112844444,,33333333
decoder_sink,501,9150112844444,,33333333
decoder_src,499,9149946188888,,33333333
depay_src,502,9150046188888,,
parser_src,502,9150046188888,,33333333
decoder_sink,502,9150046188888,,33333333
decoder_src,500,9149979511111,,33333333
depay_src,503,9150012844444,,
parser_src,503,9150012844444,,33333333
decoder_sink,503,9150012844444,,33333333
decoder_src,501,9150012844444,,33333333
depay_src,504,9150079511111,,
parser_src,504,9150079511111,,33333333
decoder_sink,504,9150079511111,,33333333
decoder_src,502,9150046188888,,33333333
depay_src,505,9150246188888,,
parser_src,505,9150246188888,,33333333
decoder_sink,505,9150246188888,,33333333
decoder_src,503,9150079511111,,33333333
depay_src,506,9150179511111,,
parser_src,506,9150179511111,,33333333
decoder_sink,506,9150179511111,,33333333
decoder_src,504,9150112844444,,33333333
depay_src,507,9150146188888,,
parser_src,507,9150146188888,,33333333
decoder_sink,507,9150146188888,,33333333
decoder_src,505,9150146188888,,33333333
depay_src,508,9150212844444,,
parser_src,508,9150212844444,,33333333
decoder_sink,508,9150212844444,,33333333
decoder_src,506,9150179511111,,33333333
depay_src,509,9150379511111,,
parser_src,509,9150379511111,,33333333
decoder_sink,509,9150379511111,,33333333
decoder_src,507,9150212844444,,33333333
depay_src,510,9150312844444,,
parser_src,510,9150312844444,,33333333
decoder_sink,510,9150312844444,,33333333
decoder_src,508,9150246188888,,33333333
depay_src,511,9150279511111,,
parser_src,511,9150279511111,,33333333
decoder_sink,511,9150279511111,,33333333
decoder_src,509,9150279511111,,33333333
depay_src,512,9150346188888,,
parser_src,512,9150346188888,,33333333
decoder_sink,512,9150346188888,,33333333
decoder_src,510,9150312844444,,33333333
depay_src,513,9150512844444,,
parser_src,513,9150512844444,,33333333
decoder_sink,513,9150512844444,,33333333
decoder_src,511,9150346188888,,33333333
depay_src,514,9150446188888,,
parser_src,514,9150446188888,,33333333
decoder_sink,514,9150446188888,,33333333
decoder_src,512,9150379511111,,33333333
depay_src,515,9150412844444,,
parser_src,515,9150412844444,,33333333
decoder_sink,515,9150412844444,,33333333
decoder_src,513,9150412844444,,33333333
depay_src,516,9150479511111,,
parser_src,516,9150479511111,,33333333
decoder_sink,516,9150479511111,,33333333
decoder_src,514,9150446188888,,33333333
depay_src,517,9150612844444,,
parser_src,517,9150612844444,,33333333
decoder_sink,517,9150612844444,,33333333
decoder_src,515,9150479511111,,33333333
depay_src,518,9150546188888,,
parser_src,518,9150546188888,,33333333
decoder_sink,518,9150546188888,,33333333
decoder_src,516,9150512844444,,33333333
depay_src,519,9150579511111,,
parser_src,519,9150579511111,,33333333
decoder_sink,519,9150579511111,,33333333
decoder_src,517,9150546188888,,33333333
depay_src,520,9150646188888,,
parser_src,520,9150646188888,,33333333
decoder_sink,520,9150646188888,,33333333
decoder_src,518,9150579511111,,33333333
depay_src,521,9150779511111,,
parser_src,521,9150779511111,,33333333
decoder_sink,521,9150779511111,,33333333
decoder_src,519,9150612844444,,33333333
depay_src,522,9150712844444,,
parser_src,522,9150712844444,,33333333
decoder_sink,522,9150712844444,,33333333
decoder_src,520,9150646188888,,33333333
depay_src,523,9150679511111,,
parser_src,523,9150679511111,,33333333
decoder_sink,523,9150679511111,,33333333
decoder_src,521,9150679511111,,33333333
depay_src,524,9150746188888,,
parser_src,524,9150746188888,,33333333
decoder_sink,524,9150746188888,,33333333
decoder_src,522,9150712844444,,33333333
depay_src,525,9150912844444,,
parser_src,525,9150912844444,,33333333
decoder_sink,525,9150912844444,,33333333
decoder_src,523,9150746188888,,33333333
depay_src,526,9150846188888,,
parser_src,526,9150846188888,,33333333
decoder_sink,526,9150846188888,,33333333
decoder_src,524,9150779511111,,33333333
depay_src,527,9150812844444,,
parser_src,527,9150812844444,,33333333
decoder_sink,527,9150812844444,,33333333
decoder_src,525,9150812844444,,33333333
depay_src,528,9150879511111,,
parser_src,528,9150879511111,,33333333
decoder_sink,528,9150879511111,,33333333
decoder_src,526,9150846188888,,33333333
depay_src,529,9151046188888,,
parser_src,529,9151046188888,,33333333
decoder_sink,529,9151046188888,,33333333
decoder_src,527,9150879511111,,33333333
depay_src,530,9150979511111,,
parser_src,530,9150979511111,,33333333
decoder_sink,530,9150979511111,,33333333
decoder_src,528,9150912844444,,33333333
depay_src,531,9150946188888,,
parser_src,531,9150946188888,,33333333
decoder_sink,531,9150946188888,,33333333
decoder_src,529,9150946188888,,33333333
depay_src,532,9151012844444,,
parser_src,532,9151012844444,,33333333
decoder_sink,532,9151012844444,,33333333
decoder_src,530,9150979511111,,33333333
depay_src,533,9151179511111,,
parser_src,533,9151179511111,,33333333
decoder_sink,533,9151179511111,,33333333
decoder_src,531,9151012844444,,33333333
depay_src,534,9151112844444,,
parser_src,534,9151112844444,,33333333
decoder_sink,534,9151112844444,,33333333
decoder_src,532,9151046188888,,33333333
depay_src,535,9151079511111,,
parser_src,535,9151079511111,,33333333
decoder_sink,535,9151079511111,,33333333
decoder_src,533,9151079511111,,33333333
depay_src,536,9151146188888,,
parser_src,536,9151146188888,,33333333
decoder_sink,536,9151146188888,,33333333
decoder_src,534,9151112844444,,33333333
depay_src,537,9151312844444,,
parser_src,537,9151312844444,,33333333
decoder_sink,537,9151312844444,,33333333
decoder_src,535,9151146188888,,33333333
depay_src,538,9151246188888,,
parser_src,538,9151246188888,,33333333
decoder_sink,538,9151246188888,,33333333
decoder_src,536,9151179511111,,33333333
depay_src,539,9151212844444,,
parser_src,539,9151212844444,,33333333
decoder_sink,539,9151212844444,,33333333
decoder_src,537,9151212844444,,33333333
depay_src,540,9151279511111,,
parser_src,540,9151279511111,,33333333
decoder_sink,540,9151279511111,,33333333
decoder_src,538,9151246188888,,33333333
depay_src,541,9151446188888,,
parser_src,541,9151446188888,,33333333
decoder_sink,541,9151446188888,,33333333
decoder_src,539,9151279511111,,33333333
depay_src,542,9151379511111,,
parser_src,542,9151379511111,,33333333
decoder_sink,542,9151379511111,,33333333
decoder_src,540,9151312844444,,33333333
depay_src,543,9151346188888,,
parser_src,543,9151346188888,,33333333
decoder_sink,543,9151346188888,,33333333
decoder_src,541,9151346188888,,33333333
depay_src,544,9151412844444,,
parser_src,544,9151412844444,,33333333
decoder_sink,544,9151412844444,,33333333
decoder_src,542,9151379511111,,33333333
depay_src,545,9151579511111,,
parser_src,545,9151579511111,,33333333
decoder_sink,545,9151579511111,,33333333
decoder_src,543,9151412844444,,33333333
depay_src,546,9151512844444,,
parser_src,546,9151512844444,,33333333
decoder_sink,546,9151512844444,,33333333
decoder_src,544,9151446188888,,33333333
depay_src,547,9151479511111,,
parser_src,547,9151479511111,,33333333
decoder_sink,547,9151479511111,,33333333
decoder_src,545,9151479511111,,33333333
depay_src,548,9151546188888,,
parser_src,548,9151546188888,,33333333
decoder_sink,548,9151546188888,,33333333
decoder_src,546,9151512844444,,33333333
depay_src,549,9151712844444,,
parser_src,549,9151712844444,,33333333
decoder_sink,549,9151712844444,,33333333
decoder_src,547,9151546188888,,33333333
depay_src,550,9151646188888,,
parser_src,550,9151646188888,,33333333
decoder_sink,550,9151646188888,,33333333
decoder_src,548,9151579511111,,33333333
depay_src,551,9151612844444,,
parser_src,551,9151612844444,,33333333
decoder_sink,551,9151612844444,,33333333
decoder_src,549,9151612844444,,33333333
depay_src,552,9151679511111,,
parser_src,552,9151679511111,,33333333
decoder_sink,552,9151679511111,,33333333
decoder_src,550,9151646188888,,33333333
depay_src,553,9151846188888,,
parser_src,553,9151846188888,,33333333
decoder_sink,553,9151846188888,,33333333
decoder_src,551,9151679511111,,33333333
depay_src,554,9151779511111,,
parser_src,554,9151779511111,,33333333
decoder_sink,554,9151779511111,,33333333
decoder_src,552,9151712844444,,33333333
depay_src,555,9151746188888,,
parser_src,555,9151746188888,,33333333
decoder_sink,555,9151746188888,,33333333
decoder_src,553,9151746188888,,33333333
depay_src,556,9151812844444,,
parser_src,556,9151812844444,,33333333
decoder_sink,556,9151812844444,,33333333
decoder_src,554,9151779511111,,33333333
depay_src,557,9151979511111,,
parser_src,557,9151979511111,,33333333
decoder_sink,557,9151979511111,,33333333
decoder_src,555,9151812844444,,33333333
depay_src,558,9151912844444,,
parser_src,558,9151912844444,,33333333
decoder_sink,558,9151912844444,,33333333
decoder_src,556,9151846188888,,33333333
depay_src,559,9151879511111,,
parser_src,559,9151879511111,,33333333
decoder_sink,559,9151879511111,,33333333
decoder_src,557,9151879511111,,33333333
depay_src,560,9151946188888,,
parser_src,560,9151946188888,,33333333
decoder_sink,560,9151946188888,,33333333
decoder_src,558,9151912844444,,33333333
depay_src,561,9152112844444,,
parser_src,561,9152112844444,,33333333
decoder_sink,561,9152112844444,,33333333
decoder_src,559,9151946188888,,33333333
depay_src,562,9152046188888,,
parser_src,562,9152046188888,,33333333
decoder_sink,562,9152046188888,,33333333
decoder_src,560,9151979511111,,33333333
depay_src,563,9152012844444,,
parser_src,563,9152012844444,,33333333
decoder_sink,563,9152012844444,,33333333
decoder_src,561,9152012844444,,33333333
depay_src,564,9152079511111,,
parser_src,564,9152079511111,,33333333
decoder_sink,564,9152079511111,,33333333
decoder_src,562,9152046188888,,33333333
depay_src,565,9152246188888,,
parser_src,565,9152246188888,,33333333
decoder_sink,565,9152246188888,,33333333
decoder_src,563,9152079511111,,33333333
depay_src,566,9152179511111,,
parser_src,566,9152179511111,,33333333
decoder_sink,566,9152179511111,,33333333
decoder_src,564,9152112844444,,33333333
depay_src,567,9152146188888,,
parser_src,567,9152146188888,,33333333
decoder_sink,567,9152146188888,,33333333
decoder_src,565,9152146188888,,33333333
depay_src,568,9152212844444,,
parser_src,568,9152212844444,,33333333
decoder_sink,568,9152212844444,,33333333
decoder_src,566,9152179511111,,33333333
depay_src,569,9152312844444,,
parser_src,569,9152312844444,,33333333
decoder_sink,569,9152312844444,,33333333
decoder_src,567,9152212844444,,33333333
depay_src,570,9152279511111,,
parser_src,570,9152279511111,,33333333
decoder_sink,570,9152279511111,,33333333
decoder_src,568,9152246188888,,33333333
depay_src,571,9152446188888,,
parser_src,571,9152446188888,,33333333
decoder_sink,571,9152446188888,,33333333
decoder_src,569,9152279511111,,33333333
depay_src,572,9152379511111,,
parser_src,572,9152379511111,,33333333
decoder_sink,572,9152379511111,,33333333
decoder_src,570,9152312844444,,33333333
depay_src,573,9152346188888,,
parser_src,573,9152346188888,,33333333
decoder_sink,573,9152346188888,,33333333
decoder_src,571,9152346188888,,33333333
depay_src,574,9152412844444,,
parser_src,574,9152412844444,,33333333
decoder_sink,574,9152412844444,,33333333
decoder_src,572,9152379511111,,33333333
depay_src,575,9152579511111,,
parser_src,575,9152579511111,,33333333
decoder_sink,575,9152579511111,,33333333
decoder_src,573,9152412844444,,33333333
depay_src,576,9152512844444,,
parser_src,576,9152512844444,,33333333
decoder_sink,576,9152512844444,,33333333
decoder_src,574,9152446188888,,33333333
depay_src,577,9152479511111,,
parser_src,577,9152479511111,,33333333
decoder_sink,577,9152479511111,,33333333
decoder_src,575,9152479511111,,33333333
depay_src,578,9152546188888,,
parser_src,578,9152546188888,,33333333
decoder_sink,578,9152546188888,,33333333
decoder_src,576,9152512844444,,33333333
depay_src,579,9152712844444,,
parser_src,579,9152712844444,,33333333
decoder_sink,579,9152712844444,,33333333
decoder_src,577,9152546188888,,33333333
depay_src,580,9152646188888,,
parser_src,580,9152646188888,,33333333
decoder_sink,580,9152646188888,,33333333
decoder_src,578,9152579511111,,33333333
depay_src,581,9152612844444,,
parser_src,581,9152612844444,,33333333
decoder_sink,581,9152612844444,,33333333
decoder_src,579,9152612844444,,33333333
depay_src,582,9152679511111,,
parser_src,582,9152679511111,,33333333
decoder_sink,582,9152679511111,,33333333
decoder_src,580,9152646188888,,33333333
depay_src,583,9152846188888,,
parser_src,583,9152846188888,,33333333
decoder_sink,583,9152846188888,,33333333
decoder_src,581,9152679511111,,33333333
depay_src,584,9152779511111,,
parser_src,584,9152779511111,,33333333
decoder_sink,584,9152779511111,,33333333
decoder_src,582,9152712844444,,33333333
depay_src,585,9152746188888,,
parser_src,585,9152746188888,,33333333
decoder_sink,585,9152746188888,,33333333
decoder_src,583,9152746188888,,33333333
depay_src,586,9152812844444,,
parser_src,586,9152812844444,,33333333
decoder_sink,586,9152812844444,,33333333
decoder_src,584,9152779511111,,33333333
depay_src,587,9152979511111,,
parser_src,587,9152979511111,,33333333
decoder_sink,587,9152979511111,,33333333
decoder_src,585,9152812844444,,33333333
depay_src,588,9152912844444,,
parser_src,588,9152912844444,,33333333
decoder_sink,588,9152912844444,,33333333
decoder_src,586,9152846188888,,33333333
depay_src,589,9152879511111,,
parser_src,589,9152879511111,,33333333
decoder_sink,589,9152879511111,,33333333
decoder_src,587,9152879511111,,33333333
depay_src,590,9152946188888,,
parser_src,590,9152946188888,,33333333
decoder_sink,590,9152946188888,,33333333
decoder_src,588,9152912844444,,33333333
depay_src,591,9153112844444,,
parser_src,591,9153112844444,,33333333
decoder_sink,591,9153112844444,,33333333
decoder_src,589,9152946188888,,33333333
depay_src,592,9153046188888,,
parser_src,592,9153046188888,,33333333
decoder_sink,592,9153046188888,,33333333
decoder_src,590,9152979511111,,33333333
depay_src,593,9153012844444,,
parser_src,593,9153012844444,,33333333
decoder_sink,593,9153012844444,,33333333
decoder_src,591,9153012844444,,33333333
depay_src,594,9153079511111,,
parser_src,594,9153079511111,,33333333
decoder_sink,594,9153079511111,,33333333
decoder_src,592,9153046188888,,33333333
depay_src,595,9153246188888,,
parser_src,595,9153246188888,,33333333
decoder_sink,595,9153246188888,,33333333
decoder_src,593,9153079511111,,33333333
depay_src,596,9153179511111,,
parser_src,596,9153179511111,,33333333
decoder_sink,596,9153179511111,,33333333
decoder_src,594,9153112844444,,33333333
depay_src,597,9153146188888,,
parser_src,597,9153146188888,,33333333
decoder_sink,597,9153146188888,,33333333
decoder_src,595,9153146188888,,33333333
depay_src,598,9153212844444,,
parser_src,598,9153212844444,,33333333
decoder_sink,598,9153212844444,,33333333
decoder_src,596,9153179511111,,33333333
depay_src,599,9153379511111,,
parser_src,599,9153379511111,,33333333
decoder_sink,599,9153379511111,,33333333
decoder_src,597,9153212844444,,33333333
depay_src,600,9153312844444,,
parser_src,600,9153312844444,,33333333
decoder_sink,600,9153312844444,,33333333
decoder_src,598,9153246188888,,33333333
depay_src,601,9153279511111,,
parser_src,601,9153279511111,,33333333
decoder_sink,601,9153279511111,,33333333
decoder_src,599,9153279511111,,33333333
depay_src,602,9153346188888,,
parser_src,602,9153346188888,,33333333
decoder_sink,602,9153346188888,,33333333
decoder_src,600,9153312844444,,33333333
depay_src,603,9153512844444,,
parser_src,603,9153512844444,,33333333
decoder_sink,603,9153512844444,,33333333
decoder_src,601,9153346188888,,33333333
depay_src,604,9153446188888,,
parser_src,604,9153446188888,,33333333
decoder_sink,604,9153446188888,,33333333
decoder_src,602,9153379511111,,33333333
depay_src,605,9153412844444,,
parser_src,605,9153412844444,,33333333
decoder_sink,605,9153412844444,,33333333
decoder_src,603,9153412844444,,33333333
depay_src,606,9153479511111,,
parser_src,606,9153479511111,,33333333
decoder_sink,606,9153479511111,,33333333
decoder_src,604,9153446188888,,33333333
depay_src,607,9153646188888,,
parser_src,607,9153646188888,,33333333
decoder_sink,607,9153646188888,,33333333
decoder_src,605,9153479511111,,33333333
depay_src,608,9153579511111,,
parser_src,608,9153579511111,,33333333
decoder_sink,608,9153579511111,,33333333
decoder_src,606,9153512844444,,33333333
depay_src,609,9153546188888,,
parser_src,609,9153546188888,,33333333
decoder_sink,609,9153546188888,,33333333
decoder_src,607,9153546188888,,33333333
depay_src,610,9153612844444,,
parser_src,610,9153612844444,,33333333
decoder_sink,610,9153612844444,,33333333
decoder_src,608,9153579511111,,33333333
depay_src,611,9153779511111,,
parser_src,611,9153779511111,,33333333
decoder_sink,611,9153779511111,,33333333
decoder_src,609,9153612844444,,33333333
depay_src,612,9153712844444,,
parser_src,612,9153712844444,,33333333
decoder_sink,612,9153712844444,,33333333
decoder_src,610,9153646188888,,33333333
depay_src,613,9153679511111,,
parser_src,613,9153679511111,,33333333
decoder_sink,613,9153679511111,,33333333
decoder_src,611,9153679511111,,33333333
depay_src,614,9153746188888,,
parser_src,614,9153746188888,,33333333
decoder_sink,614,9153746188888,,33333333
decoder_src,612,9153712844444,,33333333
depay_src,615,9153912844444,,
parser_src,615,9153912844444,,33333333
decoder_sink,615,9153912844444,,33333333
decoder_src,613,9153746188888,,33333333
depay_src,616,9153846188888,,
parser_src,616,9153846188888,,33333333
decoder_sink,616,9153846188888,,33333333
decoder_src,614,9153779511111,,33333333
depay_src,617,9153812844444,,
parser_src,617,9153812844444,,33333333
decoder_sink,617,9153812844444,,33333333
decoder_src,615,9153812844444,,33333333
depay_src,618,9153879511111,,
parser_src,618,9153879511111,,33333333
decoder_sink,618,9153879511111,,33333333
decoder_src,616,9153846188888,,33333333
depay_src,619,9154046188888,,
parser_src,619,9154046188888,,33333333
decoder_sink,619,9154046188888,,33333333
decoder_src,617,9153879511111,,33333333
depay_src,620,9153979511111,,
parser_src,620,9153979511111,,33333333
decoder_sink,620,9153979511111,,33333333
decoder_src,618,9153912844444,,33333333
depay_src,621,9153946188888,,
parser_src,621,9153946188888,,33333333
decoder_sink,621,9153946188888,,33333333
decoder_src,619,9153946188888,,33333333
depay_src,622,9154012844444,,
parser_src,622,9154012844444,,33333333
decoder_sink,622,9154012844444,,33333333
decoder_src,620,9153979511111,,33333333
depay_src,623,9154179511111,,
parser_src,623,9154179511111,,33333333
decoder_sink,623,9154179511111,,33333333
decoder_src,621,9154012844444,,33333333
depay_src,624,9154112844444,,
parser_src,624,9154112844444,,33333333
decoder_sink,624,9154112844444,,33333333
decoder_src,622,9154046188888,,33333333
depay_src,625,9154079511111,,
parser_src,625,9154079511111,,33333333
decoder_sink,625,9154079511111,,33333333
decoder_src,623,9154079511111,,33333333
depay_src,626,9154146188888,,
parser_src,626,9154146188888,,33333333
decoder_sink,626,9154146188888,,33333333
decoder_src,624,9154112844444,,33333333
depay_src,627,9154312844444,,
parser_src,627,9154312844444,,33333333
decoder_sink,627,9154312844444,,33333333
decoder_src,625,9154146188888,,33333333
depay_src,628,9154246188888,,
parser_src,628,9154246188888,,33333333
decoder_sink,628,9154246188888,,33333333
decoder_src,626,9154179511111,,33333333
depay_src,629,9154212844444,,
parser_src,629,9154212844444,,33333333
decoder_sink,629,9154212844444,,33333333
decoder_src,627,9154212844444,,33333333
depay_src,630,9154279511111,,
parser_src,630,9154279511111,,33333333
decoder_sink,630,9154279511111,,33333333
decoder_src,628,9154246188888,,33333333
depay_src,631,9154446188888,,
parser_src,631,9154446188888,,33333333
decoder_sink,631,9154446188888,,33333333
decoder_src,629,9154279511111,,33333333
depay_src,632,9154379511111,,
parser_src,632,9154379511111,,33333333
decoder_sink,632,9154379511111,,33333333
decoder_src,630,9154312844444,,33333333
depay_src,633,9154346188888,,
parser_src,633,9154346188888,,33333333
decoder_sink,633,9154346188888,,33333333
decoder_src,631,9154346188888,,33333333
depay_src,634,9154412844444,,
parser_src,634,9154412844444,,33333333
decoder_sink,634,9154412844444,,33333333
decoder_src,632,9154379511111,,33333333
depay_src,635,9154579511111,,
parser_src,635,9154579511111,,33333333
decoder_sink,635,9154579511111,,33333333
decoder_src,633,9154412844444,,33333333
depay_src,636,9154512844444,,
parser_src,636,9154512844444,,33333333
decoder_sink,636,9154512844444,,33333333
decoder_src,634,9154446188888,,33333333
depay_src,637,9154479511111,,
parser_src,637,9154479511111,,33333333
decoder_sink,637,9154479511111,,33333333
decoder_src,635,9154479511111,,33333333
depay_src,638,9154546188888,,
parser_src,638,9154546188888,,33333333
decoder_sink,638,9154546188888,,33333333
decoder_src,636,9154512844444,,33333333
depay_src,639,9154712844444,,
parser_src,639,9154712844444,,33333333
decoder_sink,639,9154712844444,,33333333
decoder_src,637,9154546188888,,33333333
depay_src,640,9154646188888,,
parser_src,640,9154646188888,,33333333
decoder_sink,640,9154646188888,,33333333
decoder_src,638,9154579511111,,33333333
depay_src,641,9154612844444,,
parser_src,641,9154612844444,,33333333
decoder_sink,641,9154612844444,,33333333
decoder_src,639,9154612844444,,33333333
depay_src,642,9154679511111,,
parser_src,642,9154679511111,,33333333
decoder_sink,642,9154679511111,,33333333
decoder_src,640,9154646188888,,33333333
depay_src,643,9154846188888,,
parser_src,643,9154846188888,,33333333
decoder_sink,643,9154846188888,,33333333
decoder_src,641,9154679511111,,33333333
depay_src,644,9154779511111,,
parser_src,644,9154779511111,,33333333
decoder_sink,644,9154779511111,,33333333
decoder_src,642,9154712844444,,33333333
depay_src,645,9154746188888,,
parser_src,645,9154746188888,,33333333
decoder_sink,645,9154746188888,,33333333
decoder_src,643,9154746188888,,33333333
depay_src,646,9154812844444,,
parser_src,646,9154812844444,,33333333
decoder_sink,646,9154812844444,,33333333
decoder_src,644,9154779511111,,33333333
depay_src,647,9154979511111,,
parser_src,647,9154979511111,,33333333
decoder_sink,647,9154979511111,,33333333
decoder_src,645,9154812844444,,33333333
depay_src,648,9154912844444,,
parser_src,648,9154912844444,,33333333
decoder_sink,648,9154912844444,,33333333
decoder_src,646,9154846188888,,33333333
depay_src,649,9154879511111,,
parser_src,649,9154879511111,,33333333
decoder_sink,649,9154879511111,,33333333
decoder_src,647,9154879511111,,33333333
depay_src,650,9154946188888,,
parser_src,650,9154946188888,,33333333
decoder_sink,650,9154946188888,,33333333
decoder_src,648,9154912844444,,33333333
depay_src,651,9155079511111,,
parser_src,651,9155079511111,,33333333
decoder_sink,651,9155079511111,,33333333
decoder_src,649,9154946188888,,33333333
depay_src,652,9155012844444,,
parser_src,652,9155012844444,,33333333
decoder_sink,652,9155012844444,,33333333
decoder_src,650,9154979511111,,33333333
depay_src,653,9155046188888,,
parser_src,653,9155046188888,,33333333
decoder_sink,653,9155046188888,,33333333
decoder_src,651,9155012844444,,33333333
depay_src,654,9155112844444,,
parser_src,654,9155112844444,,33333333
decoder_sink,654,9155112844444,,33333333
decoder_src,652,9155046188888,,33333333
depay_src,655,9155246188888,,
parser_src,655,9155246188888,,33333333
decoder_sink,655,9155246188888,,33333333
decoder_src,653,9155079511111,,33333333
depay_src,656,9155179511111,,
parser_src,656,9155179511111,,33333333
decoder_sink,656,9155179511111,,33333333
decoder_src,654,9155112844444,,33333333
depay_src,657,9155146188888,,
parser_src,657,9155146188888,,33333333
decoder_sink,657,9155146188888,,33333333
decoder_src,655,9155146188888,,33333333
depay_src,658,9155212844444,,
parser_src,658,9155212844444,,33333333
decoder_sink,658,9155212844444,,33333333
decoder_src,656,9155179511111,,33333333
depay_src,659,9155346188888,,
parser_src,659,9155346188888,,33333333
decoder_sink,659,9155346188888,,33333333
decoder_src,657,9155212844444,,33333333
depay_src,660,9155279511111,,
parser_src,660,9155279511111,,33333333
decoder_sink,660,9155279511111,,33333333
decoder_src,658,9155246188888,,33333333
depay_src,661,9155312844444,,
parser_src,661,9155312844444,,33333333
decoder_sink,661,9155312844444,,33333333
decoder_src,659,9155279511111,,33333333
depay_src,662,9155479511111,,
parser_src,662,9155479511111,,33333333
decoder_sink,662,9155479511111,,33333333
decoder_src,660,9155312844444,,33333333
depay_src,663,9155412844444,,
parser_src,663,9155412844444,,33333333
decoder_sink,663,9155412844444,,33333333
decoder_src,661,9155346188888,,33333333
depay_src,664,9155379511111,,
parser_src,664,9155379511111,,33333333
decoder_sink,664,9155379511111,,33333333
decoder_src,662,9155379511111,,33333333
depay_src,665,9155446188888,,
parser_src,665,9155446188888,,33333333
decoder_sink,665,9155446188888,,33333333
decoder_src,663,9155412844444,,33333333
depay_src,666,9155579511111,,
parser_src,666,9155579511111,,33333333
decoder_sink,666,9155579511111,,33333333
decoder_src,664,9155446188888,,33333333
depay_src,667,9155512844444,,
parser_src,667,9155512844444,,33333333
decoder_sink,667,9155512844444,,33333333
decoder_src,665,9155479511111,,33333333
depay_src,668,9155546188888,,
parser_src,668,9155546188888,,33333333
decoder_sink,668,9155546188888,,33333333
decoder_src,666,9155512844444,,33333333
depay_src,669,9155646188888,,
parser_src,669,9155646188888,,33333333
decoder_sink,669,9155646188888,,33333333
decoder_src,667,9155546188888,,33333333
depay_src,670,9155612844444,,
parser_src,670,9155612844444,,33333333
decoder_sink,670,9155612844444,,33333333
decoder_src,668,9155579511111,,33333333
depay_src,671,9155779511111,,
parser_src,671,9155779511111,,33333333
decoder_sink,671,9155779511111,,33333333
decoder_src,669,9155612844444,,33333333
depay_src,672,9155712844444,,
parser_src,672,9155712844444,,33333333
decoder_sink,672,9155712844444,,33333333
decoder_src,670,9155646188888,,33333333
depay_src,673,9155679511111,,
parser_src,673,9155679511111,,33333333
decoder_sink,673,9155679511111,,33333333
decoder_src,671,9155679511111,,33333333
depay_src,674,9155746188888,,
parser_src,674,9155746188888,,33333333
decoder_sink,674,9155746188888,,33333333
decoder_src,672,9155712844444,,33333333
depay_src,675,9155912844444,,
parser_src,675,9155912844444,,33333333
decoder_sink,675,9155912844444,,33333333
decoder_src,673,9155746188888,,33333333
depay_src,676,9155846188888,,
parser_src,676,9155846188888,,33333333
decoder_sink,676,9155846188888,,33333333
decoder_src,674,9155779511111,,33333333
depay_src,677,9155812844444,,
parser_src,677,9155812844444,,33333333
decoder_sink,677,9155812844444,,33333333
decoder_src,675,9155812844444,,33333333
depay_src,678,9155879511111,,
parser_src,678,9155879511111,,33333333
decoder_sink,678,9155879511111,,33333333
decoder_src,676,9155846188888,,33333333
depay_src,679,9156046188888,,
parser_src,679,9156046188888,,33333333
decoder_sink,679,9156046188888,,33333333
decoder_src,677,9155879511111,,33333333
depay_src,680,9155979511111,,
parser_src,680,9155979511111,,33333333
decoder_sink,680,9155979511111,,33333333
decoder_src,678,9155912844444,,33333333
depay_src,681,9155946188888,,
parser_src,681,9155946188888,,33333333
decoder_sink,681,9155946188888,,33333333
decoder_src,679,9155946188888,,33333333
depay_src,682,9156012844444,,
parser_src,682,9156012844444,,33333333
decoder_sink,682,9156012844444,,33333333
decoder_src,680,9155979511111,,33333333
depay_src,683,9156179511111,,
parser_src,683,9156179511111,,33333333
decoder_sink,683,9156179511111,,33333333
decoder_src,681,9156012844444,,33333333
depay_src,684,9156112844444,,
parser_src,684,9156112844444,,33333333
decoder_sink,684,9156112844444,,33333333
decoder_src,682,9156046188888,,33333333
depay_src,685,9156079511111,,
parser_src,685,9156079511111,,33333333
decoder_sink,685,9156079511111,,33333333
decoder_src,683,9156079511111,,33333333
depay_src,686,9156146188888,,
parser_src,686,9156146188888,,33333333
decoder_sink,686,9156146188888,,33333333
decoder_src,684,9156112844444,,33333333
depay_src,687,9156312844444,,
parser_src,687,9156312844444,,33333333
decoder_sink,687,9156312844444,,33333333
decoder_src,685,9156146188888,,33333333
depay_src,688,9156246188888,,
parser_src,688,9156246188888,,33333333
decoder_sink,688,9156246188888,,33333333
decoder_src,686,9156179511111,,33333333
depay_src,689,9156212844444,,
parser_src,689,9156212844444,,33333333
decoder_sink,689,9156212844444,,33333333
decoder_src,687,9156212844444,,33333333
depay_src,690,9156279511111,,
parser_src,690,9156279511111,,33333333
decoder_sink,690,9156279511111,,33333333
decoder_src,688,9156246188888,,33333333
depay_src,691,9156446188888,,
parser_src,691,9156446188888,,33333333
decoder_sink,691,9156446188888,,33333333
decoder_src,689,9156279511111,,33333333
depay_src,692,9156379511111,,
parser_src,692,9156379511111,,33333333
decoder_sink,692,9156379511111,,33333333
decoder_src,690,9156312844444,,33333333
depay_src,693,9156346188888,,
parser_src,693,9156346188888,,33333333
decoder_sink,693,9156346188888,,33333333
decoder_src,691,9156346188888,,33333333
depay_src,694,9156412844444,,
parser_src,694,9156412844444,,33333333
decoder_sink,694,9156412844444,,33333333
decoder_src,692,9156379511111,,33333333
depay_src,695,9156546188888,,
parser_src,695,9156546188888,,33333333
decoder_sink,695,9156546188888,,33333333
decoder_src,693,9156412844444,,33333333
depay_src,696,9156479511111,,
parser_src,696,9156479511111,,33333333
decoder_sink,696,9156479511111,,33333333
decoder_src,694,9156446188888,,33333333
depay_src,697,9156512844444,,
parser_src,697,9156512844444,,33333333
decoder_sink,697,9156512844444,,33333333
decoder_src,695,9156479511111,,33333333
depay_src,698,9156679511111,,
parser_src,698,9156679511111,,33333333
decoder_sink,698,9156679511111,,33333333
decoder_src,696,9156512844444,,33333333
depay_src,699,9156612844444,,
parser_src,699,9156612844444,,33333333
decoder_sink,699,9156612844444,,33333333
decoder_src,697,9156546188888,,33333333
depay_src,700,9156579511111,,
parser_src,700,9156579511111,,33333333
decoder_sink,700,9156579511111,,33333333
decoder_src,698,9156579511111,,33333333
depay_src,701,9156646188888,,
parser_src,701,9156646188888,,33333333
decoder_sink,701,9156646188888,,33333333
decoder_src,699,9156612844444,,33333333
depay_src,702,9156812844444,,
parser_src,702,9156812844444,,33333333
decoder_sink,702,9156812844444,,33333333
decoder_src,700,9156646188888,,33333333
depay_src,703,9156746188888,,
parser_src,703,9156746188888,,33333333
decoder_sink,703,9156746188888,,33333333
decoder_src,701,9156679511111,,33333333
depay_src,704,9156712844444,,
parser_src,704,9156712844444,,33333333
decoder_sink,704,9156712844444,,33333333
decoder_src,702,9156712844444,,33333333
depay_src,705,9156779511111,,
parser_src,705,9156779511111,,33333333
decoder_sink,705,9156779511111,,33333333
decoder_src,703,9156746188888,,33333333
depay_src,706,9156946188888,,
parser_src,706,9156946188888,,33333333
decoder_sink,706,9156946188888,,33333333
decoder_src,704,9156779511111,,33333333
depay_src,707,9156879511111,,
parser_src,707,9156879511111,,33333333
decoder_sink,707,9156879511111,,33333333
decoder_src,705,9156812844444,,33333333
depay_src,708,9156846188888,,
parser_src,708,9156846188888,,33333333
decoder_sink,708,9156846188888,,33333333
decoder_src,706,9156846188888,,33333333
depay_src,709,9156912844444,,
parser_src,709,9156912844444,,33333333
decoder_sink,709,9156912844444,,33333333
decoder_src,707,9156879511111,,33333333
depay_src,710,9157079511111,,
parser_src,710,9157079511111,,33333333
decoder_sink,710,9157079511111,,33333333
decoder_src,708,9156912844444,,33333333
depay_src,711,9157012844444,,
parser_src,711,9157012844444,,33333333
decoder_sink,711,9157012844444,,33333333
decoder_src,709,9156946188888,,33333333
depay_src,712,9156979511111,,
parser_src,712,9156979511111,,33333333
decoder_sink,712,9156979511111,,33333333
decoder_src,710,9156979511111,,33333333
depay_src,713,9157046188888,,
parser_src,713,9157046188888,,33333333
decoder_sink,713,9157046188888,,33333333
decoder_src,711,9157012844444,,33333333
depay_src,714,9157212844444,,
parser_src,714,9157212844444,,33333333
decoder_sink,714,9157212844444,,33333333
decoder_src,712,9157046188888,,33333333
depay_src,715,9157146188888,,
parser_src,715,9157146188888,,33333333
decoder_sink,715,9157146188888,,33333333
decoder_src,713,9157079511111,,33333333
depay_src,716,9157112844444,,
parser_src,716,9157112844444,,33333333
decoder_sink,716,9157112844444,,33333333
decoder_src,714,9157112844444,,33333333
depay_src,717,9157179511111,,
parser_src,717,9157179511111,,33333333
decoder_sink,717,9157179511111,,33333333
decoder_src,715,9157146188888,,33333333
depay_src,718,9157346188888,,
parser_src,718,9157346188888,,33333333
decoder_sink,718,9157346188888,,33333333
decoder_src,716,9157179511111,,33333333
depay_src,719,9157279511111,,
parser_src,719,9157279511111,,33333333
decoder_sink,719,9157279511111,,33333333
decoder_src,717,9157212844444,,33333333
depay_src,720,9157246188888,,
parser_src,720,9157246188888,,33333333
decoder_sink,720,9157246188888,,33333333
decoder_src,718,9157246188888,,33333333
depay_src,721,9157312844444,,
parser_src,721,9157312844444,,33333333
decoder_sink,721,9157312844444,,33333333
decoder_src,719,9157279511111,,33333333
depay_src,722,9157479511111,,
parser_src,722,9157479511111,,33333333
decoder_sink,722,9157479511111,,33333333
decoder_src,720,9157312844444,,33333333
depay_src,723,9157412844444,,
parser_src,723,9157412844444,,33333333
decoder_sink,723,9157412844444,,33333333
decoder_src,721,9157346188888,,33333333
depay_src,724,9157379511111,,
parser_src,724,9157379511111,,33333333
decoder_sink,724,9157379511111,,33333333
decoder_src,722,9157379511111,,33333333
depay_src,725,9157446188888,,
parser_src,725,9157446188888,,33333333
decoder_sink,725,9157446188888,,33333333
decoder_src,723,9157412844444,,33333333
depay_src,726,9157612844444,,
parser_src,726,9157612844444,,33333333
decoder_sink,726,9157612844444,,33333333
decoder_src,724,9157446188888,,33333333
depay_src,727,9157546188888,,
parser_src,727,9157546188888,,33333333
decoder_sink,727,9157546188888,,33333333
decoder_src,725,9157479511111,,33333333
depay_src,728,9157512844444,,
parser_src,728,9157512844444,,33333333
decoder_sink,728,9157512844444,,33333333
decoder_src,726,9157512844444,,33333333
depay_src,729,9157579511111,,
parser_src,729,9157579511111,,33333333
decoder_sink,729,9157579511111,,33333333
decoder_src,727,9157546188888,,33333333
depay_src,730,9157746188888,,
parser_src,730,9157746188888,,33333333
decoder_sink,730,9157746188888,,33333333
decoder_src,728,9157579511111,,33333333
depay_src,731,9157679511111,,
parser_src,731,9157679511111,,33333333
decoder_sink,731,9157679511111,,33333333
decoder_src,729,9157612844444,,33333333
depay_src,732,9157646188888,,
parser_src,732,9157646188888,,33333333
decoder_sink,732,9157646188888,,33333333
decoder_src,730,9157646188888,,33333333
depay_src,733,9157712844444,,
parser_src,733,9157712844444,,33333333
decoder_sink,733,9157712844444,,33333333
decoder_src,731,9157679511111,,33333333
depay_src,734,9157879511111,,
parser_src,734,9157879511111,,33333333
decoder_sink,734,9157879511111,,33333333
decoder_src,732,9157712844444,,33333333
depay_src,735,9157812844444,,
parser_src,735,9157812844444,,33333333
decoder_sink,735,9157812844444,,33333333
decoder_src,733,9157746188888,,33333333
depay_src,736,9157779511111,,
parser_src,736,9157779511111,,33333333
decoder_sink,736,9157779511111,,33333333
decoder_src,734,9157779511111,,33333333
depay_src,737,9157846188888,,
parser_src,737,9157846188888,,33333333
decoder_sink,737,9157846188888,,33333333
decoder_src,735,9157812844444,,33333333
depay_src,738,9158012844444,,
parser_src,738,9158012844444,,33333333
decoder_sink,738,9158012844444,,33333333
decoder_src,736,9157846188888,,33333333
depay_src,739,9157946188888,,
parser_src,739,9157946188888,,33333333
decoder_sink,739,9157946188888,,33333333
decoder_src,737,9157879511111,,33333333
depay_src,740,9157912844444,,
parser_src,740,9157912844444,,33333333
decoder_sink,740,9157912844444,,33333333
decoder_src,738,9157912844444,,33333333
depay_src,741,9157979511111,,
parser_src,741,9157979511111,,33333333
decoder_sink,741,9157979511111,,33333333
decoder_src,739,9157946188888,,33333333
depay_src,742,9158146188888,,
parser_src,742,9158146188888,,33333333
decoder_sink,742,9158146188888,,33333333
decoder_src,740,9157979511111,,33333333
depay_src,743,9158079511111,,
parser_src,743,9158079511111,,33333333
decoder_sink,743,9158079511111,,33333333
decoder_src,741,9158012844444,,33333333
depay_src,744,9158046188888,,
parser_src,744,9158046188888,,33333333
decoder_sink,744,9158046188888,,33333333
decoder_src,742,9158046188888,,33333333
depay_src,745,9158112844444,,
parser_src,745,9158112844444,,33333333
decoder_sink,745,9158112844444,,33333333
decoder_src,743,9158079511111,,33333333
depay_src,746,9158279511111,,
parser_src,746,9158279511111,,33333333
decoder_sink,746,9158279511111,,33333333
decoder_src,744,9158112844444,,33333333
depay_src,747,9158212844444,,
parser_src,747,9158212844444,,33333333
decoder_sink,747,9158212844444,,33333333
decoder_src,745,9158146188888,,33333333
depay_src,748,9158179511111,,
parser_src,748,9158179511111,,33333333
decoder_sink,748,9158179511111,,33333333
decoder_src,746,9158179511111,,33333333
depay_src,749,9158246188888,,
parser_src,749,9158246188888,,33333333
decoder_sink,749,9158246188888,,33333333
decoder_src,747,9158212844444,,33333333
depay_src,750,9158412844444,,
parser_src,750,9158412844444,,33333333
decoder_sink,750,9158412844444,,33333333
decoder_src,748,9158246188888,,33333333
depay_src,751,9158346188888,,
parser_src,751,9158346188888,,33333333
decoder_sink,751,9158346188888,,33333333
decoder_src,749,9158279511111,,33333333
depay_src,752,9158312844444,,
parser_src,752,9158312844444,,33333333
decoder_sink,752,9158312844444,,33333333
decoder_src,750,9158312844444,,33333333
depay_src,753,9158379511111,,
parser_src,753,9158379511111,,33333333
decoder_sink,753,9158379511111,,33333333
decoder_src,751,9158346188888,,33333333
depay_src,754,9158546188888,,
parser_src,754,9158546188888,,33333333
decoder_sink,754,9158546188888,,33333333
decoder_src,752,9158379511111,,33333333
depay_src,755,9158479511111,,
parser_src,755,9158479511111,,33333333
decoder_sink,755,9158479511111,,33333333
decoder_src,753,9158412844444,,33333333
depay_src,756,9158446188888,,
parser_src,756,9158446188888,,33333333
decoder_sink,756,9158446188888,,33333333
decoder_src,754,9158446188888,,33333333
depay_src,757,9158512844444,,
parser_src,757,9158512844444,,33333333
decoder_sink,757,9158512844444,,33333333
decoder_src,755,9158479511111,,33333333
depay_src,758,9158679511111,,
parser_src,758,9158679511111,,33333333
decoder_sink,758,9158679511111,,33333333
decoder_src,756,9158512844444,,33333333
depay_src,759,9158612844444,,
parser_src,759,9158612844444,,33333333
decoder_sink,759,9158612844444,,33333333
decoder_src,757,9158546188888,,33333333
depay_src,760,9158579511111,,
parser_src,760,9158579511111,,33333333
decoder_sink,760,9158579511111,,33333333
decoder_src,758,9158579511111,,33333333
depay_src,761,9158646188888,,
parser_src,761,9158646188888,,33333333
decoder_sink,761,9158646188888,,33333333
decoder_src,759,9158612844444,,33333333
depay_src,762,9158812844444,,
parser_src,762,9158812844444,,33333333
decoder_sink,762,9158812844444,,33333333
decoder_src,760,9158646188888,,33333333
depay_src,763,9158746188888,,
parser_src,763,9158746188888,,33333333
decoder_sink,763,9158746188888,,33333333
decoder_src,761,9158679511111,,33333333
depay_src,764,9158712844444,,
parser_src,764,9158712844444,,33333333
decoder_sink,764,9158712844444,,33333333
decoder_src,762,9158712844444,,33333333
depay_src,765,9158779511111,,
parser_src,765,9158779511111,,33333333
decoder_sink,765,9158779511111,,33333333
decoder_src,763,9158746188888,,33333333
depay_src,766,9158946188888,,
parser_src,766,9158946188888,,33333333
decoder_sink,766,9158946188888,,33333333
decoder_src,764,9158779511111,,33333333
depay_src,767,9158879511111,,
parser_src,767,9158879511111,,33333333
decoder_sink,767,9158879511111,,33333333
decoder_src,765,9158812844444,,33333333
depay_src,768,9158846188888,,
parser_src,768,9158846188888,,33333333
decoder_sink,768,9158846188888,,33333333
decoder_src,766,9158846188888,,33333333
depay_src,769,9158912844444,,
parser_src,769,9158912844444,,33333333
decoder_sink,769,9158912844444,,33333333
decoder_src,767,9158879511111,,33333333
depay_src,770,9159079511111,,
parser_src,770,9159079511111,,33333333
decoder_sink,770,9159079511111,,33333333
decoder_src,768,9158912844444,,33333333
depay_src,771,9159012844444,,
parser_src,771,9159012844444,,33333333
decoder_sink,771,9159012844444,,33333333
decoder_src,769,9158946188888,,33333333
depay_src,772,9158979511111,,
parser_src,772,9158979511111,,33333333
decoder_sink,772,9158979511111,,33333333
decoder_src,770,9158979511111,,33333333
depay_src,773,9159046188888,,
parser_src,773,9159046188888,,33333333
decoder_sink,773,9159046188888,,33333333
decoder_src,771,9159012844444,,33333333
depay_src,774,9159212844444,,
parser_src,774,9159212844444,,33333333
decoder_sink,774,9159212844444,,33333333
decoder_src,772,9159046188888,,33333333
depay_src,775,9159146188888,,
parser_src,775,9159146188888,,33333333
decoder_sink,775,9159146188888,,33333333
decoder_src,773,9159079511111,,33333333
depay_src,776,9159112844444,,
parser_src,776,9159112844444,,33333333
decoder_sink,776,9159112844444,,33333333
decoder_src,774,9159112844444,,33333333
depay_src,777,9159179511111,,
parser_src,777,9159179511111,,33333333
decoder_sink,777,9159179511111,,33333333
decoder_src,775,9159146188888,,33333333
depay_src,778,9159346188888,,
parser_src,778,9159346188888,,33333333
decoder_sink,778,9159346188888,,33333333
decoder_src,776,9159179511111,,33333333
depay_src,779,9159279511111,,
parser_src,779,9159279511111,,33333333
decoder_sink,779,9159279511111,,33333333
decoder_src,777,9159212844444,,33333333
depay_src,780,9159246188888,,
parser_src,780,9159246188888,,33333333
decoder_sink,780,9159246188888,,33333333
decoder_src,778,9159246188888,,33333333
depay_src,781,9159312844444,,
parser_src,781,9159312844444,,33333333
decoder_sink,781,9159312844444,,33333333
decoder_src,779,9159279511111,,33333333
depay_src,782,9159479511111,,
parser_src,782,9159479511111,,33333333
decoder_sink,782,9159479511111,,33333333
decoder_src,780,9159312844444,,33333333
depay_src,783,9159412844444,,
parser_src,783,9159412844444,,33333333
decoder_sink,783,9159412844444,,33333333
decoder_src,781,9159346188888,,33333333
depay_src,784,9159379511111,,
parser_src,784,9159379511111,,33333333
decoder_sink,784,9159379511111,,33333333
decoder_src,782,9159379511111,,33333333
depay_src,785,9159446188888,,
parser_src,785,9159446188888,,33333333
decoder_sink,785,9159446188888,,33333333
decoder_src,783,9159412844444,,33333333
depay_src,786,9159612844444,,
parser_src,786,9159612844444,,33333333
decoder_sink,786,9159612844444,,33333333
decoder_src,784,9159446188888,,33333333
depay_src,787,9159546188888,,
parser_src,787,9159546188888,,33333333
decoder_sink,787,9159546188888,,33333333
decoder_src,785,9159479511111,,33333333
depay_src,788,9159512844444,,
parser_src,788,9159512844444,,33333333
decoder_sink,788,9159512844444,,33333333
decoder_src,786,9159512844444,,33333333
depay_src,789,9159579511111,,
parser_src,789,9159579511111,,33333333
decoder_sink,789,9159579511111,,33333333
decoder_src,787,9159546188888,,33333333
depay_src,790,9159746188888,,
parser_src,790,9159746188888,,33333333
decoder_sink,790,9159746188888,,33333333
decoder_src,788,9159579511111,,33333333
depay_src,791,9159679511111,,
parser_src,791,9159679511111,,33333333
decoder_sink,791,9159679511111,,33333333
decoder_src,789,9159612844444,,33333333
depay_src,792,9159646188888,,
parser_src,792,9159646188888,,33333333
decoder_sink,792,9159646188888,,33333333
decoder_src,790,9159646188888,,33333333
depay_src,793,9159712844444,,
parser_src,793,9159712844444,,33333333
decoder_sink,793,9159712844444,,33333333
decoder_src,791,9159679511111,,33333333
depay_src,794,9159879511111,,
parser_src,794,9159879511111,,33333333
decoder_sink,794,9159879511111,,33333333
decoder_src,792,9159712844444,,33333333
depay_src,795,9159812844444,,
parser_src,795,9159812844444,,33333333
decoder_sink,795,9159812844444,,33333333
decoder_src,793,9159746188888,,33333333
depay_src,796,9159779511111,,
parser_src,796,9159779511111,,33333333
decoder_sink,796,9159779511111,,33333333
decoder_src,794,9159779511111,,33333333
depay_src,797,9159846188888,,
parser_src,797,9159846188888,,33333333
decoder_sink,797,9159846188888,,33333333
decoder_src,795,9159812844444,,33333333
depay_src,798,9160012844444,,
parser_src,798,9160012844444,,33333333
decoder_sink,798,9160012844444,,33333333
decoder_src,796,9159846188888,,33333333
depay_src,799,9159946188888,,
parser_src,799,9159946188888,,33333333
decoder_sink,799,9159946188888,,33333333
decoder_src,797,9159879511111,,33333333
depay_src,800,9159912844444,,
parser_src,800,9159912844444,,33333333
decoder_sink,800,9159912844444,,33333333
decoder_src,798,9159912844444,,33333333
depay_src,801,9159979511111,,
parser_src,801,9159979511111,,33333333
decoder_sink,801,9159979511111,,33333333
decoder_src,799,9159946188888,,33333333
depay_src,802,9160146188888,,
parser_src,802,9160146188888,,33333333
decoder_sink,802,9160146188888,,33333333
decoder_src,800,9159979511111,,33333333
depay_src,803,9160079511111,,
parser_src,803,9160079511111,,33333333
decoder_sink,803,9160079511111,,33333333
decoder_src,801,9160012844444,,33333333
depay_src,804,9160046188888,,
parser_src,804,9160046188888,,33333333
decoder_sink,804,9160046188888,,33333333
decoder_src,802,9160046188888,,33333333
depay_src,805,9160112844444,,
parser_src,805,9160112844444,,33333333
decoder_sink,805,9160112844444,,33333333
decoder_src,803,9160079511111,,33333333
depay_src,806,9160279511111,,
parser_src,806,9160279511111,,33333333
decoder_sink,806,9160279511111,,33333333
decoder_src,804,9160112844444,,33333333
depay_src,807,9160212844444,,
parser_src,807,9160212844444,,33333333
decoder_sink,807,9160212844444,,33333333
decoder_src,805,9160146188888,,33333333
depay_src,808,9160179511111,,
parser_src,808,9160179511111,,33333333
decoder_sink,808,9160179511111,,33333333
decoder_src,806,9160179511111,,33333333
depay_src,809,9160246188888,,
parser_src,809,9160246188888,,33333333
decoder_sink,809,9160246188888,,33333333
decoder_src,807,9160212844444,,33333333
depay_src,810,9160412844444,,
parser_src,810,9160412844444,,33333333
decoder_sink,810,9160412844444,,33333333
decoder_src,808,9160246188888,,33333333
depay_src,811,9160346188888,,
parser_src,811,9160346188888,,33333333
decoder_sink,811,9160346188888,,33333333
decoder_src,809,9160279511111,,33333333
depay_src,812,9160312844444,,
parser_src,812,9160312844444,,33333333
decoder_sink,812,9160312844444,,33333333
decoder_src,810,9160312844444,,33333333
depay_src,813,9160379511111,,
parser_src,813,9160379511111,,33333333
decoder_sink,813,9160379511111,,33333333
decoder_src,811,9160346188888,,33333333
depay_src,814,9160546188888,,
parser_src,814,9160546188888,,33333333
decoder_sink,814,9160546188888,,33333333
decoder_src,812,9160379511111,,33333333
depay_src,815,9160479511111,,
parser_src,815,9160479511111,,33333333
decoder_sink,815,9160479511111,,33333333
decoder_src,813,9160412844444,,33333333
depay_src,816,9160446188888,,
parser_src,816,9160446188888,,33333333
decoder_sink,816,9160446188888,,33333333
decoder_src,814,9160446188888,,33333333
depay_src,817,9160512844444,,
parser_src,817,9160512844444,,33333333
decoder_sink,817,9160512844444,,33333333
decoder_src,815,9160479511111,,33333333
depay_src,818,9160679511111,,
parser_src,818,9160679511111,,33333333
decoder_sink,818,9160679511111,,33333333
decoder_src,816,9160512844444,,33333333
depay_src,819,9160612844444,,
parser_src,819,9160612844444,,33333333
decoder_sink,819,9160612844444,,33333333
decoder_src,817,9160546188888,,33333333
depay_src,820,9160579511111,,
parser_src,820,9160579511111,,33333333
decoder_sink,820,9160579511111,,33333333
decoder_src,818,9160579511111,,33333333
depay_src,821,9160646188888,,
parser_src,821,9160646188888,,33333333
decoder_sink,821,9160646188888,,33333333
decoder_src,819,9160612844444,,33333333
depay_src,822,9160812844444,,
parser_src,822,9160812844444,,33333333
decoder_sink,822,9160812844444,,33333333
decoder_src,820,9160646188888,,33333333
depay_src,823,9160746188888,,
parser_src,823,9160746188888,,33333333
decoder_sink,823,9160746188888,,33333333
decoder_src,821,9160679511111,,33333333
depay_src,824,9160712844444,,
parser_src,824,9160712844444,,33333333
decoder_sink,824,9160712844444,,33333333
decoder_src,822,9160712844444,,33333333
depay_src,825,9160779511111,,
parser_src,825,9160779511111,,33333333
decoder_sink,825,9160779511111,,33333333
decoder_src,823,9160746188888,,33333333
depay_src,826,9160946188888,,
parser_src,826,9160946188888,,33333333
decoder_sink,826,9160946188888,,33333333
decoder_src,824,9160779511111,,33333333
depay_src,827,9160879511111,,
parser_src,827,9160879511111,,33333333
decoder_sink,827,9160879511111,,33333333
decoder_src,825,9160812844444,,33333333
depay_src,828,9160846188888,,
parser_src,828,9160846188888,,33333333
decoder_sink,828,9160846188888,,33333333
decoder_src,826,9160846188888,,33333333
depay_src,829,9160912844444,,
parser_src,829,9160912844444,,33333333
decoder_sink,829,9160912844444,,33333333
decoder_src,827,9160879511111,,33333333
depay_src,830,9161079511111,,
parser_src,830,9161079511111,,33333333
decoder_sink,830,9161079511111,,33333333
decoder_src,828,9160912844444,,33333333
depay_src,831,9161012844444,,
parser_src,831,9161012844444,,33333333
decoder_sink,831,9161012844444,,33333333
decoder_src,829,9160946188888,,33333333
depay_src,832,9160979511111,,
parser_src,832,9160979511111,,33333333
decoder_sink,832,9160979511111,,33333333
decoder_src,830,9160979511111,,33333333
depay_src,833,9161046188888,,
parser_src,833,9161046188888,,33333333
decoder_sink,833,9161046188888,,33333333
decoder_src,831,9161012844444,,33333333
depay_src,834,9161212844444,,
parser_src,834,9161212844444,,33333333
decoder_sink,834,9161212844444,,33333333
decoder_src,832,9161046188888,,33333333
depay_src,835,9161146188888,,
parser_src,835,9161146188888,,33333333
decoder_sink,835,9161146188888,,33333333
decoder_src,833,9161079511111,,33333333
depay_src,836,9161112844444,,
parser_src,836,9161112844444,,33333333
decoder_sink,836,9161112844444,,33333333
decoder_src,834,9161112844444,,33333333
depay_src,837,9161179511111,,
parser_src,837,9161179511111,,33333333
decoder_sink,837,9161179511111,,33333333
decoder_src,835,9161146188888,,33333333
depay_src,838,9161346188888,,
parser_src,838,9161346188888,,33333333
decoder_sink,838,9161346188888,,33333333
decoder_src,836,9161179511111,,33333333
depay_src,839,9161279511111,,
parser_src,839,9161279511111,,33333333
decoder_sink,839,9161279511111,,33333333
decoder_src,837,9161212844444,,33333333
depay_src,840,9161246188888,,
parser_src,840,9161246188888,,33333333
decoder_sink,840,9161246188888,,33333333
decoder_src,838,9161246188888,,33333333
depay_src,841,9161312844444,,
parser_src,841,9161312844444,,33333333
decoder_sink,841,9161312844444,,33333333
decoder_src,839,9161279511111,,33333333
depay_src,842,9161479511111,,
parser_src,842,9161479511111,,33333333
decoder_sink,842,9161479511111,,33333333
decoder_src,840,9161312844444,,33333333
depay_src,843,9161412844444,,
parser_src,843,9161412844444,,33333333
decoder_sink,843,9161412844444,,33333333
decoder_src,841,9161346188888,,33333333
depay_src,844,9161379511111,,
parser_src,844,9161379511111,,33333333
decoder_sink,844,9161379511111,,33333333
decoder_src,842,9161379511111,,33333333
depay_src,845,9161446188888,,
parser_src,845,9161446188888,,33333333
decoder_sink,845,9161446188888,,33333333
decoder_src,843,9161412844444,,33333333
depay_src,846,9161612844444,,
parser_src,846,9161612844444,,33333333
decoder_sink,846,9161612844444,,33333333
decoder_src,844,9161446188888,,33333333
depay_src,847,9161546188888,,
parser_src,847,9161546188888,,33333333
decoder_sink,847,9161546188888,,33333333
decoder_src,845,9161479511111,,33333333
depay_src,848,9161512844444,,
parser_src,848,9161512844444,,33333333
decoder_sink,848,9161512844444,,33333333
decoder_src,846,9161512844444,,33333333
depay_src,849,9161579511111,,
parser_src,849,9161579511111,,33333333
decoder_sink,849,9161579511111,,33333333
decoder_src,847,9161546188888,,33333333
depay_src,850,9161746188888,,
parser_src,850,9161746188888,,33333333
decoder_sink,850,9161746188888,,33333333
decoder_src,848,9161579511111,,33333333
depay_src,851,9161679511111,,
parser_src,851,9161679511111,,33333333
decoder_sink,851,9161679511111,,33333333
decoder_src,849,9161612844444,,33333333
depay_src,852,9161646188888,,
parser_src,852,9161646188888,,33333333
decoder_sink,852,9161646188888,,33333333
decoder_src,850,9161646188888,,33333333
depay_src,853,9161712844444,,
parser_src,853,9161712844444,,33333333
decoder_sink,853,9161712844444,,33333333
decoder_src,851,9161679511111,,33333333
depay_src,854,9161879511111,,
parser_src,854,9161879511111,,33333333
decoder_sink,854,9161879511111,,33333333
decoder_src,852,9161712844444,,33333333
depay_src,855,9161812844444,,
parser_src,855,9161812844444,,33333333
decoder_sink,855,9161812844444,,33333333
decoder_src,853,9161746188888,,33333333
depay_src,856,9161779511111,,
parser_src,856,9161779511111,,33333333
decoder_sink,856,9161779511111,,33333333
decoder_src,854,9161779511111,,33333333
depay_src,857,9161846188888,,
parser_src,857,9161846188888,,33333333
decoder_sink,857,9161846188888,,33333333
decoder_src,855,9161812844444,,33333333
depay_src,858,9162012844444,,
parser_src,858,9162012844444,,33333333
decoder_sink,858,9162012844444,,33333333
decoder_src,856,9161846188888,,33333333
depay_src,859,9161946188888,,
parser_src,859,9161946188888,,33333333
decoder_sink,859,9161946188888,,33333333
decoder_src,857,9161879511111,,33333333
depay_src,860,9161912844444,,
parser_src,860,9161912844444,,33333333
decoder_sink,860,9161912844444,,33333333
decoder_src,858,9161912844444,,33333333
depay_src,861,9161979511111,,
parser_src,861,9161979511111,,33333333
decoder_sink,861,9161979511111,,33333333
decoder_src,859,9161946188888,,33333333
depay_src,862,9162146188888,,
parser_src,862,9162146188888,,33333333
decoder_sink,862,9162146188888,,33333333
decoder_src,860,9161979511111,,33333333
depay_src,863,9162079511111,,
parser_src,863,9162079511111,,33333333
decoder_sink,863,9162079511111,,33333333
decoder_src,861,9162012844444,,33333333
depay_src,864,9162046188888,,
parser_src,864,9162046188888,,33333333
decoder_sink,864,9162046188888,,33333333
decoder_src,862,9162046188888,,33333333
depay_src,865,9162112844444,,
parser_src,865,9162112844444,,33333333
decoder_sink,865,9162112844444,,33333333
decoder_src,863,9162079511111,,33333333
depay_src,866,9162279511111,,
parser_src,866,9162279511111,,33333333
decoder_sink,866,9162279511111,,33333333
decoder_src,864,9162112844444,,33333333
depay_src,867,9162212844444,,
parser_src,867,9162212844444,,33333333
decoder_sink,867,9162212844444,,33333333
decoder_src,865,9162146188888,,33333333
depay_src,868,9162179511111,,
parser_src,868,9162179511111,,33333333
decoder_sink,868,9162179511111,,33333333
decoder_src,866,9162179511111,,33333333
depay_src,869,9162246188888,,
parser_src,869,9162246188888,,33333333
decoder_sink,869,9162246188888,,33333333
decoder_src,867,9162212844444,,33333333
depay_src,870,9162412844444,,
parser_src,870,9162412844444,,33333333
decoder_sink,870,9162412844444,,33333333
decoder_src,868,9162246188888,,33333333
depay_src,871,9162346188888,,
parser_src,871,9162346188888,,33333333
decoder_sink,871,9162346188888,,33333333
decoder_src,869,9162279511111,,33333333
depay_src,872,9162312844444,,
parser_src,872,9162312844444,,33333333
decoder_sink,872,9162312844444,,33333333
decoder_src,870,9162312844444,,33333333
depay_src,873,9162379511111,,
parser_src,873,9162379511111,,33333333
decoder_sink,873,9162379511111,,33333333
decoder_src,871,9162346188888,,33333333
depay_src,874,9162546188888,,
parser_src,874,9162546188888,,33333333
decoder_sink,874,9162546188888,,33333333
decoder_src,872,9162379511111,,33333333
depay_src,875,9162479511111,,
parser_src,875,9162479511111,,33333333
decoder_sink,875,9162479511111,,33333333
decoder_src,873,9162412844444,,33333333
depay_src,876,9162446188888,,
parser_src,876,9162446188888,,33333333
decoder_sink,876,9162446188888,,33333333
decoder_src,874,9162446188888,,33333333
depay_src,877,9162512844444,,
parser_src,877,9162512844444,,33333333
decoder_sink,877,9162512844444,,33333333
decoder_src,875,9162479511111,,33333333
depay_src,878,9162679511111,,
parser_src,878,9162679511111,,33333333
decoder_sink,878,9162679511111,,33333333
decoder_src,876,9162512844444,,33333333
depay_src,879,9162612844444,,
parser_src,879,9162612844444,,33333333
decoder_sink,879,9162612844444,,33333333
decoder_src,877,9162546188888,,33333333
depay_src,880,9162579511111,,
parser_src,880,9162579511111,,33333333
decoder_sink,880,9162579511111,,33333333
decoder_src,878,9162579511111,,33333333
depay_src,881,9162646188888,,
parser_src,881,9162646188888,,33333333
decoder_sink,881,9162646188888,,33333333
decoder_src,879,9162612844444,,33333333
depay_src,882,9162812844444,,
parser_src,882,9162812844444,,33333333
decoder_sink,882,9162812844444,,33333333
decoder_src,880,9162646188888,,33333333
depay_src,883,9162746188888,,
parser_src,883,9162746188888,,33333333
decoder_sink,883,9162746188888,,33333333
decoder_src,881,9162679511111,,33333333
depay_src,884,9162712844444,,
parser_src,884,9162712844444,,33333333
decoder_sink,884,9162712844444,,33333333
decoder_src,882,9162712844444,,33333333
depay_src,885,9162779511111,,
parser_src,885,9162779511111,,33333333
decoder_sink,885,9162779511111,,33333333
decoder_src,883,9162746188888,,33333333
depay_src,886,9162946188888,,
parser_src,886,9162946188888,,33333333
decoder_sink,886,9162946188888,,33333333
decoder_src,884,9162779511111,,33333333
depay_src,887,9162879511111,,
parser_src,887,9162879511111,,33333333
decoder_sink,887,9162879511111,,33333333
decoder_src,885,9162812844444,,33333333
depay_src,888,9162846188888,,
parser_src,888,9162846188888,,33333333
decoder_sink,888,9162846188888,,33333333
decoder_src,886,9162846188888,,33333333
depay_src,889,9162912844444,,
parser_src,889,9162912844444,,33333333
decoder_sink,889,9162912844444,,33333333
decoder_src,887,9162879511111,,33333333
depay_src,890,9163079511111,,
parser_src,890,9163079511111,,33333333
decoder_sink,890,9163079511111,,33333333
decoder_src,888,9162912844444,,33333333
depay_src,891,9163012844444,,
parser_src,891,9163012844444,,33333333
decoder_sink,891,9163012844444,,33333333
decoder_src,889,9162946188888,,33333333
depay_src,892,9162979511111,,
parser_src,892,9162979511111,,33333333
decoder_sink,892,9162979511111,,33333333
decoder_src,890,9162979511111,,33333333
depay_src,893,9163046188888,,
parser_src,893,9163046188888,,33333333
decoder_sink,893,9163046188888,,33333333
decoder_src,891,9163012844444,,33333333
depay_src,894,9163212844444,,
parser_src,894,9163212844444,,33333333
decoder_sink,894,9163212844444,,33333333
decoder_src,892,9163046188888,,33333333
depay_src,895,9163146188888,,
parser_src,895,9163146188888,,33333333
decoder_sink,895,9163146188888,,33333333
decoder_src,893,9163079511111,,33333333
depay_src,896,9163112844444,,
parser_src,896,9163112844444,,33333333
decoder_sink,896,9163112844444,,33333333
decoder_src,894,9163112844444,,33333333
depay_src,897,9163179511111,,
parser_src,897,9163179511111,,33333333
decoder_sink,897,9163179511111,,33333333
decoder_src,895,9163146188888,,33333333
depay_src,898,9163346188888,,
parser_src,898,9163346188888,,33333333
decoder_sink,898,9163346188888,,33333333
decoder_src,896,9163179511111,,33333333
depay_src,899,9163279511111,,
parser_src,899,9163279511111,,33333333
decoder_sink,899,9163279511111,,33333333
decoder_src,897,9163212844444,,33333333
depay_src,900,9163246188888,,
parser_src,900,9163246188888,,33333333
decoder_sink,900,9163246188888,,33333333
decoder_src,898,9163246188888,,33333333
depay_src,901,9163312844444,,
parser_src,901,9163312844444,,33333333
decoder_sink,901,9163312844444,,33333333
decoder_src,899,9163279511111,,33333333
depay_src,902,9163479511111,,
parser_src,902,9163479511111,,33333333
decoder_sink,902,9163479511111,,33333333
decoder_src,900,9163312844444,,33333333
depay_src,903,9163412844444,,
parser_src,903,9163412844444,,33333333
decoder_sink,903,9163412844444,,33333333
decoder_src,901,9163346188888,,33333333
depay_src,904,9163379511111,,
parser_src,904,9163379511111,,33333333
decoder_sink,904,9163379511111,,33333333
decoder_src,902,9163379511111,,33333333
depay_src,905,9163446188888,,
parser_src,905,9163446188888,,33333333
decoder_sink,905,9163446188888,,33333333
decoder_src,903,9163412844444,,33333333
depay_src,906,9163612844444,,
parser_src,906,9163612844444,,33333333
decoder_sink,906,9163612844444,,33333333
decoder_src,904,9163446188888,,33333333
depay_src,907,9163546188888,,
parser_src,907,9163546188888,,33333333
decoder_sink,907,9163546188888,,33333333
decoder_src,905,9163479511111,,33333333
depay_src,908,9163512844444,,
parser_src,908,9163512844444,,33333333
decoder_sink,908,9163512844444,,33333333
decoder_src,906,9163512844444,,33333333
depay_src,909,9163579511111,,
parser_src,909,9163579511111,,33333333
decoder_sink,909,9163579511111,,33333333
decoder_src,907,9163546188888,,33333333
depay_src,910,9163746188888,,
parser_src,910,9163746188888,,33333333
decoder_sink,910,9163746188888,,33333333
decoder_src,908,9163579511111,,33333333
depay_src,911,9163679511111,,
parser_src,911,9163679511111,,33333333
decoder_sink,911,9163679511111,,33333333
decoder_src,909,9163612844444,,33333333
depay_src,912,9163646188888,,
parser_src,912,9163646188888,,33333333
decoder_sink,912,9163646188888,,33333333
decoder_src,910,9163646188888,,33333333
depay_src,913,9163712844444,,
parser_src,913,9163712844444,,33333333
decoder_sink,913,9163712844444,,33333333
decoder_src,911,9163679511111,,33333333
depay_src,914,9163879511111,,
parser_src,914,9163879511111,,33333333
decoder_sink,914,9163879511111,,33333333
decoder_src,912,9163712844444,,33333333
depay_src,915,9163812844444,,
parser_src,915,9163812844444,,33333333
decoder_sink,915,9163812844444,,33333333
decoder_src,913,9163746188888,,33333333
depay_src,916,9163779511111,,
parser_src,916,9163779511111,,33333333
decoder_sink,916,9163779511111,,33333333
decoder_src,914,9163779511111,,33333333
depay_src,917,9163846188888,,
parser_src,917,9163846188888,,33333333
decoder_sink,917,9163846188888,,33333333
decoder_src,915,9163812844444,,33333333
depay_src,918,9164012844444,,
parser_src,918,9164012844444,,33333333
decoder_sink,918,9164012844444,,33333333
decoder_src,916,9163846188888,,33333333
depay_src,919,9163946188888,,
parser_src,919,9163946188888,,33333333
decoder_sink,919,9163946188888,,33333333
decoder_src,917,9163879511111,,33333333
depay_src,920,9163912844444,,
parser_src,920,9163912844444,,33333333
decoder_sink,920,9163912844444,,33333333
decoder_src,918,9163912844444,,33333333
depay_src,921,9163979511111,,
parser_src,921,9163979511111,,33333333
decoder_sink,921,9163979511111,,33333333
decoder_src,919,9163946188888,,33333333
depay_src,922,9164146188888,,
parser_src,922,9164146188888,,33333333
decoder_sink,922,9164146188888,,33333333
decoder_src,920,9163979511111,,33333333
depay_src,923,9164079511111,,
parser_src,923,9164079511111,,33333333
decoder_sink,923,9164079511111,,33333333
decoder_src,921,9164012844444,,33333333
depay_src,924,9164046188888,,
parser_src,924,9164046188888,,33333333
decoder_sink,924,9164046188888,,33333333
decoder_src,922,9164046188888,,33333333
depay_src,925,9164112844444,,
parser_src,925,9164112844444,,33333333
decoder_sink,925,9164112844444,,33333333
decoder_src,923,9164079511111,,33333333
depay_src,926,9164279511111,,
parser_src,926,9164279511111,,33333333
decoder_sink,926,9164279511111,,33333333
decoder_src,924,9164112844444,,33333333
depay_src,927,9164212844444,,
parser_src,927,9164212844444,,33333333
decoder_sink,927,9164212844444,,33333333
decoder_src,925,9164146188888,,33333333
depay_src,928,9164179511111,,
parser_src,928,9164179511111,,33333333
decoder_sink,928,9164179511111,,33333333
decoder_src,926,9164179511111,,33333333
depay_src,929,9164246188888,,
parser_src,929,9164246188888,,33333333
decoder_sink,929,9164246188888,,33333333
decoder_src,927,9164212844444,,33333333
depay_src,930,9164412844444,,
parser_src,930,9164412844444,,33333333
decoder_sink,930,9164412844444,,33333333
decoder_src,928,9164246188888,,33333333
depay_src,931,9164346188888,,
parser_src,931,9164346188888,,33333333
decoder_sink,931,9164346188888,,33333333
decoder_src,929,9164279511111,,33333333
depay_src,932,9164312844444,,
parser_src,932,9164312844444,,33333333
decoder_sink,932,9164312844444,,33333333
decoder_src,930,9164312844444,,33333333
depay_src,933,9164379511111,,
parser_src,933,9164379511111,,33333333
decoder_sink,933,9164379511111,,33333333
decoder_src,931,9164346188888,,33333333
depay_src,934,9164546188888,,
parser_src,934,9164546188888,,33333333
decoder_sink,934,9164546188888,,33333333
decoder_src,932,9164379511111,,33333333
depay_src,935,9164479511111,,
parser_src,935,9164479511111,,33333333
decoder_sink,935,9164479511111,,33333333
decoder_src,933,9164412844444,,33333333
depay_src,936,9164446188888,,
parser_src,936,9164446188888,,33333333
decoder_sink,936,9164446188888,,33333333
decoder_src,934,9164446188888,,33333333
depay_src,937,9164512844444,,
parser_src,937,9164512844444,,33333333
decoder_sink,937,9164512844444,,33333333
decoder_src,935,9164479511111,,33333333
depay_src,938,9164679511111,,
parser_src,938,9164679511111,,33333333
decoder_sink,938,9164679511111,,33333333
decoder_src,936,9164512844444,,33333333
depay_src,939,9164612844444,,
parser_src,939,9164612844444,,33333333
decoder_sink,939,9164612844444,,33333333
decoder_src,937,9164546188888,,33333333
depay_src,940,9164579511111,,
parser_src,940,9164579511111,,33333333
decoder_sink,940,9164579511111,,33333333
decoder_src,938,9164579511111,,33333333
depay_src,941,9164646188888,,
parser_src,941,9164646188888,,33333333
decoder_sink,941,9164646188888,,33333333
decoder_src,939,9164612844444,,33333333
depay_src,942,9164812844444,,
parser_src,942,9164812844444,,33333333
decoder_sink,942,9164812844444,,33333333
decoder_src,940,9164646188888,,33333333
depay_src,943,9164746188888,,
parser_src,943,9164746188888,,33333333
decoder_sink,943,9164746188888,,33333333
decoder_src,941,9164679511111,,33333333
depay_src,944,9164712844444,,
parser_src,944,9164712844444,,33333333
decoder_sink,944,9164712844444,,33333333
decoder_src,942,9164712844444,,33333333
depay_src,945,9164779511111,,
parser_src,945,9164779511111,,33333333
decoder_sink,945,9164779511111,,33333333
decoder_src,943,9164746188888,,33333333
depay_src,946,9164946188888,,
parser_src,946,9164946188888,,33333333
decoder_sink,946,9164946188888,,33333333
decoder_src,944,9164779511111,,33333333
depay_src,947,9164879511111,,
parser_src,947,9164879511111,,33333333
decoder_sink,947,9164879511111,,33333333
decoder_src,945,9164812844444,,33333333
depay_src,948,9164846188888,,
parser_src,948,9164846188888,,33333333
decoder_sink,948,9164846188888,,33333333
decoder_src,946,9164846188888,,33333333
depay_src,949,9164912844444,,
parser_src,949,9164912844444,,33333333
decoder_sink,949,9164912844444,,33333333
decoder_src,947,9164879511111,,33333333
depay_src,950,9165079511111,,
parser_src,950,9165079511111,,33333333
decoder_sink,950,9165079511111,,33333333
decoder_src,948,9164912844444,,33333333
depay_src,951,9165012844444,,
parser_src,951,9165012844444,,33333333
decoder_sink,951,9165012844444,,33333333
decoder_src,949,9164946188888,,33333333
depay_src,952,9164979511111,,
parser_src,952,9164979511111,,33333333
decoder_sink,952,9164979511111,,33333333
decoder_src,950,9164979511111,,33333333
depay_src,953,9165046188888,,
parser_src,953,9165046188888,,33333333
decoder_sink,953,9165046188888,,33333333
decoder_src,951,9165012844444,,33333333
depay_src,954,9165112844444,,
parser_src,954,9165112844444,,33333333
decoder_sink,954,9165112844444,,33333333
decoder_src,952,9165046188888,,33333333
depay_src,955,9165246188888,,
parser_src,955,9165246188888,,33333333
decoder_sink,955,9165246188888,,33333333
decoder_src,953,9165079511111,,33333333
depay_src,956,9165179511111,,
parser_src,956,9165179511111,,33333333
decoder_sink,956,9165179511111,,33333333
decoder_src,954,9165112844444,,33333333
depay_src,957,9165146188888,,
parser_src,957,9165146188888,,33333333
decoder_sink,957,9165146188888,,33333333
decoder_src,955,9165146188888,,33333333
depay_src,958,9165212844444,,
parser_src,958,9165212844444,,33333333
decoder_sink,958,9165212844444,,33333333
decoder_src,956,9165179511111,,33333333
depay_src,959,9165379511111,,
parser_src,959,9165379511111,,33333333
decoder_sink,959,9165379511111,,33333333
decoder_src,957,9165212844444,,33333333
depay_src,960,9165312844444,,
parser_src,960,9165312844444,,33333333
decoder_sink,960,9165312844444,,33333333
decoder_src,958,9165246188888,,33333333
depay_src,961,9165279511111,,
parser_src,961,9165279511111,,33333333
decoder_sink,961,9165279511111,,33333333
decoder_src,959,9165279511111,,33333333
depay_src,962,9165346188888,,
parser_src,962,9165346188888,,33333333
decoder_sink,962,9165346188888,,33333333
decoder_src,960,9165312844444,,33333333
depay_src,963,9165512844444,,
parser_src,963,9165512844444,,33333333
decoder_sink,963,9165512844444,,33333333
decoder_src,961,9165346188888,,33333333
depay_src,964,9165446188888,,
parser_src,964,9165446188888,,33333333
decoder_sink,964,9165446188888,,33333333
decoder_src,962,9165379511111,,33333333
depay_src,965,9165412844444,,
parser_src,965,9165412844444,,33333333
decoder_sink,965,9165412844444,,33333333
decoder_src,963,9165412844444,,33333333
depay_src,966,9165479511111,,
parser_src,966,9165479511111,,33333333
decoder_sink,966,9165479511111,,33333333
decoder_src,964,9165446188888,,33333333
depay_src,967,9165646188888,,
parser_src,967,9165646188888,,33333333
decoder_sink,967,9165646188888,,33333333
decoder_src,965,9165479511111,,33333333
depay_src,968,9165579511111,,
parser_src,968,9165579511111,,33333333
decoder_sink,968,9165579511111,,33333333
decoder_src,966,9165512844444,,33333333
depay_src,969,9165546188888,,
parser_src,969,9165546188888,,33333333
decoder_sink,969,9165546188888,,33333333
decoder_src,967,9165546188888,,33333333
depay_src,970,9165612844444,,
parser_src,970,9165612844444,,33333333
decoder_sink,970,9165612844444,,33333333
decoder_src,968,9165579511111,,33333333
depay_src,971,9165679511111,,
parser_src,971,9165679511111,,33333333
decoder_sink,971,9165679511111,,33333333
decoder_src,969,9165612844444,,33333333
