stage,sequence,pts_ns,dts_ns,duration_ns
depay_src,1,47581454722222,,
parser_src,1,47581454722222,,33333333
decoder_sink,1,47581454722222,,33333333
depay_src,2,47581588044444,,
parser_src,2,47581588044444,,33333333
decoder_sink,2,47581588044444,,33333333
depay_src,3,47581521377777,,
parser_src,3,47581521377777,,33333333
decoder_sink,3,47581521377777,,33333333
decoder_src,1,47581454722222,,33333333
depay_src,4,47581488044444,,
parser_src,4,47581488044444,,33333333
decoder_sink,4,47581488044444,,33333333
decoder_src,2,47581488044444,,33333333
depay_src,5,47581554722222,,
parser_src,5,47581554722222,,33333333
decoder_sink,5,47581554722222,,33333333
decoder_src,3,47581521377777,,33333333
depay_src,6,47581721377777,,
parser_src,6,47581721377777,,33333333
decoder_sink,6,47581721377777,,33333333
decoder_src,4,47581554722222,,33333333
depay_src,7,47581654722222,,
parser_src,7,47581654722222,,33333333
decoder_sink,7,47581654722222,,33333333
decoder_src,5,47581588044444,,33333333
depay_src,8,47581621377777,,
parser_src,8,47581621377777,,33333333
decoder_sink,8,47581621377777,,33333333
decoder_src,6,47581621377777,,33333333
depay_src,9,47581688044444,,
parser_src,9,47581688044444,,33333333
decoder_sink,9,47581688044444,,33333333
decoder_src,7,47581654722222,,33333333
depay_src,10,47581854722222,,
parser_src,10,47581854722222,,33333333
decoder_sink,10,47581854722222,,33333333
decoder_src,8,47581688044444,,33333333
depay_src,11,47581788044444,,
parser_src,11,47581788044444,,33333333
decoder_sink,11,47581788044444,,33333333
decoder_src,9,47581721377777,,33333333
depay_src,12,47581754722222,,
parser_src,12,47581754722222,,33333333
decoder_sink,12,47581754722222,,33333333
decoder_src,10,47581754722222,,33333333
depay_src,13,47581821377777,,
parser_src,13,47581821377777,,33333333
decoder_sink,13,47581821377777,,33333333
decoder_src,11,47581788044444,,33333333
depay_src,14,47581988044444,,
parser_src,14,47581988044444,,33333333
decoder_sink,14,47581988044444,,33333333
decoder_src,12,47581821377777,,33333333
depay_src,15,47581921377777,,
parser_src,15,47581921377777,,33333333
decoder_sink,15,47581921377777,,33333333
decoder_src,13,47581854722222,,33333333
depay_src,16,47581888044444,,
parser_src,16,47581888044444,,33333333
decoder_sink,16,47581888044444,,33333333
decoder_src,14,47581888044444,,33333333
depay_src,17,47581954722222,,
parser_src,17,47581954722222,,33333333
decoder_sink,17,47581954722222,,33333333
decoder_src,15,47581921377777,,33333333
depay_src,18,47582121377777,,
parser_src,18,47582121377777,,33333333
decoder_sink,18,47582121377777,,33333333
decoder_src,16,47581954722222,,33333333
depay_src,19,47582054722222,,
parser_src,19,47582054722222,,33333333
decoder_sink,19,47582054722222,,33333333
decoder_src,17,47581988044444,,33333333
depay_src,20,47582021377777,,
parser_src,20,47582021377777,,33333333
decoder_sink,20,47582021377777,,33333333
decoder_src,18,47582021377777,,33333333
depay_src,21,47582088044444,,
parser_src,21,47582088044444,,33333333
decoder_sink,21,47582088044444,,33333333
decoder_src,19,47582054722222,,33333333
depay_src,22,47582254722222,,
parser_src,22,47582254722222,,33333333
decoder_sink,22,47582254722222,,33333333
decoder_src,20,47582088044444,,33333333
depay_src,23,47582188044444,,
parser_src,23,47582188044444,,33333333
decoder_sink,23,47582188044444,,33333333
decoder_src,21,47582121377777,,33333333
depay_src,24,47582154722222,,
parser_src,24,47582154722222,,33333333
decoder_sink,24,47582154722222,,33333333
decoder_src,22,47582154722222,,33333333
depay_src,25,47582221377777,,
parser_src,25,47582221377777,,33333333
decoder_sink,25,47582221377777,,33333333
decoder_src,23,47582188044444,,33333333
depay_src,26,47582388044444,,
parser_src,26,47582388044444,,33333333
decoder_sink,26,47582388044444,,33333333
decoder_src,24,47582221377777,,33333333
depay_src,27,47582321377777,,
parser_src,27,47582321377777,,33333333
decoder_sink,27,47582321377777,,33333333
decoder_src,25,47582254722222,,33333333
depay_src,28,47582288044444,,
parser_src,28,47582288044444,,33333333
decoder_sink,28,47582288044444,,33333333
decoder_src,26,47582288044444,,33333333
depay_src,29,47582354722222,,
parser_src,29,47582354722222,,33333333
decoder_sink,29,47582354722222,,33333333
decoder_src,27,47582321377777,,33333333
depay_src,30,47582521377777,,
parser_src,30,47582521377777,,33333333
decoder_sink,30,47582521377777,,33333333
decoder_src,28,47582354722222,,33333333
depay_src,31,47582454722222,,
parser_src,31,47582454722222,,33333333
decoder_sink,31,47582454722222,,33333333
decoder_src,29,47582388044444,,33333333
depay_src,32,47582421377777,,
parser_src,32,47582421377777,,33333333
decoder_sink,32,47582421377777,,33333333
decoder_src,30,47582421377777,,33333333
depay_src,33,47582488044444,,
parser_src,33,47582488044444,,33333333
decoder_sink,33,47582488044444,,33333333
decoder_src,31,47582454722222,,33333333
depay_src,34,47582654722222,,
parser_src,34,47582654722222,,33333333
decoder_sink,34,47582654722222,,33333333
decoder_src,32,47582488044444,,33333333
depay_src,35,47582588044444,,
parser_src,35,47582588044444,,33333333
decoder_sink,35,47582588044444,,33333333
decoder_src,33,47582521377777,,33333333
depay_src,36,47582554722222,,
parser_src,36,47582554722222,,33333333
decoder_sink,36,47582554722222,,33333333
decoder_src,34,47582554722222,,33333333
depay_src,37,47582621377777,,
parser_src,37,47582621377777,,33333333
decoder_sink,37,47582621377777,,33333333
decoder_src,35,47582588044444,,33333333
depay_src,38,47582788044444,,
parser_src,38,47582788044444,,33333333
decoder_sink,38,47582788044444,,33333333
decoder_src,36,47582621377777,,33333333
depay_src,39,47582721377777,,
parser_src,39,47582721377777,,33333333
decoder_sink,39,47582721377777,,33333333
decoder_src,37,47582654722222,,33333333
depay_src,40,47582688044444,,
parser_src,40,47582688044444,,33333333
decoder_sink,40,47582688044444,,33333333
decoder_src,38,47582688044444,,33333333
depay_src,41,47582754722222,,
parser_src,41,47582754722222,,33333333
decoder_sink,41,47582754722222,,33333333
decoder_src,39,47582721377777,,33333333
depay_src,42,47582921377777,,
parser_src,42,47582921377777,,33333333
decoder_sink,42,47582921377777,,33333333
decoder_src,40,47582754722222,,33333333
depay_src,43,47582854722222,,
parser_src,43,47582854722222,,33333333
decoder_sink,43,47582854722222,,33333333
decoder_src,41,47582788044444,,33333333
depay_src,44,47582821377777,,
parser_src,44,47582821377777,,33333333
decoder_sink,44,47582821377777,,33333333
decoder_src,42,47582821377777,,33333333
depay_src,45,47582888044444,,
parser_src,45,47582888044444,,33333333
decoder_sink,45,47582888044444,,33333333
decoder_src,43,47582854722222,,33333333
depay_src,46,47583054722222,,
parser_src,46,47583054722222,,33333333
decoder_sink,46,47583054722222,,33333333
decoder_src,44,47582888044444,,33333333
depay_src,47,47582988044444,,
parser_src,47,47582988044444,,33333333
decoder_sink,47,47582988044444,,33333333
decoder_src,45,47582921377777,,33333333
depay_src,48,47582954722222,,
parser_src,48,47582954722222,,33333333
decoder_sink,48,47582954722222,,33333333
decoder_src,46,47582954722222,,33333333
depay_src,49,47583021377777,,
parser_src,49,47583021377777,,33333333
decoder_sink,49,47583021377777,,33333333
decoder_src,47,47582988044444,,33333333
depay_src,50,47583188044444,,
parser_src,50,47583188044444,,33333333
decoder_sink,50,47583188044444,,33333333
decoder_src,48,47583021377777,,33333333
depay_src,51,47583121377777,,
parser_src,51,47583121377777,,33333333
decoder_sink,51,47583121377777,,33333333
decoder_src,49,47583054722222,,33333333
depay_src,52,47583088044444,,
parser_src,52,47583088044444,,33333333
decoder_sink,52,47583088044444,,33333333
decoder_src,50,47583088044444,,33333333
depay_src,53,47583154722222,,
parser_src,53,47583154722222,,33333333
decoder_sink,53,47583154722222,,33333333
decoder_src,51,47583121377777,,33333333
depay_src,54,47583321377777,,
parser_src,54,47583321377777,,33333333
decoder_sink,54,47583321377777,,33333333
decoder_src,52,47583154722222,,33333333
depay_src,55,47583254722222,,
parser_src,55,47583254722222,,33333333
decoder_sink,55,47583254722222,,33333333
decoder_src,53,47583188044444,,33333333
depay_src,56,47583221377777,,
parser_src,56,47583221377777,,33333333
decoder_sink,56,47583221377777,,33333333
decoder_src,54,47583221377777,,33333333
depay_src,57,47583288044444,,
parser_src,57,47583288044444,,33333333
decoder_sink,57,47583288044444,,33333333
decoder_src,55,47583254722222,,33333333
depay_src,58,47583454722222,,
parser_src,58,47583454722222,,33333333
decoder_sink,58,47583454722222,,33333333
decoder_src,56,47583288044444,,33333333
depay_src,59,47583388044444,,
parser_src,59,47583388044444,,33333333
decoder_sink,59,47583388044444,,33333333
decoder_src,57,47583321377777,,33333333
depay_src,60,47583354722222,,
parser_src,60,47583354722222,,33333333
decoder_sink,60,47583354722222,,33333333
decoder_src,58,47583354722222,,33333333
depay_src,61,47583421377777,,
parser_src,61,47583421377777,,33333333
decoder_sink,61,47583421377777,,33333333
decoder_src,59,47583388044444,,33333333
depay_src,62,47583588044444,,
parser_src,62,47583588044444,,33333333
decoder_sink,62,47583588044444,,33333333
decoder_src,60,47583421377777,,33333333
depay_src,63,47583521377777,,
parser_src,63,47583521377777,,33333333
decoder_sink,63,47583521377777,,33333333
decoder_src,61,47583454722222,,33333333
depay_src,64,47583488044444,,
parser_src,64,47583488044444,,33333333
decoder_sink,64,47583488044444,,33333333
decoder_src,62,47583488044444,,33333333
depay_src,65,47583554722222,,
parser_src,65,47583554722222,,33333333
decoder_sink,65,47583554722222,,33333333
decoder_src,63,47583521377777,,33333333
depay_src,66,47583721377777,,
parser_src,66,47583721377777,,33333333
decoder_sink,66,47583721377777,,33333333
decoder_src,64,47583554722222,,33333333
depay_src,67,47583654722222,,
parser_src,67,47583654722222,,33333333
decoder_sink,67,47583654722222,,33333333
decoder_src,65,47583588044444,,33333333
depay_src,68,47583621377777,,
parser_src,68,47583621377777,,33333333
decoder_sink,68,47583621377777,,33333333
decoder_src,66,47583621377777,,33333333
depay_src,69,47583688044444,,
parser_src,69,47583688044444,,33333333
decoder_sink,69,47583688044444,,33333333
decoder_src,67,47583654722222,,33333333
depay_src,70,47583854722222,,
parser_src,70,47583854722222,,33333333
decoder_sink,70,47583854722222,,33333333
decoder_src,68,47583688044444,,33333333
depay_src,71,47583788044444,,
parser_src,71,47583788044444,,33333333
decoder_sink,71,47583788044444,,33333333
decoder_src,69,47583721377777,,33333333
depay_src,72,47583754722222,,
parser_src,72,47583754722222,,33333333
decoder_sink,72,47583754722222,,33333333
decoder_src,70,47583754722222,,33333333
depay_src,73,47583821377777,,
parser_src,73,47583821377777,,33333333
decoder_sink,73,47583821377777,,33333333
decoder_src,71,47583788044444,,33333333
depay_src,74,47583988044444,,
parser_src,74,47583988044444,,33333333
decoder_sink,74,47583988044444,,33333333
decoder_src,72,47583821377777,,33333333
depay_src,75,47583921377777,,
parser_src,75,47583921377777,,33333333
decoder_sink,75,47583921377777,,33333333
decoder_src,73,47583854722222,,33333333
depay_src,76,47583888044444,,
parser_src,76,47583888044444,,33333333
decoder_sink,76,47583888044444,,33333333
decoder_src,74,47583888044444,,33333333
depay_src,77,47583954722222,,
parser_src,77,47583954722222,,33333333
decoder_sink,77,47583954722222,,33333333
decoder_src,75,47583921377777,,33333333
depay_src,78,47584121377777,,
parser_src,78,47584121377777,,33333333
decoder_sink,78,47584121377777,,33333333
decoder_src,76,47583954722222,,33333333
depay_src,79,47584054722222,,
parser_src,79,47584054722222,,33333333
decoder_sink,79,47584054722222,,33333333
decoder_src,77,47583988044444,,33333333
depay_src,80,47584021377777,,
parser_src,80,47584021377777,,33333333
decoder_sink,80,47584021377777,,33333333
decoder_src,78,47584021377777,,33333333
depay_src,81,47584088044444,,
parser_src,81,47584088044444,,33333333
decoder_sink,81,47584088044444,,33333333
decoder_src,79,47584054722222,,33333333
depay_src,82,47584254722222,,
parser_src,82,47584254722222,,33333333
decoder_sink,82,47584254722222,,33333333
decoder_src,80,47584088044444,,33333333
depay_src,83,47584188044444,,
parser_src,83,47584188044444,,33333333
decoder_sink,83,47584188044444,,33333333
decoder_src,81,47584121377777,,33333333
depay_src,84,47584154722222,,
parser_src,84,47584154722222,,33333333
decoder_sink,84,47584154722222,,33333333
decoder_src,82,47584154722222,,33333333
depay_src,85,47584221377777,,
parser_src,85,47584221377777,,33333333
decoder_sink,85,47584221377777,,33333333
decoder_src,83,47584188044444,,33333333
depay_src,86,47584388044444,,
parser_src,86,47584388044444,,33333333
decoder_sink,86,47584388044444,,33333333
decoder_src,84,47584221377777,,33333333
depay_src,87,47584321377777,,
parser_src,87,47584321377777,,33333333
decoder_sink,87,47584321377777,,33333333
decoder_src,85,47584254722222,,33333333
depay_src,88,47584288044444,,
parser_src,88,47584288044444,,33333333
decoder_sink,88,47584288044444,,33333333
decoder_src,86,47584288044444,,33333333
depay_src,89,47584354722222,,
parser_src,89,47584354722222,,33333333
decoder_sink,89,47584354722222,,33333333
decoder_src,87,47584321377777,,33333333
depay_src,90,47584521377777,,
parser_src,90,47584521377777,,33333333
decoder_sink,90,47584521377777,,33333333
decoder_src,88,47584354722222,,33333333
depay_src,91,47584454722222,,
parser_src,91,47584454722222,,33333333
decoder_sink,91,47584454722222,,33333333
decoder_src,89,47584388044444,,33333333
depay_src,92,47584421377777,,
parser_src,92,47584421377777,,33333333
decoder_sink,92,47584421377777,,33333333
decoder_src,90,47584421377777,,33333333
depay_src,93,47584488044444,,
parser_src,93,47584488044444,,33333333
decoder_sink,93,47584488044444,,33333333
decoder_src,91,47584454722222,,33333333
depay_src,94,47584654722222,,
parser_src,94,47584654722222,,33333333
decoder_sink,94,47584654722222,,33333333
decoder_src,92,47584488044444,,33333333
depay_src,95,47584588044444,,
parser_src,95,47584588044444,,33333333
decoder_sink,95,47584588044444,,33333333
decoder_src,93,47584521377777,,33333333
depay_src,96,47584554722222,,
parser_src,96,47584554722222,,33333333
decoder_sink,96,47584554722222,,33333333
decoder_src,94,47584554722222,,33333333
depay_src,97,47584621377777,,
parser_src,97,47584621377777,,33333333
decoder_sink,97,47584621377777,,33333333
decoder_src,95,47584588044444,,33333333
depay_src,98,47584788044444,,
parser_src,98,47584788044444,,33333333
decoder_sink,98,47584788044444,,33333333
decoder_src,96,47584621377777,,33333333
depay_src,99,47584721377777,,
parser_src,99,47584721377777,,33333333
decoder_sink,99,47584721377777,,33333333
decoder_src,97,47584654722222,,33333333
depay_src,100,47584688044444,,
parser_src,100,47584688044444,,33333333
decoder_sink,100,47584688044444,,33333333
decoder_src,98,47584688044444,,33333333
depay_src,101,47584754722222,,
parser_src,101,47584754722222,,33333333
decoder_sink,101,47584754722222,,33333333
decoder_src,99,47584721377777,,33333333
depay_src,102,47584921377777,,
parser_src,102,47584921377777,,33333333
decoder_sink,102,47584921377777,,33333333
decoder_src,100,47584754722222,,33333333
depay_src,103,47584854722222,,
parser_src,103,47584854722222,,33333333
decoder_sink,103,47584854722222,,33333333
decoder_src,101,47584788044444,,33333333
depay_src,104,47584821377777,,
parser_src,104,47584821377777,,33333333
decoder_sink,104,47584821377777,,33333333
decoder_src,102,47584821377777,,33333333
depay_src,105,47584888044444,,
parser_src,105,47584888044444,,33333333
decoder_sink,105,47584888044444,,33333333
decoder_src,103,47584854722222,,33333333
depay_src,106,47585054722222,,
parser_src,106,47585054722222,,33333333
decoder_sink,106,47585054722222,,33333333
decoder_src,104,47584888044444,,33333333
depay_src,107,47584988044444,,
parser_src,107,47584988044444,,33333333
decoder_sink,107,47584988044444,,33333333
decoder_src,105,47584921377777,,33333333
depay_src,108,47584954722222,,
parser_src,108,47584954722222,,33333333
decoder_sink,108,47584954722222,,33333333
decoder_src,106,47584954722222,,33333333
depay_src,109,47585021377777,,
parser_src,109,47585021377777,,33333333
decoder_sink,109,47585021377777,,33333333
decoder_src,107,47584988044444,,33333333
depay_src,110,47585188044444,,
parser_src,110,47585188044444,,33333333
decoder_sink,110,47585188044444,,33333333
decoder_src,108,47585021377777,,33333333
depay_src,111,47585121377777,,
parser_src,111,47585121377777,,33333333
decoder_sink,111,47585121377777,,33333333
decoder_src,109,47585054722222,,33333333
depay_src,112,47585088044444,,
parser_src,112,47585088044444,,33333333
decoder_sink,112,47585088044444,,33333333
decoder_src,110,47585088044444,,33333333
depay_src,113,47585154722222,,
parser_src,113,47585154722222,,33333333
decoder_sink,113,47585154722222,,33333333
decoder_src,111,47585121377777,,33333333
depay_src,114,47585321377777,,
parser_src,114,47585321377777,,33333333
decoder_sink,114,47585321377777,,33333333
decoder_src,112,47585154722222,,33333333
depay_src,115,47585254722222,,
parser_src,115,47585254722222,,33333333
decoder_sink,115,47585254722222,,33333333
decoder_src,113,47585188044444,,33333333
depay_src,116,47585221377777,,
parser_src,116,47585221377777,,33333333
decoder_sink,116,47585221377777,,33333333
decoder_src,114,47585221377777,,33333333
depay_src,117,47585288044444,,
parser_src,117,47585288044444,,33333333
decoder_sink,117,47585288044444,,33333333
decoder_src,115,47585254722222,,33333333
depay_src,118,47585454722222,,
parser_src,118,47585454722222,,33333333
decoder_sink,118,47585454722222,,33333333
decoder_src,116,47585288044444,,33333333
depay_src,119,47585388044444,,
parser_src,119,47585388044444,,33333333
decoder_sink,119,47585388044444,,33333333
decoder_src,117,47585321377777,,33333333
depay_src,120,47585354722222,,
parser_src,120,47585354722222,,33333333
decoder_sink,120,47585354722222,,33333333
decoder_src,118,47585354722222,,33333333
depay_src,121,47585421377777,,
parser_src,121,47585421377777,,33333333
decoder_sink,121,47585421377777,,33333333
decoder_src,119,47585388044444,,33333333
depay_src,122,47585588044444,,
parser_src,122,47585588044444,,33333333
decoder_sink,122,47585588044444,,33333333
decoder_src,120,47585421377777,,33333333
depay_src,123,47585521377777,,
parser_src,123,47585521377777,,33333333
decoder_sink,123,47585521377777,,33333333
decoder_src,121,47585454722222,,33333333
depay_src,124,47585488044444,,
parser_src,124,47585488044444,,33333333
decoder_sink,124,47585488044444,,33333333
decoder_src,122,47585488044444,,33333333
depay_src,125,47585554722222,,
parser_src,125,47585554722222,,33333333
decoder_sink,125,47585554722222,,33333333
decoder_src,123,47585521377777,,33333333
depay_src,126,47585721377777,,
parser_src,126,47585721377777,,33333333
decoder_sink,126,47585721377777,,33333333
decoder_src,124,47585554722222,,33333333
depay_src,127,47585654722222,,
parser_src,127,47585654722222,,33333333
decoder_sink,127,47585654722222,,33333333
decoder_src,125,47585588044444,,33333333
depay_src,128,47585621377777,,
parser_src,128,47585621377777,,33333333
decoder_sink,128,47585621377777,,33333333
decoder_src,126,47585621377777,,33333333
depay_src,129,47585688044444,,
parser_src,129,47585688044444,,33333333
decoder_sink,129,47585688044444,,33333333
decoder_src,127,47585654722222,,33333333
depay_src,130,47585854722222,,
parser_src,130,47585854722222,,33333333
decoder_sink,130,47585854722222,,33333333
decoder_src,128,47585688044444,,33333333
depay_src,131,47585788044444,,
parser_src,131,47585788044444,,33333333
decoder_sink,131,47585788044444,,33333333
decoder_src,129,47585721377777,,33333333
depay_src,132,47585754722222,,
parser_src,132,47585754722222,,33333333
decoder_sink,132,47585754722222,,33333333
decoder_src,130,47585754722222,,33333333
depay_src,133,47585821377777,,
parser_src,133,47585821377777,,33333333
decoder_sink,133,47585821377777,,33333333
decoder_src,131,47585788044444,,33333333
depay_src,134,47585988044444,,
parser_src,134,47585988044444,,33333333
decoder_sink,134,47585988044444,,33333333
decoder_src,132,47585821377777,,33333333
depay_src,135,47585921377777,,
parser_src,135,47585921377777,,33333333
decoder_sink,135,47585921377777,,33333333
decoder_src,133,47585854722222,,33333333
depay_src,136,47585888044444,,
parser_src,136,47585888044444,,33333333
decoder_sink,136,47585888044444,,33333333
decoder_src,134,47585888044444,,33333333
depay_src,137,47585954722222,,
parser_src,137,47585954722222,,33333333
decoder_sink,137,47585954722222,,33333333
decoder_src,135,47585921377777,,33333333
depay_src,138,47586121377777,,
parser_src,138,47586121377777,,33333333
decoder_sink,138,47586121377777,,33333333
decoder_src,136,47585954722222,,33333333
depay_src,139,47586054722222,,
parser_src,139,47586054722222,,33333333
decoder_sink,139,47586054722222,,33333333
decoder_src,137,47585988044444,,33333333
depay_src,140,47586021377777,,
parser_src,140,47586021377777,,33333333
decoder_sink,140,47586021377777,,33333333
decoder_src,138,47586021377777,,33333333
depay_src,141,47586088044444,,
parser_src,141,47586088044444,,33333333
decoder_sink,141,47586088044444,,33333333
decoder_src,139,47586054722222,,33333333
depay_src,142,47586254722222,,
parser_src,142,47586254722222,,33333333
decoder_sink,142,47586254722222,,33333333
decoder_src,140,47586088044444,,33333333
depay_src,143,47586188044444,,
parser_src,143,47586188044444,,33333333
decoder_sink,143,47586188044444,,33333333
decoder_src,141,47586121377777,,33333333
depay_src,144,47586154722222,,
parser_src,144,47586154722222,,33333333
decoder_sink,144,47586154722222,,33333333
decoder_src,142,47586154722222,,33333333
depay_src,145,47586221377777,,
parser_src,145,47586221377777,,33333333
decoder_sink,145,47586221377777,,33333333
decoder_src,143,47586188044444,,33333333
depay_src,146,47586388044444,,
parser_src,146,47586388044444,,33333333
decoder_sink,146,47586388044444,,33333333
decoder_src,144,47586221377777,,33333333
depay_src,147,47586321377777,,
parser_src,147,47586321377777,,33333333
decoder_sink,147,47586321377777,,33333333
decoder_src,145,47586254722222,,33333333
depay_src,148,47586288044444,,
parser_src,148,47586288044444,,33333333
decoder_sink,148,47586288044444,,33333333
decoder_src,146,47586288044444,,33333333
depay_src,149,47586354722222,,
parser_src,149,47586354722222,,33333333
decoder_sink,149,47586354722222,,33333333
decoder_src,147,47586321377777,,33333333
depay_src,150,47586521377777,,
parser_src,150,47586521377777,,33333333
decoder_sink,150,47586521377777,,33333333
decoder_src,148,47586354722222,,33333333
depay_src,151,47586454722222,,
parser_src,151,47586454722222,,33333333
decoder_sink,151,47586454722222,,33333333
decoder_src,149,47586388044444,,33333333
depay_src,152,47586421377777,,
parser_src,152,47586421377777,,33333333
decoder_sink,152,47586421377777,,33333333
decoder_src,150,47586421377777,,33333333
depay_src,153,47586488044444,,
parser_src,153,47586488044444,,33333333
decoder_sink,153,47586488044444,,33333333
decoder_src,151,47586454722222,,33333333
depay_src,154,47586654722222,,
parser_src,154,47586654722222,,33333333
decoder_sink,154,47586654722222,,33333333
decoder_src,152,47586488044444,,33333333
depay_src,155,47586588044444,,
parser_src,155,47586588044444,,33333333
decoder_sink,155,47586588044444,,33333333
decoder_src,153,47586521377777,,33333333
depay_src,156,47586554722222,,
parser_src,156,47586554722222,,33333333
decoder_sink,156,47586554722222,,33333333
decoder_src,154,47586554722222,,33333333
depay_src,157,47586621377777,,
parser_src,157,47586621377777,,33333333
decoder_sink,157,47586621377777,,33333333
decoder_src,155,47586588044444,,33333333
depay_src,158,47586788044444,,
parser_src,158,47586788044444,,33333333
decoder_sink,158,47586788044444,,33333333
decoder_src,156,47586621377777,,33333333
depay_src,159,47586721377777,,
parser_src,159,47586721377777,,33333333
decoder_sink,159,47586721377777,,33333333
decoder_src,157,47586654722222,,33333333
depay_src,160,47586688044444,,
parser_src,160,47586688044444,,33333333
decoder_sink,160,47586688044444,,33333333
decoder_src,158,47586688044444,,33333333
depay_src,161,47586754722222,,
parser_src,161,47586754722222,,33333333
decoder_sink,161,47586754722222,,33333333
decoder_src,159,47586721377777,,33333333
depay_src,162,47586921377777,,
parser_src,162,47586921377777,,33333333
decoder_sink,162,47586921377777,,33333333
decoder_src,160,47586754722222,,33333333
depay_src,163,47586854722222,,
parser_src,163,47586854722222,,33333333
decoder_sink,163,47586854722222,,33333333
decoder_src,161,47586788044444,,33333333
depay_src,164,47586821377777,,
parser_src,164,47586821377777,,33333333
decoder_sink,164,47586821377777,,33333333
decoder_src,162,47586821377777,,33333333
depay_src,165,47586888044444,,
parser_src,165,47586888044444,,33333333
decoder_sink,165,47586888044444,,33333333
decoder_src,163,47586854722222,,33333333
depay_src,166,47587054722222,,
parser_src,166,47587054722222,,33333333
decoder_sink,166,47587054722222,,33333333
decoder_src,164,47586888044444,,33333333
depay_src,167,47586988044444,,
parser_src,167,47586988044444,,33333333
decoder_sink,167,47586988044444,,33333333
decoder_src,165,47586921377777,,33333333
depay_src,168,47586954722222,,
parser_src,168,47586954722222,,33333333
decoder_sink,168,47586954722222,,33333333
decoder_src,166,47586954722222,,33333333
depay_src,169,47587021377777,,
parser_src,169,47587021377777,,33333333
decoder_sink,169,47587021377777,,33333333
decoder_src,167,47586988044444,,33333333
depay_src,170,47587188044444,,
parser_src,170,47587188044444,,33333333
decoder_sink,170,47587188044444,,33333333
decoder_src,168,47587021377777,,33333333
depay_src,171,47587121377777,,
parser_src,171,47587121377777,,33333333
decoder_sink,171,47587121377777,,33333333
decoder_src,169,47587054722222,,33333333
depay_src,172,47587088044444,,
parser_src,172,47587088044444,,33333333
decoder_sink,172,47587088044444,,33333333
decoder_src,170,47587088044444,,33333333
depay_src,173,47587154722222,,
parser_src,173,47587154722222,,33333333
decoder_sink,173,47587154722222,,33333333
decoder_src,171,47587121377777,,33333333
depay_src,174,47587321377777,,
parser_src,174,47587321377777,,33333333
decoder_sink,174,47587321377777,,33333333
decoder_src,172,47587154722222,,33333333
depay_src,175,47587254722222,,
parser_src,175,47587254722222,,33333333
decoder_sink,175,47587254722222,,33333333
decoder_src,173,47587188044444,,33333333
depay_src,176,47587221377777,,
parser_src,176,47587221377777,,33333333
decoder_sink,176,47587221377777,,33333333
decoder_src,174,47587221377777,,33333333
depay_src,177,47587288044444,,
parser_src,177,47587288044444,,33333333
decoder_sink,177,47587288044444,,33333333
decoder_src,175,47587254722222,,33333333
depay_src,178,47587454722222,,
parser_src,178,47587454722222,,33333333
decoder_sink,178,47587454722222,,33333333
decoder_src,176,47587288044444,,33333333
depay_src,179,47587388044444,,
parser_src,179,47587388044444,,33333333
decoder_sink,179,47587388044444,,33333333
decoder_src,177,47587321377777,,33333333
depay_src,180,47587354722222,,
parser_src,180,47587354722222,,33333333
decoder_sink,180,47587354722222,,33333333
decoder_src,178,47587354722222,,33333333
depay_src,181,47587421377777,,
parser_src,181,47587421377777,,33333333
decoder_sink,181,47587421377777,,33333333
decoder_src,179,47587388044444,,33333333
depay_src,182,47587588044444,,
parser_src,182,47587588044444,,33333333
decoder_sink,182,47587588044444,,33333333
decoder_src,180,47587421377777,,33333333
depay_src,183,47587521377777,,
parser_src,183,47587521377777,,33333333
decoder_sink,183,47587521377777,,33333333
decoder_src,181,47587454722222,,33333333
depay_src,184,47587488044444,,
parser_src,184,47587488044444,,33333333
decoder_sink,184,47587488044444,,33333333
decoder_src,182,47587488044444,,33333333
depay_src,185,47587554722222,,
parser_src,185,47587554722222,,33333333
decoder_sink,185,47587554722222,,33333333
decoder_src,183,47587521377777,,33333333
depay_src,186,47587721377777,,
parser_src,186,47587721377777,,33333333
decoder_sink,186,47587721377777,,33333333
decoder_src,184,47587554722222,,33333333
depay_src,187,47587654722222,,
parser_src,187,47587654722222,,33333333
decoder_sink,187,47587654722222,,33333333
decoder_src,185,47587588044444,,33333333
depay_src,188,47587621377777,,
parser_src,188,47587621377777,,33333333
decoder_sink,188,47587621377777,,33333333
decoder_src,186,47587621377777,,33333333
depay_src,189,47587688044444,,
parser_src,189,47587688044444,,33333333
decoder_sink,189,47587688044444,,33333333
decoder_src,187,47587654722222,,33333333
depay_src,190,47587854722222,,
parser_src,190,47587854722222,,33333333
decoder_sink,190,47587854722222,,33333333
decoder_src,188,47587688044444,,33333333
depay_src,191,47587788044444,,
parser_src,191,47587788044444,,33333333
decoder_sink,191,47587788044444,,33333333
decoder_src,189,47587721377777,,33333333
depay_src,192,47587754722222,,
parser_src,192,47587754722222,,33333333
decoder_sink,192,47587754722222,,33333333
decoder_src,190,47587754722222,,33333333
depay_src,193,47587821377777,,
parser_src,193,47587821377777,,33333333
decoder_sink,193,47587821377777,,33333333
decoder_src,191,47587788044444,,33333333
depay_src,194,47587988044444,,
parser_src,194,47587988044444,,33333333
decoder_sink,194,47587988044444,,33333333
decoder_src,192,47587821377777,,33333333
depay_src,195,47587921377777,,
parser_src,195,47587921377777,,33333333
decoder_sink,195,47587921377777,,33333333
decoder_src,193,47587854722222,,33333333
depay_src,196,47587888044444,,
parser_src,196,47587888044444,,33333333
decoder_sink,196,47587888044444,,33333333
decoder_src,194,47587888044444,,33333333
depay_src,197,47587954722222,,
parser_src,197,47587954722222,,33333333
decoder_sink,197,47587954722222,,33333333
decoder_src,195,47587921377777,,33333333
depay_src,198,47588121377777,,
parser_src,198,47588121377777,,33333333
decoder_sink,198,47588121377777,,33333333
decoder_src,196,47587954722222,,33333333
depay_src,199,47588054722222,,
parser_src,199,47588054722222,,33333333
decoder_sink,199,47588054722222,,33333333
decoder_src,197,47587988044444,,33333333
depay_src,200,47588021377777,,
parser_src,200,47588021377777,,33333333
decoder_sink,200,47588021377777,,33333333
decoder_src,198,47588021377777,,33333333
depay_src,201,47588088044444,,
parser_src,201,47588088044444,,33333333
decoder_sink,201,47588088044444,,33333333
decoder_src,199,47588054722222,,33333333
depay_src,202,47588254722222,,
parser_src,202,47588254722222,,33333333
decoder_sink,202,47588254722222,,33333333
decoder_src,200,47588088044444,,33333333
depay_src,203,47588188044444,,
parser_src,203,47588188044444,,33333333
decoder_sink,203,47588188044444,,33333333
decoder_src,201,47588121377777,,33333333
depay_src,204,47588154722222,,
parser_src,204,47588154722222,,33333333
decoder_sink,204,47588154722222,,33333333
decoder_src,202,47588154722222,,33333333
depay_src,205,47588221377777,,
parser_src,205,47588221377777,,33333333
decoder_sink,205,47588221377777,,33333333
decoder_src,203,47588188044444,,33333333
depay_src,206,47588388044444,,
parser_src,206,47588388044444,,33333333
decoder_sink,206,47588388044444,,33333333
decoder_src,204,47588221377777,,33333333
depay_src,207,47588321377777,,
parser_src,207,47588321377777,,33333333
decoder_sink,207,47588321377777,,33333333
decoder_src,205,47588254722222,,33333333
depay_src,208,47588288044444,,
parser_src,208,47588288044444,,33333333
decoder_sink,208,47588288044444,,33333333
decoder_src,206,47588288044444,,33333333
depay_src,209,47588354722222,,
parser_src,209,47588354722222,,33333333
decoder_sink,209,47588354722222,,33333333
decoder_src,207,47588321377777,,33333333
depay_src,210,47588521377777,,
parser_src,210,47588521377777,,33333333
decoder_sink,210,47588521377777,,33333333
decoder_src,208,47588354722222,,33333333
depay_src,211,47588454722222,,
parser_src,211,47588454722222,,33333333
decoder_sink,211,47588454722222,,33333333
decoder_src,209,47588388044444,,33333333
depay_src,212,47588421377777,,
parser_src,212,47588421377777,,33333333
decoder_sink,212,47588421377777,,33333333
decoder_src,210,47588421377777,,33333333
depay_src,213,47588488044444,,
parser_src,213,47588488044444,,33333333
decoder_sink,213,47588488044444,,33333333
decoder_src,211,47588454722222,,33333333
depay_src,214,47588654722222,,
parser_src,214,47588654722222,,33333333
decoder_sink,214,47588654722222,,33333333
decoder_src,212,47588488044444,,33333333
depay_src,215,47588588044444,,
parser_src,215,47588588044444,,33333333
decoder_sink,215,47588588044444,,33333333
decoder_src,213,47588521377777,,33333333
depay_src,216,47588554722222,,
parser_src,216,47588554722222,,33333333
decoder_sink,216,47588554722222,,33333333
decoder_src,214,47588554722222,,33333333
depay_src,217,47588621377777,,
parser_src,217,47588621377777,,33333333
decoder_sink,217,47588621377777,,33333333
decoder_src,215,47588588044444,,33333333
depay_src,218,47588788044444,,
parser_src,218,47588788044444,,33333333
decoder_sink,218,47588788044444,,33333333
decoder_src,216,47588621377777,,33333333
depay_src,219,47588721377777,,
parser_src,219,47588721377777,,33333333
decoder_sink,219,47588721377777,,33333333
decoder_src,217,47588654722222,,33333333
depay_src,220,47588688044444,,
parser_src,220,47588688044444,,33333333
decoder_sink,220,47588688044444,,33333333
decoder_src,218,47588688044444,,33333333
depay_src,221,47588754722222,,
parser_src,221,47588754722222,,33333333
decoder_sink,221,47588754722222,,33333333
decoder_src,219,47588721377777,,33333333
depay_src,222,47588921377777,,
parser_src,222,47588921377777,,33333333
decoder_sink,222,47588921377777,,33333333
decoder_src,220,47588754722222,,33333333
depay_src,223,47588854722222,,
parser_src,223,47588854722222,,33333333
decoder_sink,223,47588854722222,,33333333
decoder_src,221,47588788044444,,33333333
depay_src,224,47588821377777,,
parser_src,224,47588821377777,,33333333
decoder_sink,224,47588821377777,,33333333
decoder_src,222,47588821377777,,33333333
depay_src,225,47588888044444,,
parser_src,225,47588888044444,,33333333
decoder_sink,225,47588888044444,,33333333
decoder_src,223,47588854722222,,33333333
depay_src,226,47589054722222,,
parser_src,226,47589054722222,,33333333
decoder_sink,226,47589054722222,,33333333
decoder_src,224,47588888044444,,33333333
depay_src,227,47588988044444,,
parser_src,227,47588988044444,,33333333
decoder_sink,227,47588988044444,,33333333
decoder_src,225,47588921377777,,33333333
depay_src,228,47588954722222,,
parser_src,228,47588954722222,,33333333
decoder_sink,228,47588954722222,,33333333
decoder_src,226,47588954722222,,33333333
depay_src,229,47589021377777,,
parser_src,229,47589021377777,,33333333
decoder_sink,229,47589021377777,,33333333
decoder_src,227,47588988044444,,33333333
depay_src,230,47589188044444,,
parser_src,230,47589188044444,,33333333
decoder_sink,230,47589188044444,,33333333
decoder_src,228,47589021377777,,33333333
depay_src,231,47589121377777,,
parser_src,231,47589121377777,,33333333
decoder_sink,231,47589121377777,,33333333
decoder_src,229,47589054722222,,33333333
depay_src,232,47589088044444,,
parser_src,232,47589088044444,,33333333
decoder_sink,232,47589088044444,,33333333
decoder_src,230,47589088044444,,33333333
depay_src,233,47589154722222,,
parser_src,233,47589154722222,,33333333
decoder_sink,233,47589154722222,,33333333
decoder_src,231,47589121377777,,33333333
depay_src,234,47589321377777,,
parser_src,234,47589321377777,,33333333
decoder_sink,234,47589321377777,,33333333
decoder_src,232,47589154722222,,33333333
depay_src,235,47589254722222,,
parser_src,235,47589254722222,,33333333
decoder_sink,235,47589254722222,,33333333
decoder_src,233,47589188044444,,33333333
depay_src,236,47589221377777,,
parser_src,236,47589221377777,,33333333
decoder_sink,236,47589221377777,,33333333
decoder_src,234,47589221377777,,33333333
depay_src,237,47589288044444,,
parser_src,237,47589288044444,,33333333
decoder_sink,237,47589288044444,,33333333
decoder_src,235,47589254722222,,33333333
depay_src,238,47589454722222,,
parser_src,238,47589454722222,,33333333
decoder_sink,238,47589454722222,,33333333
decoder_src,236,47589288044444,,33333333
depay_src,239,47589388044444,,
parser_src,239,47589388044444,,33333333
decoder_sink,239,47589388044444,,33333333
decoder_src,237,47589321377777,,33333333
depay_src,240,47589354722222,,
parser_src,240,47589354722222,,33333333
decoder_sink,240,47589354722222,,33333333
decoder_src,238,47589354722222,,33333333
depay_src,241,47589421377777,,
parser_src,241,47589421377777,,33333333
decoder_sink,241,47589421377777,,33333333
decoder_src,239,47589388044444,,33333333
depay_src,242,47589588044444,,
parser_src,242,47589588044444,,33333333
decoder_sink,242,47589588044444,,33333333
decoder_src,240,47589421377777,,33333333
depay_src,243,47589521377777,,
parser_src,243,47589521377777,,33333333
decoder_sink,243,47589521377777,,33333333
decoder_src,241,47589454722222,,33333333
depay_src,244,47589488044444,,
parser_src,244,47589488044444,,33333333
decoder_sink,244,47589488044444,,33333333
decoder_src,242,47589488044444,,33333333
depay_src,245,47589554722222,,
parser_src,245,47589554722222,,33333333
decoder_sink,245,47589554722222,,33333333
decoder_src,243,47589521377777,,33333333
depay_src,246,47589721377777,,
parser_src,246,47589721377777,,33333333
decoder_sink,246,47589721377777,,33333333
decoder_src,244,47589554722222,,33333333
depay_src,247,47589654722222,,
parser_src,247,47589654722222,,33333333
decoder_sink,247,47589654722222,,33333333
decoder_src,245,47589588044444,,33333333
depay_src,248,47589621377777,,
parser_src,248,47589621377777,,33333333
decoder_sink,248,47589621377777,,33333333
decoder_src,246,47589621377777,,33333333
depay_src,249,47589688044444,,
parser_src,249,47589688044444,,33333333
decoder_sink,249,47589688044444,,33333333
decoder_src,247,47589654722222,,33333333
depay_src,250,47589854722222,,
parser_src,250,47589854722222,,33333333
decoder_sink,250,47589854722222,,33333333
decoder_src,248,47589688044444,,33333333
depay_src,251,47589788044444,,
parser_src,251,47589788044444,,33333333
decoder_sink,251,47589788044444,,33333333
decoder_src,249,47589721377777,,33333333
depay_src,252,47589754722222,,
parser_src,252,47589754722222,,33333333
decoder_sink,252,47589754722222,,33333333
decoder_src,250,47589754722222,,33333333
depay_src,253,47589821377777,,
parser_src,253,47589821377777,,33333333
decoder_sink,253,47589821377777,,33333333
decoder_src,251,47589788044444,,33333333
depay_src,254,47589988044444,,
parser_src,254,47589988044444,,33333333
decoder_sink,254,47589988044444,,33333333
decoder_src,252,47589821377777,,33333333
depay_src,255,47589921377777,,
parser_src,255,47589921377777,,33333333
decoder_sink,255,47589921377777,,33333333
decoder_src,253,47589854722222,,33333333
depay_src,256,47589888044444,,
parser_src,256,47589888044444,,33333333
decoder_sink,256,47589888044444,,33333333
decoder_src,254,47589888044444,,33333333
depay_src,257,47589954722222,,
parser_src,257,47589954722222,,33333333
decoder_sink,257,47589954722222,,33333333
decoder_src,255,47589921377777,,33333333
depay_src,258,47590121377777,,
parser_src,258,47590121377777,,33333333
decoder_sink,258,47590121377777,,33333333
decoder_src,256,47589954722222,,33333333
depay_src,259,47590054722222,,
parser_src,259,47590054722222,,33333333
decoder_sink,259,47590054722222,,33333333
decoder_src,257,47589988044444,,33333333
depay_src,260,47590021377777,,
parser_src,260,47590021377777,,33333333
decoder_sink,260,47590021377777,,33333333
decoder_src,258,47590021377777,,33333333
depay_src,261,47590088044444,,
parser_src,261,47590088044444,,33333333
decoder_sink,261,47590088044444,,33333333
decoder_src,259,47590054722222,,33333333
depay_src,262,47590254722222,,
parser_src,262,47590254722222,,33333333
decoder_sink,262,47590254722222,,33333333
decoder_src,260,47590088044444,,33333333
depay_src,263,47590188044444,,
parser_src,263,47590188044444,,33333333
decoder_sink,263,47590188044444,,33333333
decoder_src,261,47590121377777,,33333333
depay_src,264,47590154722222,,
parser_src,264,47590154722222,,33333333
decoder_sink,264,47590154722222,,33333333
decoder_src,262,47590154722222,,33333333
depay_src,265,47590221377777,,
parser_src,265,47590221377777,,33333333
decoder_sink,265,47590221377777,,33333333
decoder_src,263,47590188044444,,33333333
depay_src,266,47590388044444,,
parser_src,266,47590388044444,,33333333
decoder_sink,266,47590388044444,,33333333
decoder_src,264,47590221377777,,33333333
depay_src,267,47590321377777,,
parser_src,267,47590321377777,,33333333
decoder_sink,267,47590321377777,,33333333
decoder_src,265,47590254722222,,33333333
depay_src,268,47590288044444,,
parser_src,268,47590288044444,,33333333
decoder_sink,268,47590288044444,,33333333
decoder_src,266,47590288044444,,33333333
depay_src,269,47590354722222,,
parser_src,269,47590354722222,,33333333
decoder_sink,269,47590354722222,,33333333
decoder_src,267,47590321377777,,33333333
depay_src,270,47590421377777,,
parser_src,270,47590421377777,,33333333
decoder_sink,270,47590421377777,,33333333
decoder_src,268,47590354722222,,33333333
depay_src,271,47590454722222,,
parser_src,271,47590454722222,,33333333
decoder_sink,271,47590454722222,,33333333
decoder_src,269,47590388044444,,33333333
depay_src,272,47590588044444,,
parser_src,272,47590588044444,,33333333
decoder_sink,272,47590588044444,,33333333
decoder_src,270,47590421377777,,33333333
depay_src,273,47590521377777,,
parser_src,273,47590521377777,,33333333
decoder_sink,273,47590521377777,,33333333
decoder_src,271,47590454722222,,33333333
depay_src,274,47590488044444,,
parser_src,274,47590488044444,,33333333
decoder_sink,274,47590488044444,,33333333
decoder_src,272,47590488044444,,33333333
depay_src,275,47590554722222,,
parser_src,275,47590554722222,,33333333
decoder_sink,275,47590554722222,,33333333
decoder_src,273,47590521377777,,33333333
depay_src,276,47590721377777,,
parser_src,276,47590721377777,,33333333
decoder_sink,276,47590721377777,,33333333
decoder_src,274,47590554722222,,33333333
depay_src,277,47590654722222,,
parser_src,277,47590654722222,,33333333
decoder_sink,277,47590654722222,,33333333
decoder_src,275,47590588044444,,33333333
depay_src,278,47590621377777,,
parser_src,278,47590621377777,,33333333
decoder_sink,278,47590621377777,,33333333
decoder_src,276,47590621377777,,33333333
depay_src,279,47590688044444,,
parser_src,279,47590688044444,,33333333
decoder_sink,279,47590688044444,,33333333
decoder_src,277,47590654722222,,33333333
depay_src,280,47590854722222,,
parser_src,280,47590854722222,,33333333
decoder_sink,280,47590854722222,,33333333
decoder_src,278,47590688044444,,33333333
depay_src,281,47590788044444,,
parser_src,281,47590788044444,,33333333
decoder_sink,281,47590788044444,,33333333
decoder_src,279,47590721377777,,33333333
depay_src,282,47590754722222,,
parser_src,282,47590754722222,,33333333
decoder_sink,282,47590754722222,,33333333
decoder_src,280,47590754722222,,33333333
depay_src,283,47590821377777,,
parser_src,283,47590821377777,,33333333
decoder_sink,283,47590821377777,,33333333
decoder_src,281,47590788044444,,33333333
depay_src,284,47590988044444,,
parser_src,284,47590988044444,,33333333
decoder_sink,284,47590988044444,,33333333
decoder_src,282,47590821377777,,33333333
depay_src,285,47590921377777,,
parser_src,285,47590921377777,,33333333
decoder_sink,285,47590921377777,,33333333
decoder_src,283,47590854722222,,33333333
depay_src,286,47590888044444,,
parser_src,286,47590888044444,,33333333
decoder_sink,286,47590888044444,,33333333
decoder_src,284,47590888044444,,33333333
depay_src,287,47590954722222,,
parser_src,287,47590954722222,,33333333
decoder_sink,287,47590954722222,,33333333
decoder_src,285,47590921377777,,33333333
depay_src,288,47591121377777,,
parser_src,288,47591121377777,,33333333
decoder_sink,288,47591121377777,,33333333
decoder_src,286,47590954722222,,33333333
depay_src,289,47591054722222,,
parser_src,289,47591054722222,,33333333
decoder_sink,289,47591054722222,,33333333
decoder_src,287,47590988044444,,33333333
depay_src,290,47591021377777,,
parser_src,290,47591021377777,,33333333
decoder_sink,290,47591021377777,,33333333
decoder_src,288,47591021377777,,33333333
depay_src,291,47591088044444,,
parser_src,291,47591088044444,,33333333
decoder_sink,291,47591088044444,,33333333
decoder_src,289,47591054722222,,33333333
depay_src,292,47591254722222,,
parser_src,292,47591254722222,,33333333
decoder_sink,292,47591254722222,,33333333
decoder_src,290,47591088044444,,33333333
depay_src,293,47591188044444,,
parser_src,293,47591188044444,,33333333
decoder_sink,293,47591188044444,,33333333
decoder_src,291,47591121377777,,33333333
depay_src,294,47591154722222,,
parser_src,294,47591154722222,,33333333
decoder_sink,294,47591154722222,,33333333
decoder_src,292,47591154722222,,33333333
depay_src,295,47591221377777,,
parser_src,295,47591221377777,,33333333
decoder_sink,295,47591221377777,,33333333
decoder_src,293,47591188044444,,33333333
depay_src,296,47591388044444,,
parser_src,296,47591388044444,,33333333
decoder_sink,296,47591388044444,,33333333
decoder_src,294,47591221377777,,33333333
depay_src,297,47591321377777,,
parser_src,297,47591321377777,,33333333
decoder_sink,297,47591321377777,,33333333
decoder_src,295,47591254722222,,33333333
depay_src,298,47591288044444,,
parser_src,298,47591288044444,,33333333
decoder_sink,298,47591288044444,,33333333
decoder_src,296,47591288044444,,33333333
depay_src,299,47591354722222,,
parser_src,299,47591354722222,,33333333
decoder_sink,299,47591354722222,,33333333
decoder_src,297,47591321377777,,33333333
depay_src,300,47591454722222,,
parser_src,300,47591454722222,,33333333
decoder_sink,300,47591454722222,,33333333
decoder_src,298,47591354722222,,33333333
depay_src,301,47591421377777,,
parser_src,301,47591421377777,,33333333
decoder_sink,301,47591421377777,,33333333
decoder_src,299,47591388044444,,33333333
depay_src,302,47591588044444,,
parser_src,302,47591588044444,,33333333
decoder_sink,302,47591588044444,,33333333
decoder_src,300,47591421377777,,33333333
depay_src,303,47591521377777,,
parser_src,303,47591521377777,,33333333
decoder_sink,303,47591521377777,,33333333
decoder_src,301,47591454722222,,33333333
depay_src,304,47591488044444,,
parser_src,304,47591488044444,,33333333
decoder_sink,304,47591488044444,,33333333
decoder_src,302,47591488044444,,33333333
depay_src,305,47591554722222,,
parser_src,305,47591554722222,,33333333
decoder_sink,305,47591554722222,,33333333
decoder_src,303,47591521377777,,33333333
depay_src,306,47591721377777,,
parser_src,306,47591721377777,,33333333
decoder_sink,306,47591721377777,,33333333
decoder_src,304,47591554722222,,33333333
depay_src,307,47591654722222,,
parser_src,307,47591654722222,,33333333
decoder_sink,307,47591654722222,,33333333
decoder_src,305,47591588044444,,33333333
depay_src,308,47591621377777,,
parser_src,308,47591621377777,,33333333
decoder_sink,308,47591621377777,,33333333
decoder_src,306,47591621377777,,33333333
depay_src,309,47591688044444,,
parser_src,309,47591688044444,,33333333
decoder_sink,309,47591688044444,,33333333
decoder_src,307,47591654722222,,33333333
depay_src,310,47591854722222,,
parser_src,310,47591854722222,,33333333
decoder_sink,310,47591854722222,,33333333
decoder_src,308,47591688044444,,33333333
depay_src,311,47591788044444,,
parser_src,311,47591788044444,,33333333
decoder_sink,311,47591788044444,,33333333
decoder_src,309,47591721377777,,33333333
depay_src,312,47591754722222,,
parser_src,312,47591754722222,,33333333
decoder_sink,312,47591754722222,,33333333
decoder_src,310,47591754722222,,33333333
depay_src,313,47591821377777,,
parser_src,313,47591821377777,,33333333
decoder_sink,313,47591821377777,,33333333
decoder_src,311,47591788044444,,33333333
depay_src,314,47591988044444,,
parser_src,314,47591988044444,,33333333
decoder_sink,314,47591988044444,,33333333
decoder_src,312,47591821377777,,33333333
depay_src,315,47591921377777,,
parser_src,315,47591921377777,,33333333
decoder_sink,315,47591921377777,,33333333
decoder_src,313,47591854722222,,33333333
depay_src,316,47591888044444,,
parser_src,316,47591888044444,,33333333
decoder_sink,316,47591888044444,,33333333
decoder_src,314,47591888044444,,33333333
depay_src,317,47591954722222,,
parser_src,317,47591954722222,,33333333
decoder_sink,317,47591954722222,,33333333
decoder_src,315,47591921377777,,33333333
depay_src,318,47592121377777,,
parser_src,318,47592121377777,,33333333
decoder_sink,318,47592121377777,,33333333
decoder_src,316,47591954722222,,33333333
depay_src,319,47592054722222,,
parser_src,319,47592054722222,,33333333
decoder_sink,319,47592054722222,,33333333
decoder_src,317,47591988044444,,33333333
depay_src,320,47592021377777,,
parser_src,320,47592021377777,,33333333
decoder_sink,320,47592021377777,,33333333
decoder_src,318,47592021377777,,33333333
depay_src,321,47592088044444,,
parser_src,321,47592088044444,,33333333
decoder_sink,321,47592088044444,,33333333
decoder_src,319,47592054722222,,33333333
depay_src,322,47592254722222,,
parser_src,322,47592254722222,,33333333
decoder_sink,322,47592254722222,,33333333
decoder_src,320,47592088044444,,33333333
depay_src,323,47592188044444,,
parser_src,323,47592188044444,,33333333
decoder_sink,323,47592188044444,,33333333
decoder_src,321,47592121377777,,33333333
depay_src,324,47592154722222,,
parser_src,324,47592154722222,,33333333
decoder_sink,324,47592154722222,,33333333
decoder_src,322,47592154722222,,33333333
depay_src,325,47592221377777,,
parser_src,325,47592221377777,,33333333
decoder_sink,325,47592221377777,,33333333
decoder_src,323,47592188044444,,33333333
depay_src,326,47592388044444,,
parser_src,326,47592388044444,,33333333
decoder_sink,326,47592388044444,,33333333
decoder_src,324,47592221377777,,33333333
depay_src,327,47592321377777,,
parser_src,327,47592321377777,,33333333
decoder_sink,327,47592321377777,,33333333
decoder_src,325,47592254722222,,33333333
depay_src,328,47592288044444,,
parser_src,328,47592288044444,,33333333
decoder_sink,328,47592288044444,,33333333
decoder_src,326,47592288044444,,33333333
depay_src,329,47592354722222,,
parser_src,329,47592354722222,,33333333
decoder_sink,329,47592354722222,,33333333
decoder_src,327,47592321377777,,33333333
depay_src,330,47592521377777,,
parser_src,330,47592521377777,,33333333
decoder_sink,330,47592521377777,,33333333
decoder_src,328,47592354722222,,33333333
depay_src,331,47592454722222,,
parser_src,331,47592454722222,,33333333
decoder_sink,331,47592454722222,,33333333
decoder_src,329,47592388044444,,33333333
depay_src,332,47592421377777,,
parser_src,332,47592421377777,,33333333
decoder_sink,332,47592421377777,,33333333
decoder_src,330,47592421377777,,33333333
depay_src,333,47592488044444,,
parser_src,333,47592488044444,,33333333
decoder_sink,333,47592488044444,,33333333
decoder_src,331,47592454722222,,33333333
depay_src,334,47592654722222,,
parser_src,334,47592654722222,,33333333
decoder_sink,334,47592654722222,,33333333
decoder_src,332,47592488044444,,33333333
depay_src,335,47592588044444,,
parser_src,335,47592588044444,,33333333
decoder_sink,335,47592588044444,,33333333
decoder_src,333,47592521377777,,33333333
depay_src,336,47592554722222,,
parser_src,336,47592554722222,,33333333
decoder_sink,336,47592554722222,,33333333
decoder_src,334,47592554722222,,33333333
depay_src,337,47592621377777,,
parser_src,337,47592621377777,,33333333
decoder_sink,337,47592621377777,,33333333
decoder_src,335,47592588044444,,33333333
depay_src,338,47592788044444,,
parser_src,338,47592788044444,,33333333
decoder_sink,338,47592788044444,,33333333
decoder_src,336,47592621377777,,33333333
depay_src,339,47592721377777,,
parser_src,339,47592721377777,,33333333
decoder_sink,339,47592721377777,,33333333
decoder_src,337,47592654722222,,33333333
depay_src,340,47592688044444,,
parser_src,340,47592688044444,,33333333
decoder_sink,340,47592688044444,,33333333
decoder_src,338,47592688044444,,33333333
depay_src,341,47592754722222,,
parser_src,341,47592754722222,,33333333
decoder_sink,341,47592754722222,,33333333
decoder_src,339,47592721377777,,33333333
depay_src,342,47592921377777,,
parser_src,342,47592921377777,,33333333
decoder_sink,342,47592921377777,,33333333
decoder_src,340,47592754722222,,33333333
depay_src,343,47592854722222,,
parser_src,343,47592854722222,,33333333
decoder_sink,343,47592854722222,,33333333
decoder_src,341,47592788044444,,33333333
depay_src,344,47592821377777,,
parser_src,344,47592821377777,,33333333
decoder_sink,344,47592821377777,,33333333
decoder_src,342,47592821377777,,33333333
depay_src,345,47592888044444,,
parser_src,345,47592888044444,,33333333
decoder_sink,345,47592888044444,,33333333
decoder_src,343,47592854722222,,33333333
depay_src,346,47593054722222,,
parser_src,346,47593054722222,,33333333
decoder_sink,346,47593054722222,,33333333
decoder_src,344,47592888044444,,33333333
depay_src,347,47592988044444,,
parser_src,347,47592988044444,,33333333
decoder_sink,347,47592988044444,,33333333
decoder_src,345,47592921377777,,33333333
depay_src,348,47592954722222,,
parser_src,348,47592954722222,,33333333
decoder_sink,348,47592954722222,,33333333
decoder_src,346,47592954722222,,33333333
depay_src,349,47593021377777,,
parser_src,349,47593021377777,,33333333
decoder_sink,349,47593021377777,,33333333
decoder_src,347,47592988044444,,33333333
depay_src,350,47593188044444,,
parser_src,350,47593188044444,,33333333
decoder_sink,350,47593188044444,,33333333
decoder_src,348,47593021377777,,33333333
depay_src,351,47593121377777,,
parser_src,351,47593121377777,,33333333
decoder_sink,351,47593121377777,,33333333
decoder_src,349,47593054722222,,33333333
depay_src,352,47593088044444,,
parser_src,352,47593088044444,,33333333
decoder_sink,352,47593088044444,,33333333
decoder_src,350,47593088044444,,33333333
depay_src,353,47593154722222,,
parser_src,353,47593154722222,,33333333
decoder_sink,353,47593154722222,,33333333
decoder_src,351,47593121377777,,33333333
depay_src,354,47593321377777,,
parser_src,354,47593321377777,,33333333
decoder_sink,354,47593321377777,,33333333
decoder_src,352,47593154722222,,33333333
depay_src,355,47593254722222,,
parser_src,355,47593254722222,,33333333
decoder_sink,355,47593254722222,,33333333
decoder_src,353,47593188044444,,33333333
depay_src,356,47593221377777,,
parser_src,356,47593221377777,,33333333
decoder_sink,356,47593221377777,,33333333
decoder_src,354,47593221377777,,33333333
depay_src,357,47593288044444,,
parser_src,357,47593288044444,,33333333
decoder_sink,357,47593288044444,,33333333
decoder_src,355,47593254722222,,33333333
depay_src,358,47593454722222,,
parser_src,358,47593454722222,,33333333
decoder_sink,358,47593454722222,,33333333
decoder_src,356,47593288044444,,33333333
depay_src,359,47593388044444,,
parser_src,359,47593388044444,,33333333
decoder_sink,359,47593388044444,,33333333
decoder_src,357,47593321377777,,33333333
depay_src,360,47593354722222,,
parser_src,360,47593354722222,,33333333
decoder_sink,360,47593354722222,,33333333
decoder_src,358,47593354722222,,33333333
depay_src,361,47593421377777,,
parser_src,361,47593421377777,,33333333
decoder_sink,361,47593421377777,,33333333
decoder_src,359,47593388044444,,33333333
depay_src,362,47593588044444,,
parser_src,362,47593588044444,,33333333
decoder_sink,362,47593588044444,,33333333
decoder_src,360,47593421377777,,33333333
depay_src,363,47593521377777,,
parser_src,363,47593521377777,,33333333
decoder_sink,363,47593521377777,,33333333
decoder_src,361,47593454722222,,33333333
depay_src,364,47593488044444,,
parser_src,364,47593488044444,,33333333
decoder_sink,364,47593488044444,,33333333
decoder_src,362,47593488044444,,33333333
depay_src,365,47593554722222,,
parser_src,365,47593554722222,,33333333
decoder_sink,365,47593554722222,,33333333
decoder_src,363,47593521377777,,33333333
depay_src,366,47593721377777,,
parser_src,366,47593721377777,,33333333
decoder_sink,366,47593721377777,,33333333
decoder_src,364,47593554722222,,33333333
depay_src,367,47593654722222,,
parser_src,367,47593654722222,,33333333
decoder_sink,367,47593654722222,,33333333
decoder_src,365,47593588044444,,33333333
depay_src,368,47593621377777,,
parser_src,368,47593621377777,,33333333
decoder_sink,368,47593621377777,,33333333
decoder_src,366,47593621377777,,33333333
depay_src,369,47593688044444,,
parser_src,369,47593688044444,,33333333
decoder_sink,369,47593688044444,,33333333
decoder_src,367,47593654722222,,33333333
depay_src,370,47593854722222,,
parser_src,370,47593854722222,,33333333
decoder_sink,370,47593854722222,,33333333
decoder_src,368,47593688044444,,33333333
depay_src,371,47593788044444,,
parser_src,371,47593788044444,,33333333
decoder_sink,371,47593788044444,,33333333
decoder_src,369,47593721377777,,33333333
depay_src,372,47593754722222,,
parser_src,372,47593754722222,,33333333
decoder_sink,372,47593754722222,,33333333
decoder_src,370,47593754722222,,33333333
depay_src,373,47593821377777,,
parser_src,373,47593821377777,,33333333
decoder_sink,373,47593821377777,,33333333
decoder_src,371,47593788044444,,33333333
depay_src,374,47593988044444,,
parser_src,374,47593988044444,,33333333
decoder_sink,374,47593988044444,,33333333
decoder_src,372,47593821377777,,33333333
depay_src,375,47593921377777,,
parser_src,375,47593921377777,,33333333
decoder_sink,375,47593921377777,,33333333
decoder_src,373,47593854722222,,33333333
depay_src,376,47593888044444,,
parser_src,376,47593888044444,,33333333
decoder_sink,376,47593888044444,,33333333
decoder_src,374,47593888044444,,33333333
depay_src,377,47593954722222,,
parser_src,377,47593954722222,,33333333
decoder_sink,377,47593954722222,,33333333
decoder_src,375,47593921377777,,33333333
depay_src,378,47594121377777,,
parser_src,378,47594121377777,,33333333
decoder_sink,378,47594121377777,,33333333
decoder_src,376,47593954722222,,33333333
depay_src,379,47594054722222,,
parser_src,379,47594054722222,,33333333
decoder_sink,379,47594054722222,,33333333
decoder_src,377,47593988044444,,33333333
depay_src,380,47594021377777,,
parser_src,380,47594021377777,,33333333
decoder_sink,380,47594021377777,,33333333
decoder_src,378,47594021377777,,33333333
depay_src,381,47594088044444,,
parser_src,381,47594088044444,,33333333
decoder_sink,381,47594088044444,,33333333
decoder_src,379,47594054722222,,33333333
depay_src,382,47594254722222,,
parser_src,382,47594254722222,,33333333
decoder_sink,382,47594254722222,,33333333
decoder_src,380,47594088044444,,33333333
depay_src,383,47594188044444,,
parser_src,383,47594188044444,,33333333
decoder_sink,383,47594188044444,,33333333
decoder_src,381,47594121377777,,33333333
depay_src,384,47594154722222,,
parser_src,384,47594154722222,,33333333
decoder_sink,384,47594154722222,,33333333
decoder_src,382,47594154722222,,33333333
depay_src,385,47594221377777,,
parser_src,385,47594221377777,,33333333
decoder_sink,385,47594221377777,,33333333
decoder_src,383,47594188044444,,33333333
depay_src,386,47594388044444,,
parser_src,386,47594388044444,,33333333
decoder_sink,386,47594388044444,,33333333
decoder_src,384,47594221377777,,33333333
depay_src,387,47594321377777,,
parser_src,387,47594321377777,,33333333
decoder_sink,387,47594321377777,,33333333
decoder_src,385,47594254722222,,33333333
depay_src,388,47594288044444,,
parser_src,388,47594288044444,,33333333
decoder_sink,388,47594288044444,,33333333
decoder_src,386,47594288044444,,33333333
depay_src,389,47594354722222,,
parser_src,389,47594354722222,,33333333
decoder_sink,389,47594354722222,,33333333
decoder_src,387,47594321377777,,33333333
depay_src,390,47594521377777,,
parser_src,390,47594521377777,,33333333
decoder_sink,390,47594521377777,,33333333
decoder_src,388,47594354722222,,33333333
depay_src,391,47594454722222,,
parser_src,391,47594454722222,,33333333
decoder_sink,391,47594454722222,,33333333
decoder_src,389,47594388044444,,33333333
depay_src,392,47594421377777,,
parser_src,392,47594421377777,,33333333
decoder_sink,392,47594421377777,,33333333
decoder_src,390,47594421377777,,33333333
depay_src,393,47594488044444,,
parser_src,393,47594488044444,,33333333
decoder_sink,393,47594488044444,,33333333
decoder_src,391,47594454722222,,33333333
depay_src,394,47594654722222,,
parser_src,394,47594654722222,,33333333
decoder_sink,394,47594654722222,,33333333
decoder_src,392,47594488044444,,33333333
depay_src,395,47594588044444,,
parser_src,395,47594588044444,,33333333
decoder_sink,395,47594588044444,,33333333
decoder_src,393,47594521377777,,33333333
depay_src,396,47594554722222,,
parser_src,396,47594554722222,,33333333
decoder_sink,396,47594554722222,,33333333
decoder_src,394,47594554722222,,33333333
depay_src,397,47594621377777,,
parser_src,397,47594621377777,,33333333
decoder_sink,397,47594621377777,,33333333
decoder_src,395,47594588044444,,33333333
depay_src,398,47594788044444,,
parser_src,398,47594788044444,,33333333
decoder_sink,398,47594788044444,,33333333
decoder_src,396,47594621377777,,33333333
depay_src,399,47594721377777,,
parser_src,399,47594721377777,,33333333
decoder_sink,399,47594721377777,,33333333
decoder_src,397,47594654722222,,33333333
depay_src,400,47594688044444,,
parser_src,400,47594688044444,,33333333
decoder_sink,400,47594688044444,,33333333
decoder_src,398,47594688044444,,33333333
depay_src,401,47594754722222,,
parser_src,401,47594754722222,,33333333
decoder_sink,401,47594754722222,,33333333
decoder_src,399,47594721377777,,33333333
depay_src,402,47594921377777,,
parser_src,402,47594921377777,,33333333
decoder_sink,402,47594921377777,,33333333
decoder_src,400,47594754722222,,33333333
depay_src,403,47594854722222,,
parser_src,403,47594854722222,,33333333
decoder_sink,403,47594854722222,,33333333
decoder_src,401,47594788044444,,33333333
depay_src,404,47594821377777,,
parser_src,404,47594821377777,,33333333
decoder_sink,404,47594821377777,,33333333
decoder_src,402,47594821377777,,33333333
depay_src,405,47594888044444,,
parser_src,405,47594888044444,,33333333
decoder_sink,405,47594888044444,,33333333
decoder_src,403,47594854722222,,33333333
depay_src,406,47595054722222,,
parser_src,406,47595054722222,,33333333
decoder_sink,406,47595054722222,,33333333
decoder_src,404,47594888044444,,33333333
depay_src,407,47594988044444,,
parser_src,407,47594988044444,,33333333
decoder_sink,407,47594988044444,,33333333
decoder_src,405,47594921377777,,33333333
depay_src,408,47594954722222,,
parser_src,408,47594954722222,,33333333
decoder_sink,408,47594954722222,,33333333
decoder_src,406,47594954722222,,33333333
depay_src,409,47595021377777,,
parser_src,409,47595021377777,,33333333
decoder_sink,409,47595021377777,,33333333
decoder_src,407,47594988044444,,33333333
depay_src,410,47595188044444,,
parser_src,410,47595188044444,,33333333
decoder_sink,410,47595188044444,,33333333
decoder_src,408,47595021377777,,33333333
depay_src,411,47595121377777,,
parser_src,411,47595121377777,,33333333
decoder_sink,411,47595121377777,,33333333
decoder_src,409,47595054722222,,33333333
depay_src,412,47595088044444,,
parser_src,412,47595088044444,,33333333
decoder_sink,412,47595088044444,,33333333
decoder_src,410,47595088044444,,33333333
depay_src,413,47595154722222,,
parser_src,413,47595154722222,,33333333
decoder_sink,413,47595154722222,,33333333
decoder_src,411,47595121377777,,33333333
depay_src,414,47595321377777,,
parser_src,414,47595321377777,,33333333
decoder_sink,414,47595321377777,,33333333
decoder_src,412,47595154722222,,33333333
depay_src,415,47595254722222,,
parser_src,415,47595254722222,,33333333
decoder_sink,415,47595254722222,,33333333
decoder_src,413,47595188044444,,33333333
depay_src,416,47595221377777,,
parser_src,416,47595221377777,,33333333
decoder_sink,416,47595221377777,,33333333
decoder_src,414,47595221377777,,33333333
depay_src,417,47595288044444,,
parser_src,417,47595288044444,,33333333
decoder_sink,417,47595288044444,,33333333
decoder_src,415,47595254722222,,33333333
depay_src,418,47595454722222,,
parser_src,418,47595454722222,,33333333
decoder_sink,418,47595454722222,,33333333
decoder_src,416,47595288044444,,33333333
depay_src,419,47595388044444,,
parser_src,419,47595388044444,,33333333
decoder_sink,419,47595388044444,,33333333
decoder_src,417,47595321377777,,33333333
depay_src,420,47595354722222,,
parser_src,420,47595354722222,,33333333
decoder_sink,420,47595354722222,,33333333
decoder_src,418,47595354722222,,33333333
depay_src,421,47595421377777,,
parser_src,421,47595421377777,,33333333
decoder_sink,421,47595421377777,,33333333
decoder_src,419,47595388044444,,33333333
depay_src,422,47595588044444,,
parser_src,422,47595588044444,,33333333
decoder_sink,422,47595588044444,,33333333
decoder_src,420,47595421377777,,33333333
depay_src,423,47595521377777,,
parser_src,423,47595521377777,,33333333
decoder_sink,423,47595521377777,,33333333
decoder_src,421,47595454722222,,33333333
depay_src,424,47595488044444,,
parser_src,424,47595488044444,,33333333
decoder_sink,424,47595488044444,,33333333
decoder_src,422,47595488044444,,33333333
depay_src,425,47595554722222,,
parser_src,425,47595554722222,,33333333
decoder_sink,425,47595554722222,,33333333
decoder_src,423,47595521377777,,33333333
depay_src,426,47595721377777,,
parser_src,426,47595721377777,,33333333
decoder_sink,426,47595721377777,,33333333
decoder_src,424,47595554722222,,33333333
depay_src,427,47595654722222,,
parser_src,427,47595654722222,,33333333
decoder_sink,427,47595654722222,,33333333
decoder_src,425,47595588044444,,33333333
depay_src,428,47595621377777,,
parser_src,428,47595621377777,,33333333
decoder_sink,428,47595621377777,,33333333
decoder_src,426,47595621377777,,33333333
depay_src,429,47595688044444,,
parser_src,429,47595688044444,,33333333
decoder_sink,429,47595688044444,,33333333
decoder_src,427,47595654722222,,33333333
depay_src,430,47595854722222,,
parser_src,430,47595854722222,,33333333
decoder_sink,430,47595854722222,,33333333
decoder_src,428,47595688044444,,33333333
depay_src,431,47595788044444,,
parser_src,431,47595788044444,,33333333
decoder_sink,431,47595788044444,,33333333
decoder_src,429,47595721377777,,33333333
depay_src,432,47595754722222,,
parser_src,432,47595754722222,,33333333
decoder_sink,432,47595754722222,,33333333
decoder_src,430,47595754722222,,33333333
depay_src,433,47595821377777,,
parser_src,433,47595821377777,,33333333
decoder_sink,433,47595821377777,,33333333
decoder_src,431,47595788044444,,33333333
depay_src,434,47595988044444,,
parser_src,434,47595988044444,,33333333
decoder_sink,434,47595988044444,,33333333
decoder_src,432,47595821377777,,33333333
depay_src,435,47595921377777,,
parser_src,435,47595921377777,,33333333
decoder_sink,435,47595921377777,,33333333
decoder_src,433,47595854722222,,33333333
depay_src,436,47595888044444,,
parser_src,436,47595888044444,,33333333
decoder_sink,436,47595888044444,,33333333
decoder_src,434,47595888044444,,33333333
depay_src,437,47595954722222,,
parser_src,437,47595954722222,,33333333
decoder_sink,437,47595954722222,,33333333
decoder_src,435,47595921377777,,33333333
depay_src,438,47596121377777,,
parser_src,438,47596121377777,,33333333
decoder_sink,438,47596121377777,,33333333
decoder_src,436,47595954722222,,33333333
depay_src,439,47596054722222,,
parser_src,439,47596054722222,,33333333
decoder_sink,439,47596054722222,,33333333
decoder_src,437,47595988044444,,33333333
depay_src,440,47596021377777,,
parser_src,440,47596021377777,,33333333
decoder_sink,440,47596021377777,,33333333
decoder_src,438,47596021377777,,33333333
depay_src,441,47596088044444,,
parser_src,441,47596088044444,,33333333
decoder_sink,441,47596088044444,,33333333
decoder_src,439,47596054722222,,33333333
depay_src,442,47596254722222,,
parser_src,442,47596254722222,,33333333
decoder_sink,442,47596254722222,,33333333
decoder_src,440,47596088044444,,33333333
depay_src,443,47596188044444,,
parser_src,443,47596188044444,,33333333
decoder_sink,443,47596188044444,,33333333
decoder_src,441,47596121377777,,33333333
depay_src,444,47596154722222,,
parser_src,444,47596154722222,,33333333
decoder_sink,444,47596154722222,,33333333
decoder_src,442,47596154722222,,33333333
depay_src,445,47596221377777,,
parser_src,445,47596221377777,,33333333
decoder_sink,445,47596221377777,,33333333
decoder_src,443,47596188044444,,33333333
depay_src,446,47596388044444,,
parser_src,446,47596388044444,,33333333
decoder_sink,446,47596388044444,,33333333
decoder_src,444,47596221377777,,33333333
depay_src,447,47596321377777,,
parser_src,447,47596321377777,,33333333
decoder_sink,447,47596321377777,,33333333
decoder_src,445,47596254722222,,33333333
depay_src,448,47596288044444,,
parser_src,448,47596288044444,,33333333
decoder_sink,448,47596288044444,,33333333
decoder_src,446,47596288044444,,33333333
depay_src,449,47596354722222,,
parser_src,449,47596354722222,,33333333
decoder_sink,449,47596354722222,,33333333
decoder_src,447,47596321377777,,33333333
depay_src,450,47596521377777,,
parser_src,450,47596521377777,,33333333
decoder_sink,450,47596521377777,,33333333
decoder_src,448,47596354722222,,33333333
depay_src,451,47596454722222,,
parser_src,451,47596454722222,,33333333
decoder_sink,451,47596454722222,,33333333
decoder_src,449,47596388044444,,33333333
depay_src,452,47596421377777,,
parser_src,452,47596421377777,,33333333
decoder_sink,452,47596421377777,,33333333
decoder_src,450,47596421377777,,33333333
depay_src,453,47596488044444,,
parser_src,453,47596488044444,,33333333
decoder_sink,453,47596488044444,,33333333
decoder_src,451,47596454722222,,33333333
depay_src,454,47596654722222,,
parser_src,454,47596654722222,,33333333
decoder_sink,454,47596654722222,,33333333
decoder_src,452,47596488044444,,33333333
depay_src,455,47596588044444,,
parser_src,455,47596588044444,,33333333
decoder_sink,455,47596588044444,,33333333
decoder_src,453,47596521377777,,33333333
depay_src,456,47596554722222,,
parser_src,456,47596554722222,,33333333
decoder_sink,456,47596554722222,,33333333
decoder_src,454,47596554722222,,33333333
depay_src,457,47596621377777,,
parser_src,457,47596621377777,,33333333
decoder_sink,457,47596621377777,,33333333
decoder_src,455,47596588044444,,33333333
depay_src,458,47596754722222,,
parser_src,458,47596754722222,,33333333
decoder_sink,458,47596754722222,,33333333
decoder_src,456,47596621377777,,33333333
depay_src,459,47596688044444,,
parser_src,459,47596688044444,,33333333
decoder_sink,459,47596688044444,,33333333
decoder_src,457,47596654722222,,33333333
depay_src,460,47596721377777,,
parser_src,460,47596721377777,,33333333
decoder_sink,460,47596721377777,,33333333
decoder_src,458,47596688044444,,33333333
depay_src,461,47596888044444,,
parser_src,461,47596888044444,,33333333
decoder_sink,461,47596888044444,,33333333
decoder_src,459,47596721377777,,33333333
depay_src,462,47596821377777,,
parser_src,462,47596821377777,,33333333
decoder_sink,462,47596821377777,,33333333
decoder_src,460,47596754722222,,33333333
depay_src,463,47596788044444,,
parser_src,463,47596788044444,,33333333
decoder_sink,463,47596788044444,,33333333
decoder_src,461,47596788044444,,33333333
depay_src,464,47596854722222,,
parser_src,464,47596854722222,,33333333
decoder_sink,464,47596854722222,,33333333
decoder_src,462,47596821377777,,33333333
depay_src,465,47597021377777,,
parser_src,465,47597021377777,,33333333
decoder_sink,465,47597021377777,,33333333
decoder_src,463,47596854722222,,33333333
depay_src,466,47596954722222,,
parser_src,466,47596954722222,,33333333
decoder_sink,466,47596954722222,,33333333
decoder_src,464,47596888044444,,33333333
depay_src,467,47596921377777,,
parser_src,467,47596921377777,,33333333
decoder_sink,467,47596921377777,,33333333
decoder_src,465,47596921377777,,33333333
depay_src,468,47596988044444,,
parser_src,468,47596988044444,,33333333
decoder_sink,468,47596988044444,,33333333
decoder_src,466,47596954722222,,33333333
depay_src,469,47597154722222,,
parser_src,469,47597154722222,,33333333
decoder_sink,469,47597154722222,,33333333
decoder_src,467,47596988044444,,33333333
depay_src,470,47597088044444,,
parser_src,470,47597088044444,,33333333
decoder_sink,470,47597088044444,,33333333
decoder_src,468,47597021377777,,33333333
depay_src,471,47597054722222,,
parser_src,471,47597054722222,,33333333
decoder_sink,471,47597054722222,,33333333
decoder_src,469,47597054722222,,33333333
depay_src,472,47597121377777,,
parser_src,472,47597121377777,,33333333
decoder_sink,472,47597121377777,,33333333
decoder_src,470,47597088044444,,33333333
depay_src,473,47597288044444,,
parser_src,473,47597288044444,,33333333
decoder_sink,473,47597288044444,,33333333
decoder_src,471,47597121377777,,33333333
depay_src,474,47597221377777,,
parser_src,474,47597221377777,,33333333
decoder_sink,474,47597221377777,,33333333
decoder_src,472,47597154722222,,33333333
depay_src,475,47597188044444,,
parser_src,475,47597188044444,,33333333
decoder_sink,475,47597188044444,,33333333
decoder_src,473,47597188044444,,33333333
depay_src,476,47597254722222,,
parser_src,476,47597254722222,,33333333
decoder_sink,476,47597254722222,,33333333
decoder_src,474,47597221377777,,33333333
depay_src,477,47597421377777,,
parser_src,477,47597421377777,,33333333
decoder_sink,477,47597421377777,,33333333
decoder_src,475,47597254722222,,33333333
depay_src,478,47597354722222,,
parser_src,478,47597354722222,,33333333
decoder_sink,478,47597354722222,,33333333
decoder_src,476,47597288044444,,33333333
depay_src,479,47597321377777,,
parser_src,479,47597321377777,,33333333
decoder_sink,479,47597321377777,,33333333
decoder_src,477,47597321377777,,33333333
depay_src,480,47597388044444,,
parser_src,480,47597388044444,,33333333
decoder_sink,480,47597388044444,,33333333
decoder_src,478,47597354722222,,33333333
depay_src,481,47597521377777,,
parser_src,481,47597521377777,,33333333
decoder_sink,481,47597521377777,,33333333
decoder_src,479,47597388044444,,33333333
depay_src,482,47597454722222,,
parser_src,482,47597454722222,,33333333
decoder_sink,482,47597454722222,,33333333
decoder_src,480,47597421377777,,33333333
depay_src,483,47597488044444,,
parser_src,483,47597488044444,,33333333
decoder_sink,483,47597488044444,,33333333
decoder_src,481,47597454722222,,33333333
depay_src,484,47597554722222,,
parser_src,484,47597554722222,,33333333
decoder_sink,484,47597554722222,,33333333
decoder_src,482,47597488044444,,33333333
depay_src,485,47597688044444,,
parser_src,485,47597688044444,,33333333
decoder_sink,485,47597688044444,,33333333
decoder_src,483,47597521377777,,33333333
depay_src,486,47597621377777,,
parser_src,486,47597621377777,,33333333
decoder_sink,486,47597621377777,,33333333
decoder_src,484,47597554722222,,33333333
depay_src,487,47597588044444,,
parser_src,487,47597588044444,,33333333
decoder_sink,487,47597588044444,,33333333
decoder_src,485,47597588044444,,33333333
depay_src,488,47597654722222,,
parser_src,488,47597654722222,,33333333
decoder_sink,488,47597654722222,,33333333
decoder_src,486,47597621377777,,33333333
depay_src,489,47597821377777,,
parser_src,489,47597821377777,,33333333
decoder_sink,489,47597821377777,,33333333
decoder_src,487,47597654722222,,33333333
depay_src,490,47597754722222,,
parser_src,490,47597754722222,,33333333
decoder_sink,490,47597754722222,,33333333
decoder_src,488,47597688044444,,33333333
depay_src,491,47597721377777,,
parser_src,491,47597721377777,,33333333
decoder_sink,491,47597721377777,,33333333
decoder_src,489,47597721377777,,33333333
depay_src,492,47597788044444,,
parser_src,492,47597788044444,,33333333
decoder_sink,492,47597788044444,,33333333
decoder_src,490,47597754722222,,33333333
depay_src,493,47597954722222,,
parser_src,493,47597954722222,,33333333
decoder_sink,493,47597954722222,,33333333
decoder_src,491,47597788044444,,33333333
depay_src,494,47597888044444,,
parser_src,494,47597888044444,,33333333
decoder_sink,494,47597888044444,,33333333
decoder_src,492,47597821377777,,33333333
depay_src,495,47597854722222,,
parser_src,495,47597854722222,,33333333
decoder_sink,495,47597854722222,,33333333
decoder_src,493,47597854722222,,33333333
depay_src,496,47597921377777,,
parser_src,496,47597921377777,,33333333
decoder_sink,496,47597921377777,,33333333
decoder_src,494,47597888044444,,33333333
depay_src,497,47598088044444,,
parser_src,497,47598088044444,,33333333
decoder_sink,497,47598088044444,,33333333
decoder_src,495,47597921377777,,33333333
depay_src,498,47598021377777,,
parser_src,498,47598021377777,,33333333
decoder_sink,498,47598021377777,,33333333
decoder_src,496,47597954722222,,33333333
depay_src,499,47597988044444,,
parser_src,499,47597988044444,,33333333
decoder_sink,499,47597988044444,,33333333
decoder_src,497,47597988044444,,33333333
depay_src,500,47598054722222,,
parser_src,500,47598054722222,,33333333
decoder_sink,500,47598054722222,,33333333
decoder_src,498,47598021377777,,33333333
depay_src,501,47598221377777,,
parser_src,501,47598221377777,,33333333
decoder_sink,501,47598221377777,,33333333
decoder_src,499,47598054722222,,33333333
depay_src,502,47598154722222,,
parser_src,502,47598154722222,,33333333
decoder_sink,502,47598154722222,,33333333
decoder_src,500,47598088044444,,33333333
depay_src,503,47598121377777,,
parser_src,503,47598121377777,,33333333
decoder_sink,503,47598121377777,,33333333
decoder_src,501,47598121377777,,33333333
depay_src,504,47598188044444,,
parser_src,504,47598188044444,,33333333
decoder_sink,504,47598188044444,,33333333
decoder_src,502,47598154722222,,33333333
depay_src,505,47598354722222,,
parser_src,505,47598354722222,,33333333
decoder_sink,505,47598354722222,,33333333
decoder_src,503,47598188044444,,33333333
depay_src,506,47598288044444,,
parser_src,506,47598288044444,,33333333
decoder_sink,506,47598288044444,,33333333
decoder_src,504,47598221377777,,33333333
depay_src,507,47598254722222,,
parser_src,507,47598254722222,,33333333
decoder_sink,507,47598254722222,,33333333
decoder_src,505,47598254722222,,33333333
depay_src,508,47598321377777,,
parser_src,508,47598321377777,,33333333
decoder_sink,508,47598321377777,,33333333
decoder_src,506,47598288044444,,33333333
depay_src,509,47598488044444,,
parser_src,509,47598488044444,,33333333
decoder_sink,509,47598488044444,,33333333
decoder_src,507,47598321377777,,33333333
depay_src,510,47598421377777,,
parser_src,510,47598421377777,,33333333
decoder_sink,510,47598421377777,,33333333
decoder_src,508,47598354722222,,33333333
depay_src,511,47598388044444,,
parser_src,511,47598388044444,,33333333
decoder_sink,511,47598388044444,,33333333
decoder_src,509,47598388044444,,33333333
depay_src,512,47598454722222,,
parser_src,512,47598454722222,,33333333
decoder_sink,512,47598454722222,,33333333
decoder_src,510,47598421377777,,33333333
depay_src,513,47598621377777,,
parser_src,513,47598621377777,,33333333
decoder_sink,513,47598621377777,,33333333
decoder_src,511,47598454722222,,33333333
depay_src,514,47598554722222,,
parser_src,514,47598554722222,,33333333
decoder_sink,514,47598554722222,,33333333
decoder_src,512,47598488044444,,33333333
depay_src,515,47598521377777,,
parser_src,515,47598521377777,,33333333
decoder_sink,515,47598521377777,,33333333
decoder_src,513,47598521377777,,33333333
depay_src,516,47598588044444,,
parser_src,516,47598588044444,,33333333
decoder_sink,516,47598588044444,,33333333
decoder_src,514,47598554722222,,33333333
depay_src,517,47598721377777,,
parser_src,517,47598721377777,,33333333
decoder_sink,517,47598721377777,,33333333
decoder_src,515,47598588044444,,33333333
depay_src,518,47598654722222,,
parser_src,518,47598654722222,,33333333
decoder_sink,518,47598654722222,,33333333
decoder_src,516,47598621377777,,33333333
depay_src,519,47598688044444,,
parser_src,519,47598688044444,,33333333
decoder_sink,519,47598688044444,,33333333
decoder_src,517,47598654722222,,33333333
depay_src,520,47598754722222,,
parser_src,520,47598754722222,,33333333
decoder_sink,520,47598754722222,,33333333
decoder_src,518,47598688044444,,33333333
depay_src,521,47598888044444,,
parser_src,521,47598888044444,,33333333
decoder_sink,521,47598888044444,,33333333
decoder_src,519,47598721377777,,33333333
depay_src,522,47598821377777,,
parser_src,522,47598821377777,,33333333
decoder_sink,522,47598821377777,,33333333
decoder_src,520,47598754722222,,33333333
depay_src,523,47598788044444,,
parser_src,523,47598788044444,,33333333
decoder_sink,523,47598788044444,,33333333
decoder_src,521,47598788044444,,33333333
depay_src,524,47598854722222,,
parser_src,524,47598854722222,,33333333
decoder_sink,524,47598854722222,,33333333
decoder_src,522,47598821377777,,33333333
depay_src,525,47599021377777,,
parser_src,525,47599021377777,,33333333
decoder_sink,525,47599021377777,,33333333
decoder_src,523,47598854722222,,33333333
depay_src,526,47598954722222,,
parser_src,526,47598954722222,,33333333
decoder_sink,526,47598954722222,,33333333
decoder_src,524,47598888044444,,33333333
depay_src,527,47598921377777,,
parser_src,527,47598921377777,,33333333
decoder_sink,527,47598921377777,,33333333
decoder_src,525,47598921377777,,33333333
depay_src,528,47598988044444,,
parser_src,528,47598988044444,,33333333
decoder_sink,528,47598988044444,,33333333
decoder_src,526,47598954722222,,33333333
depay_src,529,47599154722222,,
parser_src,529,47599154722222,,33333333
decoder_sink,529,47599154722222,,33333333
decoder_src,527,47598988044444,,33333333
depay_src,530,47599088044444,,
parser_src,530,47599088044444,,33333333
decoder_sink,530,47599088044444,,33333333
decoder_src,528,47599021377777,,33333333
depay_src,531,47599054722222,,
parser_src,531,47599054722222,,33333333
decoder_sink,531,47599054722222,,33333333
decoder_src,529,47599054722222,,33333333
depay_src,532,47599121377777,,
parser_src,532,47599121377777,,33333333
decoder_sink,532,47599121377777,,33333333
decoder_src,530,47599088044444,,33333333
depay_src,533,47599288044444,,
parser_src,533,47599288044444,,33333333
decoder_sink,533,47599288044444,,33333333
decoder_src,531,47599121377777,,33333333
depay_src,534,47599221377777,,
parser_src,534,47599221377777,,33333333
decoder_sink,534,47599221377777,,33333333
decoder_src,532,47599154722222,,33333333
depay_src,535,47599188044444,,
parser_src,535,47599188044444,,33333333
decoder_sink,535,47599188044444,,33333333
decoder_src,533,47599188044444,,33333333
depay_src,536,47599254722222,,
parser_src,536,47599254722222,,33333333
decoder_sink,536,47599254722222,,33333333
decoder_src,534,47599221377777,,33333333
depay_src,537,47599421377777,,
parser_src,537,47599421377777,,33333333
decoder_sink,537,47599421377777,,33333333
decoder_src,535,47599254722222,,33333333
depay_src,538,47599354722222,,
parser_src,538,47599354722222,,33333333
decoder_sink,538,47599354722222,,33333333
decoder_src,536,47599288044444,,33333333
depay_src,539,47599321377777,,
parser_src,539,47599321377777,,33333333
decoder_sink,539,47599321377777,,33333333
decoder_src,537,47599321377777,,33333333
depay_src,540,47599388044444,,
parser_src,540,47599388044444,,33333333
decoder_sink,540,47599388044444,,33333333
decoder_src,538,47599354722222,,33333333
depay_src,541,47599554722222,,
parser_src,541,47599554722222,,33333333
decoder_sink,541,47599554722222,,33333333
decoder_src,539,47599388044444,,33333333
depay_src,542,47599488044444,,
parser_src,542,47599488044444,,33333333
decoder_sink,542,47599488044444,,33333333
decoder_src,540,47599421377777,,33333333
depay_src,543,47599454722222,,
parser_src,543,47599454722222,,33333333
decoder_sink,543,47599454722222,,33333333
decoder_src,541,47599454722222,,33333333
depay_src,544,47599521377777,,
parser_src,544,47599521377777,,33333333
decoder_sink,544,47599521377777,,33333333
decoder_src,542,47599488044444,,33333333
depay_src,545,47599688044444,,
parser_src,545,47599688044444,,33333333
decoder_sink,545,47599688044444,,33333333
decoder_src,543,47599521377777,,33333333
depay_src,546,47599621377777,,
parser_src,546,47599621377777,,33333333
decoder_sink,546,47599621377777,,33333333
decoder_src,544,47599554722222,,33333333
depay_src,547,47599588044444,,
parser_src,547,47599588044444,,33333333
decoder_sink,547,47599588044444,,33333333
decoder_src,545,47599588044444,,33333333
depay_src,548,47599654722222,,
parser_src,548,47599654722222,,33333333
decoder_sink,548,47599654722222,,33333333
decoder_src,546,47599621377777,,33333333
depay_src,549,47599821377777,,
parser_src,549,47599821377777,,33333333
decoder_sink,549,47599821377777,,33333333
decoder_src,547,47599654722222,,33333333
depay_src,550,47599754722222,,
parser_src,550,47599754722222,,33333333
decoder_sink,550,47599754722222,,33333333
decoder_src,548,47599688044444,,33333333
depay_src,551,47599721377777,,
parser_src,551,47599721377777,,33333333
decoder_sink,551,47599721377777,,33333333
decoder_src,549,47599721377777,,33333333
depay_src,552,47599788044444,,
parser_src,552,47599788044444,,33333333
decoder_sink,552,47599788044444,,33333333
decoder_src,550,47599754722222,,33333333
depay_src,553,47599954722222,,
parser_src,553,47599954722222,,33333333
decoder_sink,553,47599954722222,,33333333
decoder_src,551,47599788044444,,33333333
depay_src,554,47599888044444,,
parser_src,554,47599888044444,,33333333
decoder_sink,554,47599888044444,,33333333
decoder_src,552,47599821377777,,33333333
depay_src,555,47599854722222,,
parser_src,555,47599854722222,,33333333
decoder_sink,555,47599854722222,,33333333
decoder_src,553,47599854722222,,33333333
depay_src,556,47599921377777,,
parser_src,556,47599921377777,,33333333
decoder_sink,556,47599921377777,,33333333
decoder_src,554,47599888044444,,33333333
depay_src,557,47600088044444,,
parser_src,557,47600088044444,,33333333
decoder_sink,557,47600088044444,,33333333
decoder_src,555,47599921377777,,33333333
depay_src,558,47600021377777,,
parser_src,558,47600021377777,,33333333
decoder_sink,558,47600021377777,,33333333
decoder_src,556,47599954722222,,33333333
depay_src,559,47599988044444,,
parser_src,559,47599988044444,,33333333
decoder_sink,559,47599988044444,,33333333
decoder_src,557,47599988044444,,33333333
depay_src,560,47600054722222,,
parser_src,560,47600054722222,,33333333
decoder_sink,560,47600054722222,,33333333
decoder_src,558,47600021377777,,33333333
depay_src,561,47600221377777,,
parser_src,561,47600221377777,,33333333
decoder_sink,561,47600221377777,,33333333
decoder_src,559,47600054722222,,33333333
depay_src,562,47600154722222,,
parser_src,562,47600154722222,,33333333
decoder_sink,562,47600154722222,,33333333
decoder_src,560,47600088044444,,33333333
depay_src,563,47600121377777,,
parser_src,563,47600121377777,,33333333
decoder_sink,563,47600121377777,,33333333
decoder_src,561,47600121377777,,33333333
depay_src,564,47600188044444,,
parser_src,564,47600188044444,,33333333
decoder_sink,564,47600188044444,,33333333
decoder_src,562,47600154722222,,33333333
depay_src,565,47600354722222,,
parser_src,565,47600354722222,,33333333
decoder_sink,565,47600354722222,,33333333
decoder_src,563,47600188044444,,33333333
depay_src,566,47600288044444,,
parser_src,566,47600288044444,,33333333
decoder_sink,566,47600288044444,,33333333
decoder_src,564,47600221377777,,33333333
depay_src,567,47600254722222,,
parser_src,567,47600254722222,,33333333
decoder_sink,567,47600254722222,,33333333
decoder_src,565,47600254722222,,33333333
depay_src,568,47600321377777,,
parser_src,568,47600321377777,,33333333
decoder_sink,568,47600321377777,,33333333
decoder_src,566,47600288044444,,33333333
depay_src,569,47600421377777,,
parser_src,569,47600421377777,,33333333
decoder_sink,569,47600421377777,,33333333
decoder_src,567,47600321377777,,33333333
depay_src,570,47600388044444,,
parser_src,570,47600388044444,,33333333
decoder_sink,570,47600388044444,,33333333
decoder_src,568,47600354722222,,33333333
depay_src,571,47600554722222,,
parser_src,571,47600554722222,,33333333
decoder_sink,571,47600554722222,,33333333
decoder_src,569,47600388044444,,33333333
depay_src,572,47600488044444,,
parser_src,572,47600488044444,,33333333
decoder_sink,572,47600488044444,,33333333
decoder_src,570,47600421377777,,33333333
depay_src,573,47600454722222,,
parser_src,573,47600454722222,,33333333
decoder_sink,573,47600454722222,,33333333
decoder_src,571,47600454722222,,33333333
depay_src,574,47600521377777,,
parser_src,574,47600521377777,,33333333
decoder_sink,574,47600521377777,,33333333
decoder_src,572,47600488044444,,33333333
depay_src,575,47600688044444,,
parser_src,575,47600688044444,,33333333
decoder_sink,575,47600688044444,,33333333
decoder_src,573,47600521377777,,33333333
depay_src,576,47600621377777,,
parser_src,576,47600621377777,,33333333
decoder_sink,576,47600621377777,,33333333
decoder_src,574,47600554722222,,33333333
depay_src,577,47600588044444,,
parser_src,577,47600588044444,,33333333
decoder_sink,577,47600588044444,,33333333
decoder_src,575,47600588044444,,33333333
depay_src,578,47600654722222,,
parser_src,578,47600654722222,,33333333
decoder_sink,578,47600654722222,,33333333
decoder_src,576,47600621377777,,33333333
depay_src,579,47600821377777,,
parser_src,579,47600821377777,,33333333
decoder_sink,579,47600821377777,,33333333
decoder_src,577,47600654722222,,33333333
depay_src,580,47600754722222,,
parser_src,580,47600754722222,,33333333
decoder_sink,580,47600754722222,,33333333
decoder_src,578,47600688044444,,33333333
depay_src,581,47600721377777,,
parser_src,581,47600721377777,,33333333
decoder_sink,581,47600721377777,,33333333
decoder_src,579,47600721377777,,33333333
depay_src,582,47600788044444,,
parser_src,582,47600788044444,,33333333
decoder_sink,582,47600788044444,,33333333
decoder_src,580,47600754722222,,33333333
depay_src,583,47600954722222,,
parser_src,583,47600954722222,,33333333
decoder_sink,583,47600954722222,,33333333
decoder_src,581,47600788044444,,33333333
depay_src,584,47600888044444,,
parser_src,584,47600888044444,,33333333
decoder_sink,584,47600888044444,,33333333
decoder_src,582,47600821377777,,33333333
depay_src,585,47600854722222,,
parser_src,585,47600854722222,,33333333
decoder_sink,585,47600854722222,,33333333
decoder_src,583,47600854722222,,33333333
depay_src,586,47600921377777,,
parser_src,586,47600921377777,,33333333
decoder_sink,586,47600921377777,,33333333
decoder_src,584,47600888044444,,33333333
depay_src,587,47601088044444,,
parser_src,587,47601088044444,,33333333
decoder_sink,587,47601088044444,,33333333
decoder_src,585,47600921377777,,33333333
depay_src,588,47601021377777,,
parser_src,588,47601021377777,,33333333
decoder_sink,588,47601021377777,,33333333
decoder_src,586,47600954722222,,33333333
depay_src,589,47600988044444,,
parser_src,589,47600988044444,,33333333
decoder_sink,589,47600988044444,,33333333
decoder_src,587,47600988044444,,33333333
depay_src,590,47601054722222,,
parser_src,590,47601054722222,,33333333
decoder_sink,590,47601054722222,,33333333
decoder_src,588,47601021377777,,33333333
depay_src,591,47601221377777,,
parser_src,591,47601221377777,,33333333
decoder_sink,591,47601221377777,,33333333
decoder_src,589,47601054722222,,33333333
depay_src,592,47601154722222,,
parser_src,592,47601154722222,,33333333
decoder_sink,592,47601154722222,,33333333
decoder_src,590,47601088044444,,33333333
depay_src,593,47601121377777,,
parser_src,593,47601121377777,,33333333
decoder_sink,593,47601121377777,,33333333
decoder_src,591,47601121377777,,33333333
depay_src,594,47601188044444,,
parser_src,594,47601188044444,,33333333
decoder_sink,594,47601188044444,,33333333
decoder_src,592,47601154722222,,33333333
depay_src,595,47601354722222,,
parser_src,595,47601354722222,,33333333
decoder_sink,595,47601354722222,,33333333
decoder_src,593,47601188044444,,33333333
depay_src,596,47601288044444,,
parser_src,596,47601288044444,,33333333
decoder_sink,596,47601288044444,,33333333
decoder_src,594,47601221377777,,33333333
depay_src,597,47601254722222,,
parser_src,597,47601254722222,,33333333
decoder_sink,597,47601254722222,,33333333
decoder_src,595,47601254722222,,33333333
depay_src,598,47601321377777,,
parser_src,598,47601321377777,,33333333
decoder_sink,598,47601321377777,,33333333
decoder_src,596,47601288044444,,33333333
depay_src,599,47601488044444,,
parser_src,599,47601488044444,,33333333
decoder_sink,599,47601488044444,,33333333
decoder_src,597,47601321377777,,33333333
depay_src,600,47601421377777,,
parser_src,600,47601421377777,,33333333
decoder_sink,600,47601421377777,,33333333
decoder_src,598,47601354722222,,33333333
depay_src,601,47601388044444,,
parser_src,601,47601388044444,,33333333
decoder_sink,601,47601388044444,,33333333
decoder_src,599,47601388044444,,33333333
depay_src,602,47601454722222,,
parser_src,602,47601454722222,,33333333
decoder_sink,602,47601454722222,,33333333
decoder_src,600,47601421377777,,33333333
depay_src,603,47601621377777,,
parser_src,603,47601621377777,,33333333
decoder_sink,603,47601621377777,,33333333
decoder_src,601,47601454722222,,33333333
depay_src,604,47601554722222,,
parser_src,604,47601554722222,,33333333
decoder_sink,604,47601554722222,,33333333
decoder_src,602,47601488044444,,33333333
depay_src,605,47601521377777,,
parser_src,605,47601521377777,,33333333
decoder_sink,605,47601521377777,,33333333
decoder_src,603,47601521377777,,33333333
depay_src,606,47601588044444,,
parser_src,606,47601588044444,,33333333
decoder_sink,606,47601588044444,,33333333
decoder_src,604,47601554722222,,33333333
depay_src,607,47601754722222,,
parser_src,607,47601754722222,,33333333
decoder_sink,607,47601754722222,,33333333
decoder_src,605,47601588044444,,33333333
depay_src,608,47601688044444,,
parser_src,608,47601688044444,,33333333
decoder_sink,608,47601688044444,,33333333
decoder_src,606,47601621377777,,33333333
depay_src,609,47601654722222,,
parser_src,609,47601654722222,,33333333
decoder_sink,609,47601654722222,,33333333
decoder_src,607,47601654722222,,33333333
depay_src,610,47601721377777,,
parser_src,610,47601721377777,,33333333
decoder_sink,610,47601721377777,,33333333
decoder_src,608,47601688044444,,33333333
depay_src,611,47601888044444,,
parser_src,611,47601888044444,,33333333
decoder_sink,611,47601888044444,,33333333
decoder_src,609,47601721377777,,33333333
depay_src,612,47601821377777,,
parser_src,612,47601821377777,,33333333
decoder_sink,612,47601821377777,,33333333
decoder_src,610,47601754722222,,33333333
depay_src,613,47601788044444,,
parser_src,613,47601788044444,,33333333
decoder_sink,613,47601788044444,,33333333
decoder_src,611,47601788044444,,33333333
depay_src,614,47601854722222,,
parser_src,614,47601854722222,,33333333
decoder_sink,614,47601854722222,,33333333
decoder_src,612,47601821377777,,33333333
depay_src,615,47602021377777,,
parser_src,615,47602021377777,,33333333
decoder_sink,615,47602021377777,,33333333
decoder_src,613,47601854722222,,33333333
depay_src,616,47601954722222,,
parser_src,616,47601954722222,,33333333
decoder_sink,616,47601954722222,,33333333
decoder_src,614,47601888044444,,33333333
depay_src,617,47601921377777,,
parser_src,617,47601921377777,,33333333
decoder_sink,617,47601921377777,,33333333
decoder_src,615,47601921377777,,33333333
depay_src,618,47601988044444,,
parser_src,618,47601988044444,,33333333
decoder_sink,618,47601988044444,,33333333
decoder_src,616,47601954722222,,33333333
depay_src,619,47602154722222,,
parser_src,619,47602154722222,,33333333
decoder_sink,619,47602154722222,,33333333
decoder_src,617,47601988044444,,33333333
depay_src,620,47602088044444,,
parser_src,620,47602088044444,,33333333
decoder_sink,620,47602088044444,,33333333
decoder_src,618,47602021377777,,33333333
depay_src,621,47602054722222,,
parser_src,621,47602054722222,,33333333
decoder_sink,621,47602054722222,,33333333
decoder_src,619,47602054722222,,33333333
depay_src,622,47602121377777,,
parser_src,622,47602121377777,,33333333
decoder_sink,622,47602121377777,,33333333
decoder_src,620,47602088044444,,33333333
depay_src,623,47602288044444,,
parser_src,623,47602288044444,,33333333
decoder_sink,623,47602288044444,,33333333
decoder_src,621,47602121377777,,33333333
depay_src,624,47602221377777,,
parser_src,624,47602221377777,,33333333
decoder_sink,624,47602221377777,,33333333
decoder_src,622,47602154722222,,33333333
depay_src,625,47602188044444,,
parser_src,625,47602188044444,,33333333
decoder_sink,625,47602188044444,,33333333
decoder_src,623,47602188044444,,33333333
depay_src,626,47602254722222,,
parser_src,626,47602254722222,,33333333
decoder_sink,626,47602254722222,,33333333
decoder_src,624,47602221377777,,33333333
depay_src,627,47602421377777,,
parser_src,627,47602421377777,,33333333
decoder_sink,627,47602421377777,,33333333
decoder_src,625,47602254722222,,33333333
depay_src,628,47602354722222,,
parser_src,628,47602354722222,,33333333
decoder_sink,628,47602354722222,,33333333
decoder_src,626,47602288044444,,33333333
depay_src,629,47602321377777,,
parser_src,629,47602321377777,,33333333
decoder_sink,629,47602321377777,,33333333
decoder_src,627,47602321377777,,33333333
depay_src,630,47602388044444,,
parser_src,630,47602388044444,,33333333
decoder_sink,630,47602388044444,,33333333
decoder_src,628,47602354722222,,33333333
depay_src,631,47602554722222,,
parser_src,631,47602554722222,,33333333
decoder_sink,631,47602554722222,,33333333
decoder_src,629,47602388044444,,33333333
depay_src,632,47602488044444,,
parser_src,632,47602488044444,,33333333
decoder_sink,632,47602488044444,,33333333
decoder_src,630,47602421377777,,33333333
depay_src,633,47602454722222,,
parser_src,633,47602454722222,,33333333
decoder_sink,633,47602454722222,,33333333
decoder_src,631,47602454722222,,33333333
depay_src,634,47602521377777,,
parser_src,634,47602521377777,,33333333
decoder_sink,634,47602521377777,,33333333
decoder_src,632,47602488044444,,33333333
depay_src,635,47602688044444,,
parser_src,635,47602688044444,,33333333
decoder_sink,635,47602688044444,,33333333
decoder_src,633,47602521377777,,33333333
depay_src,636,47602621377777,,
parser_src,636,47602621377777,,33333333
decoder_sink,636,47602621377777,,33333333
decoder_src,634,47602554722222,,33333333
depay_src,637,47602588044444,,
parser_src,637,47602588044444,,33333333
decoder_sink,637,47602588044444,,33333333
decoder_src,635,47602588044444,,33333333
depay_src,638,47602654722222,,
parser_src,638,47602654722222,,33333333
decoder_sink,638,47602654722222,,33333333
decoder_src,636,47602621377777,,33333333
depay_src,639,47602821377777,,
parser_src,639,47602821377777,,33333333
decoder_sink,639,47602821377777,,33333333
decoder_src,637,47602654722222,,33333333
depay_src,640,47602754722222,,
parser_src,640,47602754722222,,33333333
decoder_sink,640,47602754722222,,33333333
decoder_src,638,47602688044444,,33333333
depay_src,641,47602721377777,,
parser_src,641,47602721377777,,33333333
decoder_sink,641,47602721377777,,33333333
decoder_src,639,47602721377777,,33333333
depay_src,642,47602788044444,,
parser_src,642,47602788044444,,33333333
decoder_sink,642,47602788044444,,33333333
decoder_src,640,47602754722222,,33333333
depay_src,643,47602954722222,,
parser_src,643,47602954722222,,33333333
decoder_sink,643,47602954722222,,33333333
decoder_src,641,47602788044444,,33333333
depay_src,644,47602888044444,,
parser_src,644,47602888044444,,33333333
decoder_sink,644,47602888044444,,33333333
decoder_src,642,47602821377777,,33333333
depay_src,645,47602854722222,,
parser_src,645,47602854722222,,33333333
decoder_sink,645,47602854722222,,33333333
decoder_src,643,47602854722222,,33333333
depay_src,646,47602921377777,,
parser_src,646,47602921377777,,33333333
decoder_sink,646,47602921377777,,33333333
decoder_src,644,47602888044444,,33333333
depay_src,647,47603088044444,,
parser_src,647,47603088044444,,33333333
decoder_sink,647,47603088044444,,33333333
decoder_src,645,47602921377777,,33333333
depay_src,648,47603021377777,,
parser_src,648,47603021377777,,33333333
decoder_sink,648,47603021377777,,33333333
decoder_src,646,47602954722222,,33333333
depay_src,649,47602988044444,,
parser_src,649,47602988044444,,33333333
decoder_sink,649,47602988044444,,33333333
decoder_src,647,47602988044444,,33333333
depay_src,650,47603054722222,,
parser_src,650,47603054722222,,33333333
decoder_sink,650,47603054722222,,33333333
decoder_src,648,47603021377777,,33333333
depay_src,651,47603188044444,,
parser_src,651,47603188044444,,33333333
decoder_sink,651,47603188044444,,33333333
decoder_src,649,47603054722222,,33333333
depay_src,652,47603121377777,,
parser_src,652,47603121377777,,33333333
decoder_sink,652,47603121377777,,33333333
decoder_src,650,47603088044444,,33333333
depay_src,653,47603154722222,,
parser_src,653,47603154722222,,33333333
decoder_sink,653,47603154722222,,33333333
decoder_src,651,47603121377777,,33333333
depay_src,654,47603221377777,,
parser_src,654,47603221377777,,33333333
decoder_sink,654,47603221377777,,33333333
decoder_src,652,47603154722222,,33333333
depay_src,655,47603354722222,,
parser_src,655,47603354722222,,33333333
decoder_sink,655,47603354722222,,33333333
decoder_src,653,47603188044444,,33333333
depay_src,656,47603288044444,,
parser_src,656,47603288044444,,33333333
decoder_sink,656,47603288044444,,33333333
decoder_src,654,47603221377777,,33333333
depay_src,657,47603254722222,,
parser_src,657,47603254722222,,33333333
decoder_sink,657,47603254722222,,33333333
decoder_src,655,47603254722222,,33333333
depay_src,658,47603321377777,,
parser_src,658,47603321377777,,33333333
decoder_sink,658,47603321377777,,33333333
decoder_src,656,47603288044444,,33333333
depay_src,659,47603454722222,,
parser_src,659,47603454722222,,33333333
decoder_sink,659,47603454722222,,33333333
decoder_src,657,47603321377777,,33333333
depay_src,660,47603388044444,,
parser_src,660,47603388044444,,33333333
decoder_sink,660,47603388044444,,33333333
decoder_src,658,47603354722222,,33333333
depay_src,661,47603421377777,,
parser_src,661,47603421377777,,33333333
decoder_sink,661,47603421377777,,33333333
decoder_src,659,47603388044444,,33333333
depay_src,662,47603588044444,,
parser_src,662,47603588044444,,33333333
decoder_sink,662,47603588044444,,33333333
decoder_src,660,47603421377777,,33333333
depay_src,663,47603521377777,,
parser_src,663,47603521377777,,33333333
decoder_sink,663,47603521377777,,33333333
decoder_src,661,47603454722222,,33333333
depay_src,664,47603488044444,,
parser_src,664,47603488044444,,33333333
decoder_sink,664,47603488044444,,33333333
decoder_src,662,47603488044444,,33333333
depay_src,665,47603554722222,,
parser_src,665,47603554722222,,33333333
decoder_sink,665,47603554722222,,33333333
decoder_src,663,47603521377777,,33333333
depay_src,666,47603688044444,,
parser_src,666,47603688044444,,33333333
decoder_sink,666,47603688044444,,33333333
decoder_src,664,47603554722222,,33333333
depay_src,667,47603621377777,,
parser_src,667,47603621377777,,33333333
decoder_sink,667,47603621377777,,33333333
decoder_src,665,47603588044444,,33333333
depay_src,668,47603654722222,,
parser_src,668,47603654722222,,33333333
decoder_sink,668,47603654722222,,33333333
decoder_src,666,47603621377777,,33333333
depay_src,669,47603754722222,,
parser_src,669,47603754722222,,33333333
decoder_sink,669,47603754722222,,33333333
decoder_src,667,47603654722222,,33333333
depay_src,670,47603721377777,,
parser_src,670,47603721377777,,33333333
decoder_sink,670,47603721377777,,33333333
decoder_src,668,47603688044444,,33333333
depay_src,671,47603888044444,,
parser_src,671,47603888044444,,33333333
decoder_sink,671,47603888044444,,33333333
decoder_src,669,47603721377777,,33333333
depay_src,672,47603821377777,,
parser_src,672,47603821377777,,33333333
decoder_sink,672,47603821377777,,33333333
decoder_src,670,47603754722222,,33333333
depay_src,673,47603788044444,,
parser_src,673,47603788044444,,33333333
decoder_sink,673,47603788044444,,33333333
decoder_src,671,47603788044444,,33333333
depay_src,674,47603854722222,,
parser_src,674,47603854722222,,33333333
decoder_sink,674,47603854722222,,33333333
decoder_src,672,47603821377777,,33333333
depay_src,675,47604021377777,,
parser_src,675,47604021377777,,33333333
decoder_sink,675,47604021377777,,33333333
decoder_src,673,47603854722222,,33333333
depay_src,676,47603954722222,,
parser_src,676,47603954722222,,33333333
decoder_sink,676,47603954722222,,33333333
decoder_src,674,47603888044444,,33333333
depay_src,677,47603921377777,,
parser_src,677,47603921377777,,33333333
decoder_sink,677,47603921377777,,33333333
decoder_src,675,47603921377777,,33333333
depay_src,678,47603988044444,,
parser_src,678,47603988044444,,33333333
decoder_sink,678,47603988044444,,33333333
decoder_src,676,47603954722222,,33333333
depay_src,679,47604154722222,,
parser_src,679,47604154722222,,33333333
decoder_sink,679,47604154722222,,33333333
decoder_src,677,47603988044444,,33333333
depay_src,680,47604088044444,,
parser_src,680,47604088044444,,33333333
decoder_sink,680,47604088044444,,33333333
decoder_src,678,47604021377777,,33333333
depay_src,681,47604054722222,,
parser_src,681,47604054722222,,33333333
decoder_sink,681,47604054722222,,33333333
decoder_src,679,47604054722222,,33333333
depay_src,682,47604121377777,,
parser_src,682,47604121377777,,33333333
decoder_sink,682,47604121377777,,33333333
decoder_src,680,47604088044444,,33333333
depay_src,683,47604288044444,,
parser_src,683,47604288044444,,33333333
decoder_sink,683,47604288044444,,33333333
decoder_src,681,47604121377777,,33333333
depay_src,684,47604221377777,,
parser_src,684,47604221377777,,33333333
decoder_sink,684,47604221377777,,33333333
decoder_src,682,47604154722222,,33333333
depay_src,685,47604188044444,,
parser_src,685,47604188044444,,33333333
decoder_sink,685,47604188044444,,33333333
decoder_src,683,47604188044444,,33333333
depay_src,686,47604254722222,,
parser_src,686,47604254722222,,33333333
decoder_sink,686,47604254722222,,33333333
decoder_src,684,47604221377777,,33333333
depay_src,687,47604421377777,,
parser_src,687,47604421377777,,33333333
decoder_sink,687,47604421377777,,33333333
decoder_src,685,47604254722222,,33333333
depay_src,688,47604354722222,,
parser_src,688,47604354722222,,33333333
decoder_sink,688,47604354722222,,33333333
decoder_src,686,47604288044444,,33333333
depay_src,689,47604321377777,,
parser_src,689,47604321377777,,33333333
decoder_sink,689,47604321377777,,33333333
decoder_src,687,47604321377777,,33333333
depay_src,690,47604388044444,,
parser_src,690,47604388044444,,33333333
decoder_sink,690,47604388044444,,33333333
decoder_src,688,47604354722222,,33333333
depay_src,691,47604554722222,,
parser_src,691,47604554722222,,33333333
decoder_sink,691,47604554722222,,33333333
decoder_src,689,47604388044444,,33333333
depay_src,692,47604488044444,,
parser_src,692,47604488044444,,33333333
decoder_sink,692,47604488044444,,33333333
decoder_src,690,47604421377777,,33333333
depay_src,693,47604454722222,,
parser_src,693,47604454722222,,33333333
decoder_sink,693,47604454722222,,33333333
decoder_src,691,47604454722222,,33333333
depay_src,694,47604521377777,,
parser_src,694,47604521377777,,33333333
decoder_sink,694,47604521377777,,33333333
decoder_src,692,47604488044444,,33333333
depay_src,695,47604654722222,,
parser_src,695,47604654722222,,33333333
decoder_sink,695,47604654722222,,33333333
decoder_src,693,47604521377777,,33333333
depay_src,696,47604588044444,,
parser_src,696,47604588044444,,33333333
decoder_sink,696,47604588044444,,33333333
decoder_src,694,47604554722222,,33333333
depay_src,697,47604621377777,,
parser_src,697,47604621377777,,33333333
decoder_sink,697,47604621377777,,33333333
decoder_src,695,47604588044444,,33333333
depay_src,698,47604788044444,,
parser_src,698,47604788044444,,33333333
decoder_sink,698,47604788044444,,33333333
decoder_src,696,47604621377777,,33333333
depay_src,699,47604721377777,,
parser_src,699,47604721377777,,33333333
decoder_sink,699,47604721377777,,33333333
decoder_src,697,47604654722222,,33333333
depay_src,700,47604688044444,,
parser_src,700,47604688044444,,33333333
decoder_sink,700,47604688044444,,33333333
decoder_src,698,47604688044444,,33333333
depay_src,701,47604754722222,,
parser_src,701,47604754722222,,33333333
decoder_sink,701,47604754722222,,33333333
decoder_src,699,47604721377777,,33333333
depay_src,702,47604921377777,,
parser_src,702,47604921377777,,33333333
decoder_sink,702,47604921377777,,33333333
decoder_src,700,47604754722222,,33333333
depay_src,703,47604854722222,,
parser_src,703,47604854722222,,33333333
decoder_sink,703,47604854722222,,33333333
decoder_src,701,47604788044444,,33333333
depay_src,704,47604821377777,,
parser_src,704,47604821377777,,33333333
decoder_sink,704,47604821377777,,33333333
decoder_src,702,47604821377777,,33333333
depay_src,705,47604888044444,,
parser_src,705,47604888044444,,33333333
decoder_sink,705,47604888044444,,33333333
decoder_src,703,47604854722222,,33333333
depay_src,706,47605054722222,,
parser_src,706,47605054722222,,33333333
decoder_sink,706,47605054722222,,33333333
decoder_src,704,47604888044444,,33333333
depay_src,707,47604988044444,,
parser_src,707,47604988044444,,33333333
decoder_sink,707,47604988044444,,33333333
decoder_src,705,47604921377777,,33333333
depay_src,708,47604954722222,,
parser_src,708,47604954722222,,33333333
decoder_sink,708,47604954722222,,33333333
decoder_src,706,47604954722222,,33333333
depay_src,709,47605021377777,,
parser_src,709,47605021377777,,33333333
decoder_sink,709,47605021377777,,33333333
decoder_src,707,47604988044444,,33333333
depay_src,710,47605188044444,,
parser_src,710,47605188044444,,33333333
decoder_sink,710,47605188044444,,33333333
decoder_src,708,47605021377777,,33333333
depay_src,711,47605121377777,,
parser_src,711,47605121377777,,33333333
decoder_sink,711,47605121377777,,33333333
decoder_src,709,47605054722222,,33333333
depay_src,712,47605088044444,,
parser_src,712,47605088044444,,33333333
decoder_sink,712,47605088044444,,33333333
decoder_src,710,47605088044444,,33333333
depay_src,713,47605154722222,,
parser_src,713,47605154722222,,33333333
decoder_sink,713,47605154722222,,33333333
decoder_src,711,47605121377777,,33333333
depay_src,714,47605321377777,,
parser_src,714,47605321377777,,33333333
decoder_sink,714,47605321377777,,33333333
decoder_src,712,47605154722222,,33333333
depay_src,715,47605254722222,,
parser_src,715,47605254722222,,33333333
decoder_sink,715,47605254722222,,33333333
decoder_src,713,47605188044444,,33333333
depay_src,716,47605221377777,,
parser_src,716,47605221377777,,33333333
decoder_sink,716,47605221377777,,33333333
decoder_src,714,47605221377777,,33333333
depay_src,717,47605288044444,,
parser_src,717,47605288044444,,33333333
decoder_sink,717,47605288044444,,33333333
decoder_src,715,47605254722222,,33333333
depay_src,718,47605454722222,,
parser_src,718,47605454722222,,33333333
decoder_sink,718,47605454722222,,33333333
decoder_src,716,47605288044444,,33333333
depay_src,719,47605388044444,,
parser_src,719,47605388044444,,33333333
decoder_sink,719,47605388044444,,33333333
decoder_src,717,47605321377777,,33333333
depay_src,720,47605354722222,,
parser_src,720,47605354722222,,33333333
decoder_sink,720,47605354722222,,33333333
decoder_src,718,47605354722222,,33333333
depay_src,721,47605421377777,,
parser_src,721,47605421377777,,33333333
decoder_sink,721,47605421377777,,33333333
decoder_src,719,47605388044444,,33333333
depay_src,722,47605588044444,,
parser_src,722,47605588044444,,33333333
decoder_sink,722,47605588044444,,33333333
decoder_src,720,47605421377777,,33333333
depay_src,723,47605521377777,,
parser_src,723,47605521377777,,33333333
decoder_sink,723,47605521377777,,33333333
decoder_src,721,47605454722222,,33333333
depay_src,724,47605488044444,,
parser_src,724,47605488044444,,33333333
decoder_sink,724,47605488044444,,33333333
decoder_src,722,47605488044444,,33333333
depay_src,725,47605554722222,,
parser_src,725,47605554722222,,33333333
decoder_sink,725,47605554722222,,33333333
decoder_src,723,47605521377777,,33333333
depay_src,726,47605721377777,,
parser_src,726,47605721377777,,33333333
decoder_sink,726,47605721377777,,33333333
decoder_src,724,47605554722222,,33333333
depay_src,727,47605654722222,,
parser_src,727,47605654722222,,33333333
decoder_sink,727,47605654722222,,33333333
decoder_src,725,47605588044444,,33333333
depay_src,728,47605621377777,,
parser_src,728,47605621377777,,33333333
decoder_sink,728,47605621377777,,33333333
decoder_src,726,47605621377777,,33333333
depay_src,729,47605688044444,,
parser_src,729,47605688044444,,33333333
decoder_sink,729,47605688044444,,33333333
decoder_src,727,47605654722222,,33333333
depay_src,730,47605854722222,,
parser_src,730,47605854722222,,33333333
decoder_sink,730,47605854722222,,33333333
decoder_src,728,47605688044444,,33333333
depay_src,731,47605788044444,,
parser_src,731,47605788044444,,33333333
decoder_sink,731,47605788044444,,33333333
decoder_src,729,47605721377777,,33333333
depay_src,732,47605754722222,,
parser_src,732,47605754722222,,33333333
decoder_sink,732,47605754722222,,33333333
decoder_src,730,47605754722222,,33333333
depay_src,733,47605821377777,,
parser_src,733,47605821377777,,33333333
decoder_sink,733,47605821377777,,33333333
decoder_src,731,47605788044444,,33333333
depay_src,734,47605988044444,,
parser_src,734,47605988044444,,33333333
decoder_sink,734,47605988044444,,33333333
decoder_src,732,47605821377777,,33333333
depay_src,735,47605921377777,,
parser_src,735,47605921377777,,33333333
decoder_sink,735,47605921377777,,33333333
decoder_src,733,47605854722222,,33333333
depay_src,736,47605888044444,,
parser_src,736,47605888044444,,33333333
decoder_sink,736,47605888044444,,33333333
decoder_src,734,47605888044444,,33333333
depay_src,737,47605954722222,,
parser_src,737,47605954722222,,33333333
decoder_sink,737,47605954722222,,33333333
decoder_src,735,47605921377777,,33333333
depay_src,738,47606121377777,,
parser_src,738,47606121377777,,33333333
decoder_sink,738,47606121377777,,33333333
decoder_src,736,47605954722222,,33333333
depay_src,739,47606054722222,,
parser_src,739,47606054722222,,33333333
decoder_sink,739,47606054722222,,33333333
decoder_src,737,47605988044444,,33333333
depay_src,740,47606021377777,,
parser_src,740,47606021377777,,33333333
decoder_sink,740,47606021377777,,33333333
decoder_src,738,47606021377777,,33333333
depay_src,741,47606088044444,,
parser_src,741,47606088044444,,33333333
decoder_sink,741,47606088044444,,33333333
decoder_src,739,47606054722222,,33333333
depay_src,742,47606254722222,,
parser_src,742,47606254722222,,33333333
decoder_sink,742,47606254722222,,33333333
decoder_src,740,47606088044444,,33333333
depay_src,743,47606188044444,,
parser_src,743,47606188044444,,33333333
decoder_sink,743,47606188044444,,33333333
decoder_src,741,47606121377777,,33333333
depay_src,744,47606154722222,,
parser_src,744,47606154722222,,33333333
decoder_sink,744,47606154722222,,33333333
decoder_src,742,47606154722222,,33333333
depay_src,745,47606221377777,,
parser_src,745,47606221377777,,33333333
decoder_sink,745,47606221377777,,33333333
decoder_src,743,47606188044444,,33333333
depay_src,746,47606388044444,,
parser_src,746,47606388044444,,33333333
decoder_sink,746,47606388044444,,33333333
decoder_src,744,47606221377777,,33333333
depay_src,747,47606321377777,,
parser_src,747,47606321377777,,33333333
decoder_sink,747,47606321377777,,33333333
decoder_src,745,47606254722222,,33333333
depay_src,748,47606288044444,,
parser_src,748,47606288044444,,33333333
decoder_sink,748,47606288044444,,33333333
decoder_src,746,47606288044444,,33333333
depay_src,749,47606354722222,,
parser_src,749,47606354722222,,33333333
decoder_sink,749,47606354722222,,33333333
decoder_src,747,47606321377777,,33333333
depay_src,750,47606521377777,,
parser_src,750,47606521377777,,33333333
decoder_sink,750,47606521377777,,33333333
decoder_src,748,47606354722222,,33333333
depay_src,751,47606454722222,,
parser_src,751,47606454722222,,33333333
decoder_sink,751,47606454722222,,33333333
decoder_src,749,47606388044444,,33333333
depay_src,752,47606421377777,,
parser_src,752,47606421377777,,33333333
decoder_sink,752,47606421377777,,33333333
decoder_src,750,47606421377777,,33333333
depay_src,753,47606488044444,,
parser_src,753,47606488044444,,33333333
decoder_sink,753,47606488044444,,33333333
decoder_src,751,47606454722222,,33333333
depay_src,754,47606654722222,,
parser_src,754,47606654722222,,33333333
decoder_sink,754,47606654722222,,33333333
decoder_src,752,47606488044444,,33333333
depay_src,755,47606588044444,,
parser_src,755,47606588044444,,33333333
decoder_sink,755,47606588044444,,33333333
decoder_src,753,47606521377777,,33333333
depay_src,756,47606554722222,,
parser_src,756,47606554722222,,33333333
decoder_sink,756,47606554722222,,33333333
decoder_src,754,47606554722222,,33333333
depay_src,757,47606621377777,,
parser_src,757,47606621377777,,33333333
decoder_sink,757,47606621377777,,33333333
decoder_src,755,47606588044444,,33333333
depay_src,758,47606788044444,,
parser_src,758,47606788044444,,33333333
decoder_sink,758,47606788044444,,33333333
decoder_src,756,47606621377777,,33333333
depay_src,759,47606721377777,,
parser_src,759,47606721377777,,33333333
decoder_sink,759,47606721377777,,33333333
decoder_src,757,47606654722222,,33333333
depay_src,760,47606688044444,,
parser_src,760,47606688044444,,33333333
decoder_sink,760,47606688044444,,33333333
decoder_src,758,47606688044444,,33333333
depay_src,761,47606754722222,,
parser_src,761,47606754722222,,33333333
decoder_sink,761,47606754722222,,33333333
decoder_src,759,47606721377777,,33333333
depay_src,762,47606921377777,,
parser_src,762,47606921377777,,33333333
decoder_sink,762,47606921377777,,33333333
decoder_src,760,47606754722222,,33333333
depay_src,763,47606854722222,,
parser_src,763,47606854722222,,33333333
decoder_sink,763,47606854722222,,33333333
decoder_src,761,47606788044444,,33333333
depay_src,764,47606821377777,,
parser_src,764,47606821377777,,33333333
decoder_sink,764,47606821377777,,33333333
decoder_src,762,47606821377777,,33333333
depay_src,765,47606888044444,,
parser_src,765,47606888044444,,33333333
decoder_sink,765,47606888044444,,33333333
decoder_src,763,47606854722222,,33333333
depay_src,766,47607054722222,,
parser_src,766,47607054722222,,33333333
decoder_sink,766,47607054722222,,33333333
decoder_src,764,47606888044444,,33333333
depay_src,767,47606988044444,,
parser_src,767,47606988044444,,33333333
decoder_sink,767,47606988044444,,33333333
decoder_src,765,47606921377777,,33333333
depay_src,768,47606954722222,,
parser_src,768,47606954722222,,33333333
decoder_sink,768,47606954722222,,33333333
decoder_src,766,47606954722222,,33333333
depay_src,769,47607021377777,,
parser_src,769,47607021377777,,33333333
decoder_sink,769,47607021377777,,33333333
decoder_src,767,47606988044444,,33333333
depay_src,770,47607188044444,,
parser_src,770,47607188044444,,33333333
decoder_sink,770,47607188044444,,33333333
decoder_src,768,47607021377777,,33333333
depay_src,771,47607121377777,,
parser_src,771,47607121377777,,33333333
decoder_sink,771,47607121377777,,33333333
decoder_src,769,47607054722222,,33333333
depay_src,772,47607088044444,,
parser_src,772,47607088044444,,33333333
decoder_sink,772,47607088044444,,33333333
decoder_src,770,47607088044444,,33333333
depay_src,773,47607154722222,,
parser_src,773,47607154722222,,33333333
decoder_sink,773,47607154722222,,33333333
decoder_src,771,47607121377777,,33333333
depay_src,774,47607321377777,,
parser_src,774,47607321377777,,33333333
decoder_sink,774,47607321377777,,33333333
decoder_src,772,47607154722222,,33333333
depay_src,775,47607254722222,,
parser_src,775,47607254722222,,33333333
decoder_sink,775,47607254722222,,33333333
decoder_src,773,47607188044444,,33333333
depay_src,776,47607221377777,,
parser_src,776,47607221377777,,33333333
decoder_sink,776,47607221377777,,33333333
decoder_src,774,47607221377777,,33333333
depay_src,777,47607288044444,,
parser_src,777,47607288044444,,33333333
decoder_sink,777,47607288044444,,33333333
decoder_src,775,47607254722222,,33333333
depay_src,778,47607454722222,,
parser_src,778,47607454722222,,33333333
decoder_sink,778,47607454722222,,33333333
decoder_src,776,47607288044444,,33333333
depay_src,779,47607388044444,,
parser_src,779,47607388044444,,33333333
decoder_sink,779,47607388044444,,33333333
decoder_src,777,47607321377777,,33333333
depay_src,780,47607354722222,,
parser_src,780,47607354722222,,33333333
decoder_sink,780,47607354722222,,33333333
decoder_src,778,47607354722222,,33333333
depay_src,781,47607421377777,,
parser_src,781,47607421377777,,33333333
decoder_sink,781,47607421377777,,33333333
decoder_src,779,47607388044444,,33333333
depay_src,782,47607588044444,,
parser_src,782,47607588044444,,33333333
decoder_sink,782,47607588044444,,33333333
decoder_src,780,47607421377777,,33333333
depay_src,783,47607521377777,,
parser_src,783,47607521377777,,33333333
decoder_sink,783,47607521377777,,33333333
decoder_src,781,47607454722222,,33333333
depay_src,784,47607488044444,,
parser_src,784,47607488044444,,33333333
decoder_sink,784,47607488044444,,33333333
decoder_src,782,47607488044444,,33333333
depay_src,785,47607554722222,,
parser_src,785,47607554722222,,33333333
decoder_sink,785,47607554722222,,33333333
decoder_src,783,47607521377777,,33333333
depay_src,786,47607721377777,,
parser_src,786,47607721377777,,33333333
decoder_sink,786,47607721377777,,33333333
decoder_src,784,47607554722222,,33333333
depay_src,787,47607654722222,,
parser_src,787,47607654722222,,33333333
decoder_sink,787,47607654722222,,33333333
decoder_src,785,47607588044444,,33333333
depay_src,788,47607621377777,,
parser_src,788,47607621377777,,33333333
decoder_sink,788,47607621377777,,33333333
decoder_src,786,47607621377777,,33333333
depay_src,789,47607688044444,,
parser_src,789,47607688044444,,33333333
decoder_sink,789,47607688044444,,33333333
decoder_src,787,47607654722222,,33333333
depay_src,790,47607854722222,,
parser_src,790,47607854722222,,33333333
decoder_sink,790,47607854722222,,33333333
decoder_src,788,47607688044444,,33333333
depay_src,791,47607788044444,,
parser_src,791,47607788044444,,33333333
decoder_sink,791,47607788044444,,33333333
decoder_src,789,47607721377777,,33333333
depay_src,792,47607754722222,,
parser_src,792,47607754722222,,33333333
decoder_sink,792,47607754722222,,33333333
decoder_src,790,47607754722222,,33333333
depay_src,793,47607821377777,,
parser_src,793,47607821377777,,33333333
decoder_sink,793,47607821377777,,33333333
decoder_src,791,47607788044444,,33333333
depay_src,794,47607988044444,,
parser_src,794,47607988044444,,33333333
decoder_sink,794,47607988044444,,33333333
decoder_src,792,47607821377777,,33333333
depay_src,795,47607921377777,,
parser_src,795,47607921377777,,33333333
decoder_sink,795,47607921377777,,33333333
decoder_src,793,47607854722222,,33333333
depay_src,796,47607888044444,,
parser_src,796,47607888044444,,33333333
decoder_sink,796,47607888044444,,33333333
decoder_src,794,47607888044444,,33333333
depay_src,797,47607954722222,,
parser_src,797,47607954722222,,33333333
decoder_sink,797,47607954722222,,33333333
decoder_src,795,47607921377777,,33333333
depay_src,798,47608121377777,,
parser_src,798,47608121377777,,33333333
decoder_sink,798,47608121377777,,33333333
decoder_src,796,47607954722222,,33333333
depay_src,799,47608054722222,,
parser_src,799,47608054722222,,33333333
decoder_sink,799,47608054722222,,33333333
decoder_src,797,47607988044444,,33333333
depay_src,800,47608021377777,,
parser_src,800,47608021377777,,33333333
decoder_sink,800,47608021377777,,33333333
decoder_src,798,47608021377777,,33333333
depay_src,801,47608088044444,,
parser_src,801,47608088044444,,33333333
decoder_sink,801,47608088044444,,33333333
decoder_src,799,47608054722222,,33333333
depay_src,802,47608254722222,,
parser_src,802,47608254722222,,33333333
decoder_sink,802,47608254722222,,33333333
decoder_src,800,47608088044444,,33333333
depay_src,803,47608188044444,,
parser_src,803,47608188044444,,33333333
decoder_sink,803,47608188044444,,33333333
decoder_src,801,47608121377777,,33333333
depay_src,804,47608154722222,,
parser_src,804,47608154722222,,33333333
decoder_sink,804,47608154722222,,33333333
decoder_src,802,47608154722222,,33333333
depay_src,805,47608221377777,,
parser_src,805,47608221377777,,33333333
decoder_sink,805,47608221377777,,33333333
decoder_src,803,47608188044444,,33333333
depay_src,806,47608388044444,,
parser_src,806,47608388044444,,33333333
decoder_sink,806,47608388044444,,33333333
decoder_src,804,47608221377777,,33333333
depay_src,807,47608321377777,,
parser_src,807,47608321377777,,33333333
decoder_sink,807,47608321377777,,33333333
decoder_src,805,47608254722222,,33333333
depay_src,808,47608288044444,,
parser_src,808,47608288044444,,33333333
decoder_sink,808,47608288044444,,33333333
decoder_src,806,47608288044444,,33333333
depay_src,809,47608354722222,,
parser_src,809,47608354722222,,33333333
decoder_sink,809,47608354722222,,33333333
decoder_src,807,47608321377777,,33333333
depay_src,810,47608521377777,,
parser_src,810,47608521377777,,33333333
decoder_sink,810,47608521377777,,33333333
decoder_src,808,47608354722222,,33333333
depay_src,811,47608454722222,,
parser_src,811,47608454722222,,33333333
decoder_sink,811,47608454722222,,33333333
decoder_src,809,47608388044444,,33333333
depay_src,812,47608421377777,,
parser_src,812,47608421377777,,33333333
decoder_sink,812,47608421377777,,33333333
decoder_src,810,47608421377777,,33333333
depay_src,813,47608488044444,,
parser_src,813,47608488044444,,33333333
decoder_sink,813,47608488044444,,33333333
decoder_src,811,47608454722222,,33333333
depay_src,814,47608654722222,,
parser_src,814,47608654722222,,33333333
decoder_sink,814,47608654722222,,33333333
decoder_src,812,47608488044444,,33333333
depay_src,815,47608588044444,,
parser_src,815,47608588044444,,33333333
decoder_sink,815,47608588044444,,33333333
decoder_src,813,47608521377777,,33333333
depay_src,816,47608554722222,,
parser_src,816,47608554722222,,33333333
decoder_sink,816,47608554722222,,33333333
decoder_src,814,47608554722222,,33333333
depay_src,817,47608621377777,,
parser_src,817,47608621377777,,33333333
decoder_sink,817,47608621377777,,33333333
decoder_src,815,47608588044444,,33333333
depay_src,818,47608788044444,,
parser_src,818,47608788044444,,33333333
decoder_sink,818,47608788044444,,33333333
decoder_src,816,47608621377777,,33333333
depay_src,819,47608721377777,,
parser_src,819,47608721377777,,33333333
decoder_sink,819,47608721377777,,33333333
decoder_src,817,47608654722222,,33333333
depay_src,820,47608688044444,,
parser_src,820,47608688044444,,33333333
decoder_sink,820,47608688044444,,33333333
decoder_src,818,47608688044444,,33333333
depay_src,821,47608754722222,,
parser_src,821,47608754722222,,33333333
decoder_sink,821,47608754722222,,33333333
decoder_src,819,47608721377777,,33333333
depay_src,822,47608921377777,,
parser_src,822,47608921377777,,33333333
decoder_sink,822,47608921377777,,33333333
decoder_src,820,47608754722222,,33333333
depay_src,823,47608854722222,,
parser_src,823,47608854722222,,33333333
decoder_sink,823,47608854722222,,33333333
decoder_src,821,47608788044444,,33333333
depay_src,824,47608821377777,,
parser_src,824,47608821377777,,33333333
decoder_sink,824,47608821377777,,33333333
decoder_src,822,47608821377777,,33333333
depay_src,825,47608888044444,,
parser_src,825,47608888044444,,33333333
decoder_sink,825,47608888044444,,33333333
decoder_src,823,47608854722222,,33333333
depay_src,826,47609054722222,,
parser_src,826,47609054722222,,33333333
decoder_sink,826,47609054722222,,33333333
decoder_src,824,47608888044444,,33333333
depay_src,827,47608988044444,,
parser_src,827,47608988044444,,33333333
decoder_sink,827,47608988044444,,33333333
decoder_src,825,47608921377777,,33333333
depay_src,828,47608954722222,,
parser_src,828,47608954722222,,33333333
decoder_sink,828,47608954722222,,33333333
decoder_src,826,47608954722222,,33333333
depay_src,829,47609021377777,,
parser_src,829,47609021377777,,33333333
decoder_sink,829,47609021377777,,33333333
decoder_src,827,47608988044444,,33333333
depay_src,830,47609188044444,,
parser_src,830,47609188044444,,33333333
decoder_sink,830,47609188044444,,33333333
decoder_src,828,47609021377777,,33333333
depay_src,831,47609121377777,,
parser_src,831,47609121377777,,33333333
decoder_sink,831,47609121377777,,33333333
decoder_src,829,47609054722222,,33333333
depay_src,832,47609088044444,,
parser_src,832,47609088044444,,33333333
decoder_sink,832,47609088044444,,33333333
decoder_src,830,47609088044444,,33333333
depay_src,833,47609154722222,,
parser_src,833,47609154722222,,33333333
decoder_sink,833,47609154722222,,33333333
decoder_src,831,47609121377777,,33333333
depay_src,834,47609321377777,,
parser_src,834,47609321377777,,33333333
decoder_sink,834,47609321377777,,33333333
decoder_src,832,47609154722222,,33333333
depay_src,835,47609254722222,,
parser_src,835,47609254722222,,33333333
decoder_sink,835,47609254722222,,33333333
decoder_src,833,47609188044444,,33333333
depay_src,836,47609221377777,,
parser_src,836,47609221377777,,33333333
decoder_sink,836,47609221377777,,33333333
decoder_src,834,47609221377777,,33333333
depay_src,837,47609288044444,,
parser_src,837,47609288044444,,33333333
decoder_sink,837,47609288044444,,33333333
decoder_src,835,47609254722222,,33333333
depay_src,838,47609454722222,,
parser_src,838,47609454722222,,33333333
decoder_sink,838,47609454722222,,33333333
decoder_src,836,47609288044444,,33333333
depay_src,839,47609388044444,,
parser_src,839,47609388044444,,33333333
decoder_sink,839,47609388044444,,33333333
decoder_src,837,47609321377777,,33333333
depay_src,840,47609354722222,,
parser_src,840,47609354722222,,33333333
decoder_sink,840,47609354722222,,33333333
decoder_src,838,47609354722222,,33333333
depay_src,841,47609421377777,,
parser_src,841,47609421377777,,33333333
decoder_sink,841,47609421377777,,33333333
decoder_src,839,47609388044444,,33333333
depay_src,842,47609588044444,,
parser_src,842,47609588044444,,33333333
decoder_sink,842,47609588044444,,33333333
decoder_src,840,47609421377777,,33333333
depay_src,843,47609521377777,,
parser_src,843,47609521377777,,33333333
decoder_sink,843,47609521377777,,33333333
decoder_src,841,47609454722222,,33333333
depay_src,844,47609488044444,,
parser_src,844,47609488044444,,33333333
decoder_sink,844,47609488044444,,33333333
decoder_src,842,47609488044444,,33333333
depay_src,845,47609554722222,,
parser_src,845,47609554722222,,33333333
decoder_sink,845,47609554722222,,33333333
decoder_src,843,47609521377777,,33333333
depay_src,846,47609721377777,,
parser_src,846,47609721377777,,33333333
decoder_sink,846,47609721377777,,33333333
decoder_src,844,47609554722222,,33333333
depay_src,847,47609654722222,,
parser_src,847,47609654722222,,33333333
decoder_sink,847,47609654722222,,33333333
decoder_src,845,47609588044444,,33333333
depay_src,848,47609621377777,,
parser_src,848,47609621377777,,33333333
decoder_sink,848,47609621377777,,33333333
decoder_src,846,47609621377777,,33333333
depay_src,849,47609688044444,,
parser_src,849,47609688044444,,33333333
decoder_sink,849,47609688044444,,33333333
decoder_src,847,47609654722222,,33333333
depay_src,850,47609854722222,,
parser_src,850,47609854722222,,33333333
decoder_sink,850,47609854722222,,33333333
decoder_src,848,47609688044444,,33333333
depay_src,851,47609788044444,,
parser_src,851,47609788044444,,33333333
decoder_sink,851,47609788044444,,33333333
decoder_src,849,47609721377777,,33333333
depay_src,852,47609754722222,,
parser_src,852,47609754722222,,33333333
decoder_sink,852,47609754722222,,33333333
decoder_src,850,47609754722222,,33333333
depay_src,853,47609821377777,,
parser_src,853,47609821377777,,33333333
decoder_sink,853,47609821377777,,33333333
decoder_src,851,47609788044444,,33333333
depay_src,854,47609988044444,,
parser_src,854,47609988044444,,33333333
decoder_sink,854,47609988044444,,33333333
decoder_src,852,47609821377777,,33333333
depay_src,855,47609921377777,,
parser_src,855,47609921377777,,33333333
decoder_sink,855,47609921377777,,33333333
decoder_src,853,47609854722222,,33333333
depay_src,856,47609888044444,,
parser_src,856,47609888044444,,33333333
decoder_sink,856,47609888044444,,33333333
decoder_src,854,47609888044444,,33333333
depay_src,857,47609954722222,,
parser_src,857,47609954722222,,33333333
decoder_sink,857,47609954722222,,33333333
decoder_src,855,47609921377777,,33333333
depay_src,858,47610121377777,,
parser_src,858,47610121377777,,33333333
decoder_sink,858,47610121377777,,33333333
decoder_src,856,47609954722222,,33333333
depay_src,859,47610054722222,,
parser_src,859,47610054722222,,33333333
decoder_sink,859,47610054722222,,33333333
decoder_src,857,47609988044444,,33333333
depay_src,860,47610021377777,,
parser_src,860,47610021377777,,33333333
decoder_sink,860,47610021377777,,33333333
decoder_src,858,47610021377777,,33333333
depay_src,861,47610088044444,,
parser_src,861,47610088044444,,33333333
decoder_sink,861,47610088044444,,33333333
decoder_src,859,47610054722222,,33333333
depay_src,862,47610254722222,,
parser_src,862,47610254722222,,33333333
decoder_sink,862,47610254722222,,33333333
decoder_src,860,47610088044444,,33333333
depay_src,863,47610188044444,,
parser_src,863,47610188044444,,33333333
decoder_sink,863,47610188044444,,33333333
decoder_src,861,47610121377777,,33333333
depay_src,864,47610154722222,,
parser_src,864,47610154722222,,33333333
decoder_sink,864,47610154722222,,33333333
decoder_src,862,47610154722222,,33333333
depay_src,865,47610221377777,,
parser_src,865,47610221377777,,33333333
decoder_sink,865,47610221377777,,33333333
decoder_src,863,47610188044444,,33333333
depay_src,866,47610388044444,,
parser_src,866,47610388044444,,33333333
decoder_sink,866,47610388044444,,33333333
decoder_src,864,47610221377777,,33333333
depay_src,867,47610321377777,,
parser_src,867,47610321377777,,33333333
decoder_sink,867,47610321377777,,33333333
decoder_src,865,47610254722222,,33333333
depay_src,868,47610288044444,,
parser_src,868,47610288044444,,33333333
decoder_sink,868,47610288044444,,33333333
decoder_src,866,47610288044444,,33333333
depay_src,869,47610354722222,,
parser_src,869,47610354722222,,33333333
decoder_sink,869,47610354722222,,33333333
decoder_src,867,47610321377777,,33333333
depay_src,870,47610521377777,,
parser_src,870,47610521377777,,33333333
decoder_sink,870,47610521377777,,33333333
decoder_src,868,47610354722222,,33333333
depay_src,871,47610454722222,,
parser_src,871,47610454722222,,33333333
decoder_sink,871,47610454722222,,33333333
decoder_src,869,47610388044444,,33333333
depay_src,872,47610421377777,,
parser_src,872,47610421377777,,33333333
decoder_sink,872,47610421377777,,33333333
decoder_src,870,47610421377777,,33333333
depay_src,873,47610488044444,,
parser_src,873,47610488044444,,33333333
decoder_sink,873,47610488044444,,33333333
decoder_src,871,47610454722222,,33333333
depay_src,874,47610654722222,,
parser_src,874,47610654722222,,33333333
decoder_sink,874,47610654722222,,33333333
decoder_src,872,47610488044444,,33333333
depay_src,875,47610588044444,,
parser_src,875,47610588044444,,33333333
decoder_sink,875,47610588044444,,33333333
decoder_src,873,47610521377777,,33333333
depay_src,876,47610554722222,,
parser_src,876,47610554722222,,33333333
decoder_sink,876,47610554722222,,33333333
decoder_src,874,47610554722222,,33333333
depay_src,877,47610621377777,,
parser_src,877,47610621377777,,33333333
decoder_sink,877,47610621377777,,33333333
decoder_src,875,47610588044444,,33333333
depay_src,878,47610788044444,,
parser_src,878,47610788044444,,33333333
decoder_sink,878,47610788044444,,33333333
decoder_src,876,47610621377777,,33333333
depay_src,879,47610721377777,,
parser_src,879,47610721377777,,33333333
decoder_sink,879,47610721377777,,33333333
decoder_src,877,47610654722222,,33333333
depay_src,880,47610688044444,,
parser_src,880,47610688044444,,33333333
decoder_sink,880,47610688044444,,33333333
decoder_src,878,47610688044444,,33333333
depay_src,881,47610754722222,,
parser_src,881,47610754722222,,33333333
decoder_sink,881,47610754722222,,33333333
decoder_src,879,47610721377777,,33333333
depay_src,882,47610921377777,,
parser_src,882,47610921377777,,33333333
decoder_sink,882,47610921377777,,33333333
decoder_src,880,47610754722222,,33333333
depay_src,883,47610854722222,,
parser_src,883,47610854722222,,33333333
decoder_sink,883,47610854722222,,33333333
decoder_src,881,47610788044444,,33333333
depay_src,884,47610821377777,,
parser_src,884,47610821377777,,33333333
decoder_sink,884,47610821377777,,33333333
decoder_src,882,47610821377777,,33333333
depay_src,885,47610888044444,,
parser_src,885,47610888044444,,33333333
decoder_sink,885,47610888044444,,33333333
decoder_src,883,47610854722222,,33333333
depay_src,886,47611054722222,,
parser_src,886,47611054722222,,33333333
decoder_sink,886,47611054722222,,33333333
decoder_src,884,47610888044444,,33333333
depay_src,887,47610988044444,,
parser_src,887,47610988044444,,33333333
decoder_sink,887,47610988044444,,33333333
decoder_src,885,47610921377777,,33333333
depay_src,888,47610954722222,,
parser_src,888,47610954722222,,33333333
decoder_sink,888,47610954722222,,33333333
decoder_src,886,47610954722222,,33333333
depay_src,889,47611021377777,,
parser_src,889,47611021377777,,33333333
decoder_sink,889,47611021377777,,33333333
decoder_src,887,47610988044444,,33333333
depay_src,890,47611188044444,,
parser_src,890,47611188044444,,33333333
decoder_sink,890,47611188044444,,33333333
decoder_src,888,47611021377777,,33333333
depay_src,891,47611121377777,,
parser_src,891,47611121377777,,33333333
decoder_sink,891,47611121377777,,33333333
decoder_src,889,47611054722222,,33333333
depay_src,892,47611088044444,,
parser_src,892,47611088044444,,33333333
decoder_sink,892,47611088044444,,33333333
decoder_src,890,47611088044444,,33333333
depay_src,893,47611154722222,,
parser_src,893,47611154722222,,33333333
decoder_sink,893,47611154722222,,33333333
decoder_src,891,47611121377777,,33333333
depay_src,894,47611321377777,,
parser_src,894,47611321377777,,33333333
decoder_sink,894,47611321377777,,33333333
decoder_src,892,47611154722222,,33333333
depay_src,895,47611254722222,,
parser_src,895,47611254722222,,33333333
decoder_sink,895,47611254722222,,33333333
decoder_src,893,47611188044444,,33333333
depay_src,896,47611221377777,,
parser_src,896,47611221377777,,33333333
decoder_sink,896,47611221377777,,33333333
decoder_src,894,47611221377777,,33333333
depay_src,897,47611288044444,,
parser_src,897,47611288044444,,33333333
decoder_sink,897,47611288044444,,33333333
decoder_src,895,47611254722222,,33333333
depay_src,898,47611454722222,,
parser_src,898,47611454722222,,33333333
decoder_sink,898,47611454722222,,33333333
decoder_src,896,47611288044444,,33333333
depay_src,899,47611388044444,,
parser_src,899,47611388044444,,33333333
decoder_sink,899,47611388044444,,33333333
decoder_src,897,47611321377777,,33333333
depay_src,900,47611354722222,,
parser_src,900,47611354722222,,33333333
decoder_sink,900,47611354722222,,33333333
decoder_src,898,47611354722222,,33333333
depay_src,901,47611421377777,,
parser_src,901,47611421377777,,33333333
decoder_sink,901,47611421377777,,33333333
decoder_src,899,47611388044444,,33333333
depay_src,902,47611588044444,,
parser_src,902,47611588044444,,33333333
decoder_sink,902,47611588044444,,33333333
decoder_src,900,47611421377777,,33333333
depay_src,903,47611521377777,,
parser_src,903,47611521377777,,33333333
decoder_sink,903,47611521377777,,33333333
decoder_src,901,47611454722222,,33333333
depay_src,904,47611488044444,,
parser_src,904,47611488044444,,33333333
decoder_sink,904,47611488044444,,33333333
decoder_src,902,47611488044444,,33333333
depay_src,905,47611554722222,,
parser_src,905,47611554722222,,33333333
decoder_sink,905,47611554722222,,33333333
decoder_src,903,47611521377777,,33333333
depay_src,906,47611721377777,,
parser_src,906,47611721377777,,33333333
decoder_sink,906,47611721377777,,33333333
decoder_src,904,47611554722222,,33333333
depay_src,907,47611654722222,,
parser_src,907,47611654722222,,33333333
decoder_sink,907,47611654722222,,33333333
decoder_src,905,47611588044444,,33333333
depay_src,908,47611621377777,,
parser_src,908,47611621377777,,33333333
decoder_sink,908,47611621377777,,33333333
decoder_src,906,47611621377777,,33333333
depay_src,909,47611688044444,,
parser_src,909,47611688044444,,33333333
decoder_sink,909,47611688044444,,33333333
decoder_src,907,47611654722222,,33333333
depay_src,910,47611854722222,,
parser_src,910,47611854722222,,33333333
decoder_sink,910,47611854722222,,33333333
decoder_src,908,47611688044444,,33333333
depay_src,911,47611788044444,,
parser_src,911,47611788044444,,33333333
decoder_sink,911,47611788044444,,33333333
decoder_src,909,47611721377777,,33333333
depay_src,912,47611754722222,,
parser_src,912,47611754722222,,33333333
decoder_sink,912,47611754722222,,33333333
decoder_src,910,47611754722222,,33333333
depay_src,913,47611821377777,,
parser_src,913,47611821377777,,33333333
decoder_sink,913,47611821377777,,33333333
decoder_src,911,47611788044444,,33333333
depay_src,914,47611988044444,,
parser_src,914,47611988044444,,33333333
decoder_sink,914,47611988044444,,33333333
decoder_src,912,47611821377777,,33333333
depay_src,915,47611921377777,,
parser_src,915,47611921377777,,33333333
decoder_sink,915,47611921377777,,33333333
decoder_src,913,47611854722222,,33333333
depay_src,916,47611888044444,,
parser_src,916,47611888044444,,33333333
decoder_sink,916,47611888044444,,33333333
decoder_src,914,47611888044444,,33333333
depay_src,917,47611954722222,,
parser_src,917,47611954722222,,33333333
decoder_sink,917,47611954722222,,33333333
decoder_src,915,47611921377777,,33333333
depay_src,918,47612121377777,,
parser_src,918,47612121377777,,33333333
decoder_sink,918,47612121377777,,33333333
decoder_src,916,47611954722222,,33333333
depay_src,919,47612054722222,,
parser_src,919,47612054722222,,33333333
decoder_sink,919,47612054722222,,33333333
decoder_src,917,47611988044444,,33333333
depay_src,920,47612021377777,,
parser_src,920,47612021377777,,33333333
decoder_sink,920,47612021377777,,33333333
decoder_src,918,47612021377777,,33333333
depay_src,921,47612088044444,,
parser_src,921,47612088044444,,33333333
decoder_sink,921,47612088044444,,33333333
decoder_src,919,47612054722222,,33333333
depay_src,922,47612254722222,,
parser_src,922,47612254722222,,33333333
decoder_sink,922,47612254722222,,33333333
decoder_src,920,47612088044444,,33333333
depay_src,923,47612188044444,,
parser_src,923,47612188044444,,33333333
decoder_sink,923,47612188044444,,33333333
decoder_src,921,47612121377777,,33333333
depay_src,924,47612154722222,,
parser_src,924,47612154722222,,33333333
decoder_sink,924,47612154722222,,33333333
decoder_src,922,47612154722222,,33333333
depay_src,925,47612221377777,,
parser_src,925,47612221377777,,33333333
decoder_sink,925,47612221377777,,33333333
decoder_src,923,47612188044444,,33333333
depay_src,926,47612388044444,,
parser_src,926,47612388044444,,33333333
decoder_sink,926,47612388044444,,33333333
decoder_src,924,47612221377777,,33333333
depay_src,927,47612321377777,,
parser_src,927,47612321377777,,33333333
decoder_sink,927,47612321377777,,33333333
decoder_src,925,47612254722222,,33333333
depay_src,928,47612288044444,,
parser_src,928,47612288044444,,33333333
decoder_sink,928,47612288044444,,33333333
decoder_src,926,47612288044444,,33333333
depay_src,929,47612354722222,,
parser_src,929,47612354722222,,33333333
decoder_sink,929,47612354722222,,33333333
decoder_src,927,47612321377777,,33333333
depay_src,930,47612521377777,,
parser_src,930,47612521377777,,33333333
decoder_sink,930,47612521377777,,33333333
decoder_src,928,47612354722222,,33333333
depay_src,931,47612454722222,,
parser_src,931,47612454722222,,33333333
decoder_sink,931,47612454722222,,33333333
decoder_src,929,47612388044444,,33333333
depay_src,932,47612421377777,,
parser_src,932,47612421377777,,33333333
decoder_sink,932,47612421377777,,33333333
decoder_src,930,47612421377777,,33333333
depay_src,933,47612488044444,,
parser_src,933,47612488044444,,33333333
decoder_sink,933,47612488044444,,33333333
decoder_src,931,47612454722222,,33333333
depay_src,934,47612654722222,,
parser_src,934,47612654722222,,33333333
decoder_sink,934,47612654722222,,33333333
decoder_src,932,47612488044444,,33333333
depay_src,935,47612588044444,,
parser_src,935,47612588044444,,33333333
decoder_sink,935,47612588044444,,33333333
decoder_src,933,47612521377777,,33333333
depay_src,936,47612554722222,,
parser_src,936,47612554722222,,33333333
decoder_sink,936,47612554722222,,33333333
decoder_src,934,47612554722222,,33333333
depay_src,937,47612621377777,,
parser_src,937,47612621377777,,33333333
decoder_sink,937,47612621377777,,33333333
decoder_src,935,47612588044444,,33333333
depay_src,938,47612788044444,,
parser_src,938,47612788044444,,33333333
decoder_sink,938,47612788044444,,33333333
decoder_src,936,47612621377777,,33333333
depay_src,939,47612721377777,,
parser_src,939,47612721377777,,33333333
decoder_sink,939,47612721377777,,33333333
decoder_src,937,47612654722222,,33333333
depay_src,940,47612688044444,,
parser_src,940,47612688044444,,33333333
decoder_sink,940,47612688044444,,33333333
decoder_src,938,47612688044444,,33333333
depay_src,941,47612754722222,,
parser_src,941,47612754722222,,33333333
decoder_sink,941,47612754722222,,33333333
decoder_src,939,47612721377777,,33333333
depay_src,942,47612921377777,,
parser_src,942,47612921377777,,33333333
decoder_sink,942,47612921377777,,33333333
decoder_src,940,47612754722222,,33333333
depay_src,943,47612854722222,,
parser_src,943,47612854722222,,33333333
decoder_sink,943,47612854722222,,33333333
decoder_src,941,47612788044444,,33333333
depay_src,944,47612821377777,,
parser_src,944,47612821377777,,33333333
decoder_sink,944,47612821377777,,33333333
decoder_src,942,47612821377777,,33333333
depay_src,945,47612888044444,,
parser_src,945,47612888044444,,33333333
decoder_sink,945,47612888044444,,33333333
decoder_src,943,47612854722222,,33333333
depay_src,946,47613054722222,,
parser_src,946,47613054722222,,33333333
decoder_sink,946,47613054722222,,33333333
decoder_src,944,47612888044444,,33333333
depay_src,947,47612988044444,,
parser_src,947,47612988044444,,33333333
decoder_sink,947,47612988044444,,33333333
decoder_src,945,47612921377777,,33333333
depay_src,948,47612954722222,,
parser_src,948,47612954722222,,33333333
decoder_sink,948,47612954722222,,33333333
decoder_src,946,47612954722222,,33333333
depay_src,949,47613021377777,,
parser_src,949,47613021377777,,33333333
decoder_sink,949,47613021377777,,33333333
decoder_src,947,47612988044444,,33333333
depay_src,950,47613188044444,,
parser_src,950,47613188044444,,33333333
decoder_sink,950,47613188044444,,33333333
decoder_src,948,47613021377777,,33333333
depay_src,951,47613121377777,,
parser_src,951,47613121377777,,33333333
decoder_sink,951,47613121377777,,33333333
decoder_src,949,47613054722222,,33333333
depay_src,952,47613088044444,,
parser_src,952,47613088044444,,33333333
decoder_sink,952,47613088044444,,33333333
decoder_src,950,47613088044444,,33333333
depay_src,953,47613154722222,,
parser_src,953,47613154722222,,33333333
decoder_sink,953,47613154722222,,33333333
decoder_src,951,47613121377777,,33333333
depay_src,954,47613221377777,,
parser_src,954,47613221377777,,33333333
decoder_sink,954,47613221377777,,33333333
decoder_src,952,47613154722222,,33333333
depay_src,955,47613354722222,,
parser_src,955,47613354722222,,33333333
decoder_sink,955,47613354722222,,33333333
decoder_src,953,47613188044444,,33333333
depay_src,956,47613288044444,,
parser_src,956,47613288044444,,33333333
decoder_sink,956,47613288044444,,33333333
decoder_src,954,47613221377777,,33333333
depay_src,957,47613254722222,,
parser_src,957,47613254722222,,33333333
decoder_sink,957,47613254722222,,33333333
decoder_src,955,47613254722222,,33333333
depay_src,958,47613321377777,,
parser_src,958,47613321377777,,33333333
decoder_sink,958,47613321377777,,33333333
decoder_src,956,47613288044444,,33333333
depay_src,959,47613488044444,,
parser_src,959,47613488044444,,33333333
decoder_sink,959,47613488044444,,33333333
decoder_src,957,47613321377777,,33333333
depay_src,960,47613421377777,,
parser_src,960,47613421377777,,33333333
decoder_sink,960,47613421377777,,33333333
decoder_src,958,47613354722222,,33333333
depay_src,961,47613388044444,,
parser_src,961,47613388044444,,33333333
decoder_sink,961,47613388044444,,33333333
decoder_src,959,47613388044444,,33333333
depay_src,962,47613454722222,,
parser_src,962,47613454722222,,33333333
decoder_sink,962,47613454722222,,33333333
decoder_src,960,47613421377777,,33333333
depay_src,963,47613621377777,,
parser_src,963,47613621377777,,33333333
decoder_sink,963,47613621377777,,33333333
decoder_src,961,47613454722222,,33333333
depay_src,964,47613554722222,,
parser_src,964,47613554722222,,33333333
decoder_sink,964,47613554722222,,33333333
decoder_src,962,47613488044444,,33333333
depay_src,965,47613521377777,,
parser_src,965,47613521377777,,33333333
decoder_sink,965,47613521377777,,33333333
decoder_src,963,47613521377777,,33333333
depay_src,966,47613588044444,,
parser_src,966,47613588044444,,33333333
decoder_sink,966,47613588044444,,33333333
decoder_src,964,47613554722222,,33333333
depay_src,967,47613754722222,,
parser_src,967,47613754722222,,33333333
decoder_sink,967,47613754722222,,33333333
decoder_src,965,47613588044444,,33333333
depay_src,968,47613688044444,,
parser_src,968,47613688044444,,33333333
decoder_sink,968,47613688044444,,33333333
decoder_src,966,47613621377777,,33333333
depay_src,969,47613654722222,,
parser_src,969,47613654722222,,33333333
decoder_sink,969,47613654722222,,33333333
decoder_src,967,47613654722222,,33333333
depay_src,970,47613721377777,,
parser_src,970,47613721377777,,33333333
decoder_sink,970,47613721377777,,33333333
decoder_src,968,47613688044444,,33333333
depay_src,971,47613788044444,,
parser_src,971,47613788044444,,33333333
decoder_sink,971,47613788044444,,33333333
decoder_src,969,47613721377777,,33333333
