stage,sequence,pts_ns,dts_ns,duration_ns
depay_src,1,32751229288888,,
parser_src,1,32751229288888,,33333333
decoder_sink,1,32751229288888,,33333333
depay_src,2,32751362611111,,
parser_src,2,32751362611111,,33333333
decoder_sink,2,32751362611111,,33333333
depay_src,3,32751295944444,,
parser_src,3,32751295944444,,33333333
decoder_sink,3,32751295944444,,33333333
decoder_src,1,32751229288888,,33333333
depay_src,4,32751262611111,,
parser_src,4,32751262611111,,33333333
decoder_sink,4,32751262611111,,33333333
decoder_src,2,32751262611111,,33333333
depay_src,5,32751329288888,,
parser_src,5,32751329288888,,33333333
decoder_sink,5,32751329288888,,33333333
decoder_src,3,32751295944444,,33333333
depay_src,6,32751495944444,,
parser_src,6,32751495944444,,33333333
decoder_sink,6,32751495944444,,33333333
decoder_src,4,32751329288888,,33333333
depay_src,7,32751429288888,,
parser_src,7,32751429288888,,33333333
decoder_sink,7,32751429288888,,33333333
decoder_src,5,32751362611111,,33333333
depay_src,8,32751395944444,,
parser_src,8,32751395944444,,33333333
decoder_sink,8,32751395944444,,33333333
decoder_src,6,32751395944444,,33333333
depay_src,9,32751462611111,,
parser_src,9,32751462611111,,33333333
decoder_sink,9,32751462611111,,33333333
decoder_src,7,32751429288888,,33333333
depay_src,10,32751629288888,,
parser_src,10,32751629288888,,33333333
decoder_sink,10,32751629288888,,33333333
decoder_src,8,32751462611111,,33333333
depay_src,11,32751562611111,,
parser_src,11,32751562611111,,33333333
decoder_sink,11,32751562611111,,33333333
decoder_src,9,32751495944444,,33333333
depay_src,12,32751529288888,,
parser_src,12,32751529288888,,33333333
decoder_sink,12,32751529288888,,33333333
decoder_src,10,32751529288888,,33333333
depay_src,13,32751595944444,,
parser_src,13,32751595944444,,33333333
decoder_sink,13,32751595944444,,33333333
decoder_src,11,32751562611111,,33333333
depay_src,14,32751762611111,,
parser_src,14,32751762611111,,33333333
decoder_sink,14,32751762611111,,33333333
decoder_src,12,32751595944444,,33333333
depay_src,15,32751695944444,,
parser_src,15,32751695944444,,33333333
decoder_sink,15,32751695944444,,33333333
decoder_src,13,32751629288888,,33333333
depay_src,16,32751662611111,,
parser_src,16,32751662611111,,33333333
decoder_sink,16,32751662611111,,33333333
decoder_src,14,32751662611111,,33333333
depay_src,17,32751729288888,,
parser_src,17,32751729288888,,33333333
decoder_sink,17,32751729288888,,33333333
decoder_src,15,32751695944444,,33333333
depay_src,18,32751895944444,,
parser_src,18,32751895944444,,33333333
decoder_sink,18,32751895944444,,33333333
decoder_src,16,32751729288888,,33333333
depay_src,19,32751829288888,,
parser_src,19,32751829288888,,33333333
decoder_sink,19,32751829288888,,33333333
decoder_src,17,32751762611111,,33333333
depay_src,20,32751795944444,,
parser_src,20,32751795944444,,33333333
decoder_sink,20,32751795944444,,33333333
decoder_src,18,32751795944444,,33333333
depay_src,21,32751862611111,,
parser_src,21,32751862611111,,33333333
decoder_sink,21,32751862611111,,33333333
decoder_src,19,32751829288888,,33333333
depay_src,22,32752029288888,,
parser_src,22,32752029288888,,33333333
decoder_sink,22,32752029288888,,33333333
decoder_src,20,32751862611111,,33333333
depay_src,23,32751962611111,,
parser_src,23,32751962611111,,33333333
decoder_sink,23,32751962611111,,33333333
decoder_src,21,32751895944444,,33333333
depay_src,24,32751929288888,,
parser_src,24,32751929288888,,33333333
decoder_sink,24,32751929288888,,33333333
decoder_src,22,32751929288888,,33333333
depay_src,25,32751995944444,,
parser_src,25,32751995944444,,33333333
decoder_sink,25,32751995944444,,33333333
decoder_src,23,32751962611111,,33333333
depay_src,26,32752162611111,,
parser_src,26,32752162611111,,33333333
decoder_sink,26,32752162611111,,33333333
decoder_src,24,32751995944444,,33333333
depay_src,27,32752095944444,,
parser_src,27,32752095944444,,33333333
decoder_sink,27,32752095944444,,33333333
decoder_src,25,32752029288888,,33333333
depay_src,28,32752062611111,,
parser_src,28,32752062611111,,33333333
decoder_sink,28,32752062611111,,33333333
decoder_src,26,32752062611111,,33333333
depay_src,29,32752129288888,,
parser_src,29,32752129288888,,33333333
decoder_sink,29,32752129288888,,33333333
decoder_src,27,32752095944444,,33333333
depay_src,30,32752295944444,,
parser_src,30,32752295944444,,33333333
decoder_sink,30,32752295944444,,33333333
decoder_src,28,32752129288888,,33333333
depay_src,31,32752229288888,,
parser_src,31,32752229288888,,33333333
decoder_sink,31,32752229288888,,33333333
decoder_src,29,32752162611111,,33333333
depay_src,32,32752195944444,,
parser_src,32,32752195944444,,33333333
decoder_sink,32,32752195944444,,33333333
decoder_src,30,32752195944444,,33333333
depay_src,33,32752262611111,,
parser_src,33,32752262611111,,33333333
decoder_sink,33,32752262611111,,33333333
decoder_src,31,32752229288888,,33333333
depay_src,34,32752429288888,,
parser_src,34,32752429288888,,33333333
decoder_sink,34,32752429288888,,33333333
decoder_src,32,32752262611111,,33333333
depay_src,35,32752362611111,,
parser_src,35,32752362611111,,33333333
decoder_sink,35,32752362611111,,33333333
decoder_src,33,32752295944444,,33333333
depay_src,36,32752329288888,,
parser_src,36,32752329288888,,33333333
decoder_sink,36,32752329288888,,33333333
decoder_src,34,32752329288888,,33333333
depay_src,37,32752395944444,,
parser_src,37,32752395944444,,33333333
decoder_sink,37,32752395944444,,33333333
decoder_src,35,32752362611111,,33333333
depay_src,38,32752562611111,,
parser_src,38,32752562611111,,33333333
decoder_sink,38,32752562611111,,33333333
decoder_src,36,32752395944444,,33333333
depay_src,39,32752495944444,,
parser_src,39,32752495944444,,33333333
decoder_sink,39,32752495944444,,33333333
decoder_src,37,32752429288888,,33333333
depay_src,40,32752462611111,,
parser_src,40,32752462611111,,33333333
decoder_sink,40,32752462611111,,33333333
decoder_src,38,32752462611111,,33333333
depay_src,41,32752529288888,,
parser_src,41,32752529288888,,33333333
decoder_sink,41,32752529288888,,33333333
decoder_src,39,32752495944444,,33333333
depay_src,42,32752695944444,,
parser_src,42,32752695944444,,33333333
decoder_sink,42,32752695944444,,33333333
decoder_src,40,32752529288888,,33333333
depay_src,43,32752629288888,,
parser_src,43,32752629288888,,33333333
decoder_sink,43,32752629288888,,33333333
decoder_src,41,32752562611111,,33333333
depay_src,44,32752595944444,,
parser_src,44,32752595944444,,33333333
decoder_sink,44,32752595944444,,33333333
decoder_src,42,32752595944444,,33333333
depay_src,45,32752662611111,,
parser_src,45,32752662611111,,33333333
decoder_sink,45,32752662611111,,33333333
decoder_src,43,32752629288888,,33333333
depay_src,46,32752829288888,,
parser_src,46,32752829288888,,33333333
decoder_sink,46,32752829288888,,33333333
decoder_src,44,32752662611111,,33333333
depay_src,47,32752762611111,,
parser_src,47,32752762611111,,33333333
decoder_sink,47,32752762611111,,33333333
decoder_src,45,32752695944444,,33333333
depay_src,48,32752729288888,,
parser_src,48,32752729288888,,33333333
decoder_sink,48,32752729288888,,33333333
decoder_src,46,32752729288888,,33333333
depay_src,49,32752795944444,,
parser_src,49,32752795944444,,33333333
decoder_sink,49,32752795944444,,33333333
decoder_src,47,32752762611111,,33333333
depay_src,50,32752962611111,,
parser_src,50,32752962611111,,33333333
decoder_sink,50,32752962611111,,33333333
decoder_src,48,32752795944444,,33333333
depay_src,51,32752895944444,,
parser_src,51,32752895944444,,33333333
decoder_sink,51,32752895944444,,33333333
decoder_src,49,32752829288888,,33333333
depay_src,52,32752862611111,,
parser_src,52,32752862611111,,33333333
decoder_sink,52,32752862611111,,33333333
decoder_src,50,32752862611111,,33333333
depay_src,53,32752929288888,,
parser_src,53,32752929288888,,33333333
decoder_sink,53,32752929288888,,33333333
decoder_src,51,32752895944444,,33333333
depay_src,54,32753095944444,,
parser_src,54,32753095944444,,33333333
decoder_sink,54,32753095944444,,33333333
decoder_src,52,32752929288888,,33333333
depay_src,55,32753029288888,,
parser_src,55,32753029288888,,33333333
decoder_sink,55,32753029288888,,33333333
decoder_src,53,32752962611111,,33333333
depay_src,56,32752995944444,,
parser_src,56,32752995944444,,33333333
decoder_sink,56,32752995944444,,33333333
decoder_src,54,32752995944444,,33333333
depay_src,57,32753062611111,,
parser_src,57,32753062611111,,33333333
decoder_sink,57,32753062611111,,33333333
decoder_src,55,32753029288888,,33333333
depay_src,58,32753229288888,,
parser_src,58,32753229288888,,33333333
decoder_sink,58,32753229288888,,33333333
decoder_src,56,32753062611111,,33333333
depay_src,59,32753162611111,,
parser_src,59,32753162611111,,33333333
decoder_sink,59,32753162611111,,33333333
decoder_src,57,32753095944444,,33333333
depay_src,60,32753129288888,,
parser_src,60,32753129288888,,33333333
decoder_sink,60,32753129288888,,33333333
decoder_src,58,32753129288888,,33333333
depay_src,61,32753195944444,,
parser_src,61,32753195944444,,33333333
decoder_sink,61,32753195944444,,33333333
decoder_src,59,32753162611111,,33333333
depay_src,62,32753362611111,,
parser_src,62,32753362611111,,33333333
decoder_sink,62,32753362611111,,33333333
decoder_src,60,32753195944444,,33333333
depay_src,63,32753295944444,,
parser_src,63,32753295944444,,33333333
decoder_sink,63,32753295944444,,33333333
decoder_src,61,32753229288888,,33333333
depay_src,64,32753262611111,,
parser_src,64,32753262611111,,33333333
decoder_sink,64,32753262611111,,33333333
decoder_src,62,32753262611111,,33333333
depay_src,65,32753329288888,,
parser_src,65,32753329288888,,33333333
decoder_sink,65,32753329288888,,33333333
decoder_src,63,32753295944444,,33333333
depay_src,66,32753495944444,,
parser_src,66,32753495944444,,33333333
decoder_sink,66,32753495944444,,33333333
decoder_src,64,32753329288888,,33333333
depay_src,67,32753429288888,,
parser_src,67,32753429288888,,33333333
decoder_sink,67,32753429288888,,33333333
decoder_src,65,32753362611111,,33333333
depay_src,68,32753395944444,,
parser_src,68,32753395944444,,33333333
decoder_sink,68,32753395944444,,33333333
decoder_src,66,32753395944444,,33333333
depay_src,69,32753462611111,,
parser_src,69,32753462611111,,33333333
decoder_sink,69,32753462611111,,33333333
decoder_src,67,32753429288888,,33333333
depay_src,70,32753629288888,,
parser_src,70,32753629288888,,33333333
decoder_sink,70,32753629288888,,33333333
decoder_src,68,32753462611111,,33333333
depay_src,71,32753562611111,,
parser_src,71,32753562611111,,33333333
decoder_sink,71,32753562611111,,33333333
decoder_src,69,32753495944444,,33333333
depay_src,72,32753529288888,,
parser_src,72,32753529288888,,33333333
decoder_sink,72,32753529288888,,33333333
decoder_src,70,32753529288888,,33333333
depay_src,73,32753595944444,,
parser_src,73,32753595944444,,33333333
decoder_sink,73,32753595944444,,33333333
decoder_src,71,32753562611111,,33333333
depay_src,74,32753762611111,,
parser_src,74,32753762611111,,33333333
decoder_sink,74,32753762611111,,33333333
decoder_src,72,32753595944444,,33333333
depay_src,75,32753695944444,,
parser_src,75,32753695944444,,33333333
decoder_sink,75,32753695944444,,33333333
decoder_src,73,32753629288888,,33333333
depay_src,76,32753662611111,,
parser_src,76,32753662611111,,33333333
decoder_sink,76,32753662611111,,33333333
decoder_src,74,32753662611111,,33333333
depay_src,77,32753729288888,,
parser_src,77,32753729288888,,33333333
decoder_sink,77,32753729288888,,33333333
decoder_src,75,32753695944444,,33333333
depay_src,78,32753895944444,,
parser_src,78,32753895944444,,33333333
decoder_sink,78,32753895944444,,33333333
decoder_src,76,32753729288888,,33333333
depay_src,79,32753829288888,,
parser_src,79,32753829288888,,33333333
decoder_sink,79,32753829288888,,33333333
decoder_src,77,32753762611111,,33333333
depay_src,80,32753795944444,,
parser_src,80,32753795944444,,33333333
decoder_sink,80,32753795944444,,33333333
decoder_src,78,32753795944444,,33333333
depay_src,81,32753862611111,,
parser_src,81,32753862611111,,33333333
decoder_sink,81,32753862611111,,33333333
decoder_src,79,32753829288888,,33333333
depay_src,82,32754029288888,,
parser_src,82,32754029288888,,33333333
decoder_sink,82,32754029288888,,33333333
decoder_src,80,32753862611111,,33333333
depay_src,83,32753962611111,,
parser_src,83,32753962611111,,33333333
decoder_sink,83,32753962611111,,33333333
decoder_src,81,32753895944444,,33333333
depay_src,84,32753929288888,,
parser_src,84,32753929288888,,33333333
decoder_sink,84,32753929288888,,33333333
decoder_src,82,32753929288888,,33333333
depay_src,85,32753995944444,,
parser_src,85,32753995944444,,33333333
decoder_sink,85,32753995944444,,33333333
decoder_src,83,32753962611111,,33333333
depay_src,86,32754162611111,,
parser_src,86,32754162611111,,33333333
decoder_sink,86,32754162611111,,33333333
decoder_src,84,32753995944444,,33333333
depay_src,87,32754095944444,,
parser_src,87,32754095944444,,33333333
decoder_sink,87,32754095944444,,33333333
decoder_src,85,32754029288888,,33333333
depay_src,88,32754062611111,,
parser_src,88,32754062611111,,33333333
decoder_sink,88,32754062611111,,33333333
decoder_src,86,32754062611111,,33333333
depay_src,89,32754129288888,,
parser_src,89,32754129288888,,33333333
decoder_sink,89,32754129288888,,33333333
decoder_src,87,32754095944444,,33333333
depay_src,90,32754295944444,,
parser_src,90,32754295944444,,33333333
decoder_sink,90,32754295944444,,33333333
decoder_src,88,32754129288888,,33333333
depay_src,91,32754229288888,,
parser_src,91,32754229288888,,33333333
decoder_sink,91,32754229288888,,33333333
decoder_src,89,32754162611111,,33333333
depay_src,92,32754195944444,,
parser_src,92,32754195944444,,33333333
decoder_sink,92,32754195944444,,33333333
decoder_src,90,32754195944444,,33333333
depay_src,93,32754262611111,,
parser_src,93,32754262611111,,33333333
decoder_sink,93,32754262611111,,33333333
decoder_src,91,32754229288888,,33333333
depay_src,94,32754429288888,,
parser_src,94,32754429288888,,33333333
decoder_sink,94,32754429288888,,33333333
decoder_src,92,32754262611111,,33333333
depay_src,95,32754362611111,,
parser_src,95,32754362611111,,33333333
decoder_sink,95,32754362611111,,33333333
decoder_src,93,32754295944444,,33333333
depay_src,96,32754329288888,,
parser_src,96,32754329288888,,33333333
decoder_sink,96,32754329288888,,33333333
decoder_src,94,32754329288888,,33333333
depay_src,97,32754395944444,,
parser_src,97,32754395944444,,33333333
decoder_sink,97,32754395944444,,33333333
decoder_src,95,32754362611111,,33333333
depay_src,98,32754562611111,,
parser_src,98,32754562611111,,33333333
decoder_sink,98,32754562611111,,33333333
decoder_src,96,32754395944444,,33333333
depay_src,99,32754495944444,,
parser_src,99,32754495944444,,33333333
decoder_sink,99,32754495944444,,33333333
decoder_src,97,32754429288888,,33333333
depay_src,100,32754462611111,,
parser_src,100,32754462611111,,33333333
decoder_sink,100,32754462611111,,33333333
decoder_src,98,32754462611111,,33333333
depay_src,101,32754529288888,,
parser_src,101,32754529288888,,33333333
decoder_sink,101,32754529288888,,33333333
decoder_src,99,32754495944444,,33333333
depay_src,102,32754695944444,,
parser_src,102,32754695944444,,33333333
decoder_sink,102,32754695944444,,33333333
decoder_src,100,32754529288888,,33333333
depay_src,103,32754629288888,,
parser_src,103,32754629288888,,33333333
decoder_sink,103,32754629288888,,33333333
decoder_src,101,32754562611111,,33333333
depay_src,104,32754595944444,,
parser_src,104,32754595944444,,33333333
decoder_sink,104,32754595944444,,33333333
decoder_src,102,32754595944444,,33333333
depay_src,105,32754662611111,,
parser_src,105,32754662611111,,33333333
decoder_sink,105,32754662611111,,33333333
decoder_src,103,32754629288888,,33333333
depay_src,106,32754829288888,,
parser_src,106,32754829288888,,33333333
decoder_sink,106,32754829288888,,33333333
decoder_src,104,32754662611111,,33333333
depay_src,107,32754762611111,,
parser_src,107,32754762611111,,33333333
decoder_sink,107,32754762611111,,33333333
decoder_src,105,32754695944444,,33333333
depay_src,108,32754729288888,,
parser_src,108,32754729288888,,33333333
decoder_sink,108,32754729288888,,33333333
decoder_src,106,32754729288888,,33333333
depay_src,109,32754795944444,,
parser_src,109,32754795944444,,33333333
decoder_sink,109,32754795944444,,33333333
decoder_src,107,32754762611111,,33333333
depay_src,110,32754962611111,,
parser_src,110,32754962611111,,33333333
decoder_sink,110,32754962611111,,33333333
decoder_src,108,32754795944444,,33333333
depay_src,111,32754895944444,,
parser_src,111,32754895944444,,33333333
decoder_sink,111,32754895944444,,33333333
decoder_src,109,32754829288888,,33333333
depay_src,112,32754862611111,,
parser_src,112,32754862611111,,33333333
decoder_sink,112,32754862611111,,33333333
decoder_src,110,32754862611111,,33333333
depay_src,113,32754929288888,,
parser_src,113,32754929288888,,33333333
decoder_sink,113,32754929288888,,33333333
decoder_src,111,32754895944444,,33333333
depay_src,114,32755095944444,,
parser_src,114,32755095944444,,33333333
decoder_sink,114,32755095944444,,33333333
decoder_src,112,32754929288888,,33333333
depay_src,115,32755029288888,,
parser_src,115,32755029288888,,33333333
decoder_sink,115,32755029288888,,33333333
decoder_src,113,32754962611111,,33333333
depay_src,116,32754995944444,,
parser_src,116,32754995944444,,33333333
decoder_sink,116,32754995944444,,33333333
decoder_src,114,32754995944444,,33333333
depay_src,117,32755062611111,,
parser_src,117,32755062611111,,33333333
decoder_sink,117,32755062611111,,33333333
decoder_src,115,32755029288888,,33333333
depay_src,118,32755229288888,,
parser_src,118,32755229288888,,33333333
decoder_sink,118,32755229288888,,33333333
decoder_src,116,32755062611111,,33333333
depay_src,119,32755162611111,,
parser_src,119,32755162611111,,33333333
decoder_sink,119,32755162611111,,33333333
decoder_src,117,32755095944444,,33333333
depay_src,120,32755129288888,,
parser_src,120,32755129288888,,33333333
decoder_sink,120,32755129288888,,33333333
decoder_src,118,32755129288888,,33333333
depay_src,121,32755195944444,,
parser_src,121,32755195944444,,33333333
decoder_sink,121,32755195944444,,33333333
decoder_src,119,32755162611111,,33333333
depay_src,122,32755362611111,,
parser_src,122,32755362611111,,33333333
decoder_sink,122,32755362611111,,33333333
decoder_src,120,32755195944444,,33333333
depay_src,123,32755295944444,,
parser_src,123,32755295944444,,33333333
decoder_sink,123,32755295944444,,33333333
decoder_src,121,32755229288888,,33333333
depay_src,124,32755262611111,,
parser_src,124,32755262611111,,33333333
decoder_sink,124,32755262611111,,33333333
decoder_src,122,32755262611111,,33333333
depay_src,125,32755329288888,,
parser_src,125,32755329288888,,33333333
decoder_sink,125,32755329288888,,33333333
decoder_src,123,32755295944444,,33333333
depay_src,126,32755495944444,,
parser_src,126,32755495944444,,33333333
decoder_sink,126,32755495944444,,33333333
decoder_src,124,32755329288888,,33333333
depay_src,127,32755429288888,,
parser_src,127,32755429288888,,33333333
decoder_sink,127,32755429288888,,33333333
decoder_src,125,32755362611111,,33333333
depay_src,128,32755395944444,,
parser_src,128,32755395944444,,33333333
decoder_sink,128,32755395944444,,33333333
decoder_src,126,32755395944444,,33333333
depay_src,129,32755462611111,,
parser_src,129,32755462611111,,33333333
decoder_sink,129,32755462611111,,33333333
decoder_src,127,32755429288888,,33333333
depay_src,130,32755629288888,,
parser_src,130,32755629288888,,33333333
decoder_sink,130,32755629288888,,33333333
decoder_src,128,32755462611111,,33333333
depay_src,131,32755562611111,,
parser_src,131,32755562611111,,33333333
decoder_sink,131,32755562611111,,33333333
decoder_src,129,32755495944444,,33333333
depay_src,132,32755529288888,,
parser_src,132,32755529288888,,33333333
decoder_sink,132,32755529288888,,33333333
decoder_src,130,32755529288888,,33333333
depay_src,133,32755595944444,,
parser_src,133,32755595944444,,33333333
decoder_sink,133,32755595944444,,33333333
decoder_src,131,32755562611111,,33333333
depay_src,134,32755762611111,,
parser_src,134,32755762611111,,33333333
decoder_sink,134,32755762611111,,33333333
decoder_src,132,32755595944444,,33333333
depay_src,135,32755695944444,,
parser_src,135,32755695944444,,33333333
decoder_sink,135,32755695944444,,33333333
decoder_src,133,32755629288888,,33333333
depay_src,136,32755662611111,,
parser_src,136,32755662611111,,33333333
decoder_sink,136,32755662611111,,33333333
decoder_src,134,32755662611111,,33333333
depay_src,137,32755729288888,,
parser_src,137,32755729288888,,33333333
decoder_sink,137,32755729288888,,33333333
decoder_src,135,32755695944444,,33333333
depay_src,138,32755895944444,,
parser_src,138,32755895944444,,33333333
decoder_sink,138,32755895944444,,33333333
decoder_src,136,32755729288888,,33333333
depay_src,139,32755829288888,,
parser_src,139,32755829288888,,33333333
decoder_sink,139,32755829288888,,33333333
decoder_src,137,32755762611111,,33333333
depay_src,140,32755795944444,,
parser_src,140,32755795944444,,33333333
decoder_sink,140,32755795944444,,33333333
decoder_src,138,32755795944444,,33333333
depay_src,141,32755862611111,,
parser_src,141,32755862611111,,33333333
decoder_sink,141,32755862611111,,33333333
decoder_src,139,32755829288888,,33333333
depay_src,142,32756029288888,,
parser_src,142,32756029288888,,33333333
decoder_sink,142,32756029288888,,33333333
decoder_src,140,32755862611111,,33333333
depay_src,143,32755962611111,,
parser_src,143,32755962611111,,33333333
decoder_sink,143,32755962611111,,33333333
decoder_src,141,32755895944444,,33333333
depay_src,144,32755929288888,,
parser_src,144,32755929288888,,33333333
decoder_sink,144,32755929288888,,33333333
decoder_src,142,32755929288888,,33333333
depay_src,145,32755995944444,,
parser_src,145,32755995944444,,33333333
decoder_sink,145,32755995944444,,33333333
decoder_src,143,32755962611111,,33333333
depay_src,146,32756162611111,,
parser_src,146,32756162611111,,33333333
decoder_sink,146,32756162611111,,33333333
decoder_src,144,32755995944444,,33333333
depay_src,147,32756095944444,,
parser_src,147,32756095944444,,33333333
decoder_sink,147,32756095944444,,33333333
decoder_src,145,32756029288888,,33333333
depay_src,148,32756062611111,,
parser_src,148,32756062611111,,33333333
decoder_sink,148,32756062611111,,33333333
decoder_src,146,32756062611111,,33333333
depay_src,149,32756129288888,,
parser_src,149,32756129288888,,33333333
decoder_sink,149,32756129288888,,33333333
decoder_src,147,32756095944444,,33333333
depay_src,150,32756295944444,,
parser_src,150,32756295944444,,33333333
decoder_sink,150,32756295944444,,33333333
decoder_src,148,32756129288888,,33333333
depay_src,151,32756229288888,,
parser_src,151,32756229288888,,33333333
decoder_sink,151,32756229288888,,33333333
decoder_src,149,32756162611111,,33333333
depay_src,152,32756195944444,,
parser_src,152,32756195944444,,33333333
decoder_sink,152,32756195944444,,33333333
decoder_src,150,32756195944444,,33333333
depay_src,153,32756262611111,,
parser_src,153,32756262611111,,33333333
decoder_sink,153,32756262611111,,33333333
decoder_src,151,32756229288888,,33333333
depay_src,154,32756429288888,,
parser_src,154,32756429288888,,33333333
decoder_sink,154,32756429288888,,33333333
decoder_src,152,32756262611111,,33333333
depay_src,155,32756362611111,,
parser_src,155,32756362611111,,33333333
decoder_sink,155,32756362611111,,33333333
decoder_src,153,32756295944444,,33333333
depay_src,156,32756329288888,,
parser_src,156,32756329288888,,33333333
decoder_sink,156,32756329288888,,33333333
decoder_src,154,32756329288888,,33333333
depay_src,157,32756395944444,,
parser_src,157,32756395944444,,33333333
decoder_sink,157,32756395944444,,33333333
decoder_src,155,32756362611111,,33333333
depay_src,158,32756562611111,,
parser_src,158,32756562611111,,33333333
decoder_sink,158,32756562611111,,33333333
decoder_src,156,32756395944444,,33333333
depay_src,159,32756495944444,,
parser_src,159,32756495944444,,33333333
decoder_sink,159,32756495944444,,33333333
decoder_src,157,32756429288888,,33333333
depay_src,160,32756462611111,,
parser_src,160,32756462611111,,33333333
decoder_sink,160,32756462611111,,33333333
decoder_src,158,32756462611111,,33333333
depay_src,161,32756529288888,,
parser_src,161,32756529288888,,33333333
decoder_sink,161,32756529288888,,33333333
decoder_src,159,32756495944444,,33333333
depay_src,162,32756695944444,,
parser_src,162,32756695944444,,33333333
decoder_sink,162,32756695944444,,33333333
decoder_src,160,32756529288888,,33333333
depay_src,163,32756629288888,,
parser_src,163,32756629288888,,33333333
decoder_sink,163,32756629288888,,33333333
decoder_src,161,32756562611111,,33333333
depay_src,164,32756595944444,,
parser_src,164,32756595944444,,33333333
decoder_sink,164,32756595944444,,33333333
decoder_src,162,32756595944444,,33333333
depay_src,165,32756662611111,,
parser_src,165,32756662611111,,33333333
decoder_sink,165,32756662611111,,33333333
decoder_src,163,32756629288888,,33333333
depay_src,166,32756829288888,,
parser_src,166,32756829288888,,33333333
decoder_sink,166,32756829288888,,33333333
decoder_src,164,32756662611111,,33333333
depay_src,167,32756762611111,,
parser_src,167,32756762611111,,33333333
decoder_sink,167,32756762611111,,33333333
decoder_src,165,32756695944444,,33333333
depay_src,168,32756729288888,,
parser_src,168,32756729288888,,33333333
decoder_sink,168,32756729288888,,33333333
decoder_src,166,32756729288888,,33333333
depay_src,169,32756795944444,,
parser_src,169,32756795944444,,33333333
decoder_sink,169,32756795944444,,33333333
decoder_src,167,32756762611111,,33333333
depay_src,170,32756962611111,,
parser_src,170,32756962611111,,33333333
decoder_sink,170,32756962611111,,33333333
decoder_src,168,32756795944444,,33333333
depay_src,171,32756895944444,,
parser_src,171,32756895944444,,33333333
decoder_sink,171,32756895944444,,33333333
decoder_src,169,32756829288888,,33333333
depay_src,172,32756862611111,,
parser_src,172,32756862611111,,33333333
decoder_sink,172,32756862611111,,33333333
decoder_src,170,32756862611111,,33333333
depay_src,173,32756929288888,,
parser_src,173,32756929288888,,33333333
decoder_sink,173,32756929288888,,33333333
decoder_src,171,32756895944444,,33333333
depay_src,174,32757095944444,,
parser_src,174,32757095944444,,33333333
decoder_sink,174,32757095944444,,33333333
decoder_src,172,32756929288888,,33333333
depay_src,175,32757029288888,,
parser_src,175,32757029288888,,33333333
decoder_sink,175,32757029288888,,33333333
decoder_src,173,32756962611111,,33333333
depay_src,176,32756995944444,,
parser_src,176,32756995944444,,33333333
decoder_sink,176,32756995944444,,33333333
decoder_src,174,32756995944444,,33333333
depay_src,177,32757062611111,,
parser_src,177,32757062611111,,33333333
decoder_sink,177,32757062611111,,33333333
decoder_src,175,32757029288888,,33333333
depay_src,178,32757229288888,,
parser_src,178,32757229288888,,33333333
decoder_sink,178,32757229288888,,33333333
decoder_src,176,32757062611111,,33333333
depay_src,179,32757162611111,,
parser_src,179,32757162611111,,33333333
decoder_sink,179,32757162611111,,33333333
decoder_src,177,32757095944444,,33333333
depay_src,180,32757129288888,,
parser_src,180,32757129288888,,33333333
decoder_sink,180,32757129288888,,33333333
decoder_src,178,32757129288888,,33333333
depay_src,181,32757195944444,,
parser_src,181,32757195944444,,33333333
decoder_sink,181,32757195944444,,33333333
decoder_src,179,32757162611111,,33333333
depay_src,182,32757362611111,,
parser_src,182,32757362611111,,33333333
decoder_sink,182,32757362611111,,33333333
decoder_src,180,32757195944444,,33333333
depay_src,183,32757295944444,,
parser_src,183,32757295944444,,33333333
decoder_sink,183,32757295944444,,33333333
decoder_src,181,32757229288888,,33333333
depay_src,184,32757262611111,,
parser_src,184,32757262611111,,33333333
decoder_sink,184,32757262611111,,33333333
decoder_src,182,32757262611111,,33333333
depay_src,185,32757329288888,,
parser_src,185,32757329288888,,33333333
decoder_sink,185,32757329288888,,33333333
decoder_src,183,32757295944444,,33333333
depay_src,186,32757495944444,,
parser_src,186,32757495944444,,33333333
decoder_sink,186,32757495944444,,33333333
decoder_src,184,32757329288888,,33333333
depay_src,187,32757429288888,,
parser_src,187,32757429288888,,33333333
decoder_sink,187,32757429288888,,33333333
decoder_src,185,32757362611111,,33333333
depay_src,188,32757395944444,,
parser_src,188,32757395944444,,33333333
decoder_sink,188,32757395944444,,33333333
decoder_src,186,32757395944444,,33333333
depay_src,189,32757462611111,,
parser_src,189,32757462611111,,33333333
decoder_sink,189,32757462611111,,33333333
decoder_src,187,32757429288888,,33333333
depay_src,190,32757629288888,,
parser_src,190,32757629288888,,33333333
decoder_sink,190,32757629288888,,33333333
decoder_src,188,32757462611111,,33333333
depay_src,191,32757562611111,,
parser_src,191,32757562611111,,33333333
decoder_sink,191,32757562611111,,33333333
decoder_src,189,32757495944444,,33333333
depay_src,192,32757529288888,,
parser_src,192,32757529288888,,33333333
decoder_sink,192,32757529288888,,33333333
decoder_src,190,32757529288888,,33333333
depay_src,193,32757595944444,,
parser_src,193,32757595944444,,33333333
decoder_sink,193,32757595944444,,33333333
decoder_src,191,32757562611111,,33333333
depay_src,194,32757762611111,,
parser_src,194,32757762611111,,33333333
decoder_sink,194,32757762611111,,33333333
decoder_src,192,32757595944444,,33333333
depay_src,195,32757695944444,,
parser_src,195,32757695944444,,33333333
decoder_sink,195,32757695944444,,33333333
decoder_src,193,32757629288888,,33333333
depay_src,196,32757662611111,,
parser_src,196,32757662611111,,33333333
decoder_sink,196,32757662611111,,33333333
decoder_src,194,32757662611111,,33333333
depay_src,197,32757729288888,,
parser_src,197,32757729288888,,33333333
decoder_sink,197,32757729288888,,33333333
decoder_src,195,32757695944444,,33333333
depay_src,198,32757895944444,,
parser_src,198,32757895944444,,33333333
decoder_sink,198,32757895944444,,33333333
decoder_src,196,32757729288888,,33333333
depay_src,199,32757829288888,,
parser_src,199,32757829288888,,33333333
decoder_sink,199,32757829288888,,33333333
decoder_src,197,32757762611111,,33333333
depay_src,200,32757795944444,,
parser_src,200,32757795944444,,33333333
decoder_sink,200,32757795944444,,33333333
decoder_src,198,32757795944444,,33333333
depay_src,201,32757862611111,,
parser_src,201,32757862611111,,33333333
decoder_sink,201,32757862611111,,33333333
decoder_src,199,32757829288888,,33333333
depay_src,202,32758029288888,,
parser_src,202,32758029288888,,33333333
decoder_sink,202,32758029288888,,33333333
decoder_src,200,32757862611111,,33333333
depay_src,203,32757962611111,,
parser_src,203,32757962611111,,33333333
decoder_sink,203,32757962611111,,33333333
decoder_src,201,32757895944444,,33333333
depay_src,204,32757929288888,,
parser_src,204,32757929288888,,33333333
decoder_sink,204,32757929288888,,33333333
decoder_src,202,32757929288888,,33333333
depay_src,205,32757995944444,,
parser_src,205,32757995944444,,33333333
decoder_sink,205,32757995944444,,33333333
decoder_src,203,32757962611111,,33333333
depay_src,206,32758162611111,,
parser_src,206,32758162611111,,33333333
decoder_sink,206,32758162611111,,33333333
decoder_src,204,32757995944444,,33333333
depay_src,207,32758095944444,,
parser_src,207,32758095944444,,33333333
decoder_sink,207,32758095944444,,33333333
decoder_src,205,32758029288888,,33333333
depay_src,208,32758062611111,,
parser_src,208,32758062611111,,33333333
decoder_sink,208,32758062611111,,33333333
decoder_src,206,32758062611111,,33333333
depay_src,209,32758129288888,,
parser_src,209,32758129288888,,33333333
decoder_sink,209,32758129288888,,33333333
decoder_src,207,32758095944444,,33333333
depay_src,210,32758295944444,,
parser_src,210,32758295944444,,33333333
decoder_sink,210,32758295944444,,33333333
decoder_src,208,32758129288888,,33333333
depay_src,211,32758229288888,,
parser_src,211,32758229288888,,33333333
decoder_sink,211,32758229288888,,33333333
decoder_src,209,32758162611111,,33333333
depay_src,212,32758195944444,,
parser_src,212,32758195944444,,33333333
decoder_sink,212,32758195944444,,33333333
decoder_src,210,32758195944444,,33333333
depay_src,213,32758262611111,,
parser_src,213,32758262611111,,33333333
decoder_sink,213,32758262611111,,33333333
decoder_src,211,32758229288888,,33333333
depay_src,214,32758429288888,,
parser_src,214,32758429288888,,33333333
decoder_sink,214,32758429288888,,33333333
decoder_src,212,32758262611111,,33333333
depay_src,215,32758362611111,,
parser_src,215,32758362611111,,33333333
decoder_sink,215,32758362611111,,33333333
decoder_src,213,32758295944444,,33333333
depay_src,216,32758329288888,,
parser_src,216,32758329288888,,33333333
decoder_sink,216,32758329288888,,33333333
decoder_src,214,32758329288888,,33333333
depay_src,217,32758395944444,,
parser_src,217,32758395944444,,33333333
decoder_sink,217,32758395944444,,33333333
decoder_src,215,32758362611111,,33333333
depay_src,218,32758562611111,,
parser_src,218,32758562611111,,33333333
decoder_sink,218,32758562611111,,33333333
decoder_src,216,32758395944444,,33333333
depay_src,219,32758495944444,,
parser_src,219,32758495944444,,33333333
decoder_sink,219,32758495944444,,33333333
decoder_src,217,32758429288888,,33333333
depay_src,220,32758462611111,,
parser_src,220,32758462611111,,33333333
decoder_sink,220,32758462611111,,33333333
decoder_src,218,32758462611111,,33333333
depay_src,221,32758529288888,,
parser_src,221,32758529288888,,33333333
decoder_sink,221,32758529288888,,33333333
decoder_src,219,32758495944444,,33333333
depay_src,222,32758695944444,,
parser_src,222,32758695944444,,33333333
decoder_sink,222,32758695944444,,33333333
decoder_src,220,32758529288888,,33333333
depay_src,223,32758629288888,,
parser_src,223,32758629288888,,33333333
decoder_sink,223,32758629288888,,33333333
decoder_src,221,32758562611111,,33333333
depay_src,224,32758595944444,,
parser_src,224,32758595944444,,33333333
decoder_sink,224,32758595944444,,33333333
decoder_src,222,32758595944444,,33333333
depay_src,225,32758662611111,,
parser_src,225,32758662611111,,33333333
decoder_sink,225,32758662611111,,33333333
decoder_src,223,32758629288888,,33333333
depay_src,226,32758829288888,,
parser_src,226,32758829288888,,33333333
decoder_sink,226,32758829288888,,33333333
decoder_src,224,32758662611111,,33333333
depay_src,227,32758762611111,,
parser_src,227,32758762611111,,33333333
decoder_sink,227,32758762611111,,33333333
decoder_src,225,32758695944444,,33333333
depay_src,228,32758729288888,,
parser_src,228,32758729288888,,33333333
decoder_sink,228,32758729288888,,33333333
decoder_src,226,32758729288888,,33333333
depay_src,229,32758795944444,,
parser_src,229,32758795944444,,33333333
decoder_sink,229,32758795944444,,33333333
decoder_src,227,32758762611111,,33333333
depay_src,230,32758962611111,,
parser_src,230,32758962611111,,33333333
decoder_sink,230,32758962611111,,33333333
decoder_src,228,32758795944444,,33333333
depay_src,231,32758895944444,,
parser_src,231,32758895944444,,33333333
decoder_sink,231,32758895944444,,33333333
decoder_src,229,32758829288888,,33333333
depay_src,232,32758862611111,,
parser_src,232,32758862611111,,33333333
decoder_sink,232,32758862611111,,33333333
decoder_src,230,32758862611111,,33333333
depay_src,233,32758929288888,,
parser_src,233,32758929288888,,33333333
decoder_sink,233,32758929288888,,33333333
decoder_src,231,32758895944444,,33333333
depay_src,234,32759095944444,,
parser_src,234,32759095944444,,33333333
decoder_sink,234,32759095944444,,33333333
decoder_src,232,32758929288888,,33333333
depay_src,235,32759029288888,,
parser_src,235,32759029288888,,33333333
decoder_sink,235,32759029288888,,33333333
decoder_src,233,32758962611111,,33333333
depay_src,236,32758995944444,,
parser_src,236,32758995944444,,33333333
decoder_sink,236,32758995944444,,33333333
decoder_src,234,32758995944444,,33333333
depay_src,237,32759062611111,,
parser_src,237,32759062611111,,33333333
decoder_sink,237,32759062611111,,33333333
decoder_src,235,32759029288888,,33333333
depay_src,238,32759229288888,,
parser_src,238,32759229288888,,33333333
decoder_sink,238,32759229288888,,33333333
decoder_src,236,32759062611111,,33333333
depay_src,239,32759162611111,,
parser_src,239,32759162611111,,33333333
decoder_sink,239,32759162611111,,33333333
decoder_src,237,32759095944444,,33333333
depay_src,240,32759129288888,,
parser_src,240,32759129288888,,33333333
decoder_sink,240,32759129288888,,33333333
decoder_src,238,32759129288888,,33333333
depay_src,241,32759195944444,,
parser_src,241,32759195944444,,33333333
decoder_sink,241,32759195944444,,33333333
decoder_src,239,32759162611111,,33333333
depay_src,242,32759362611111,,
parser_src,242,32759362611111,,33333333
decoder_sink,242,32759362611111,,33333333
decoder_src,240,32759195944444,,33333333
depay_src,243,32759295944444,,
parser_src,243,32759295944444,,33333333
decoder_sink,243,32759295944444,,33333333
decoder_src,241,32759229288888,,33333333
depay_src,244,32759262611111,,
parser_src,244,32759262611111,,33333333
decoder_sink,244,32759262611111,,33333333
decoder_src,242,32759262611111,,33333333
depay_src,245,32759329288888,,
parser_src,245,32759329288888,,33333333
decoder_sink,245,32759329288888,,33333333
decoder_src,243,32759295944444,,33333333
depay_src,246,32759495944444,,
parser_src,246,32759495944444,,33333333
decoder_sink,246,32759495944444,,33333333
decoder_src,244,32759329288888,,33333333
depay_src,247,32759429288888,,
parser_src,247,32759429288888,,33333333
decoder_sink,247,32759429288888,,33333333
decoder_src,245,32759362611111,,33333333
depay_src,248,32759395944444,,
parser_src,248,32759395944444,,33333333
decoder_sink,248,32759395944444,,33333333
decoder_src,246,32759395944444,,33333333
depay_src,249,32759462611111,,
parser_src,249,32759462611111,,33333333
decoder_sink,249,32759462611111,,33333333
decoder_src,247,32759429288888,,33333333
depay_src,250,32759629288888,,
parser_src,250,32759629288888,,33333333
decoder_sink,250,32759629288888,,33333333
decoder_src,248,32759462611111,,33333333
depay_src,251,32759562611111,,
parser_src,251,32759562611111,,33333333
decoder_sink,251,32759562611111,,33333333
decoder_src,249,32759495944444,,33333333
depay_src,252,32759529288888,,
parser_src,252,32759529288888,,33333333
decoder_sink,252,32759529288888,,33333333
decoder_src,250,32759529288888,,33333333
depay_src,253,32759595944444,,
parser_src,253,32759595944444,,33333333
decoder_sink,253,32759595944444,,33333333
decoder_src,251,32759562611111,,33333333
depay_src,254,32759762611111,,
parser_src,254,32759762611111,,33333333
decoder_sink,254,32759762611111,,33333333
decoder_src,252,32759595944444,,33333333
depay_src,255,32759695944444,,
parser_src,255,32759695944444,,33333333
decoder_sink,255,32759695944444,,33333333
decoder_src,253,32759629288888,,33333333
depay_src,256,32759662611111,,
parser_src,256,32759662611111,,33333333
decoder_sink,256,32759662611111,,33333333
decoder_src,254,32759662611111,,33333333
depay_src,257,32759729288888,,
parser_src,257,32759729288888,,33333333
decoder_sink,257,32759729288888,,33333333
decoder_src,255,32759695944444,,33333333
depay_src,258,32759895944444,,
parser_src,258,32759895944444,,33333333
decoder_sink,258,32759895944444,,33333333
decoder_src,256,32759729288888,,33333333
depay_src,259,32759829288888,,
parser_src,259,32759829288888,,33333333
decoder_sink,259,32759829288888,,33333333
decoder_src,257,32759762611111,,33333333
depay_src,260,32759795944444,,
parser_src,260,32759795944444,,33333333
decoder_sink,260,32759795944444,,33333333
decoder_src,258,32759795944444,,33333333
depay_src,261,32759862611111,,
parser_src,261,32759862611111,,33333333
decoder_sink,261,32759862611111,,33333333
decoder_src,259,32759829288888,,33333333
depay_src,262,32760029288888,,
parser_src,262,32760029288888,,33333333
decoder_sink,262,32760029288888,,33333333
decoder_src,260,32759862611111,,33333333
depay_src,263,32759962611111,,
parser_src,263,32759962611111,,33333333
decoder_sink,263,32759962611111,,33333333
decoder_src,261,32759895944444,,33333333
depay_src,264,32759929288888,,
parser_src,264,32759929288888,,33333333
decoder_sink,264,32759929288888,,33333333
decoder_src,262,32759929288888,,33333333
depay_src,265,32759995944444,,
parser_src,265,32759995944444,,33333333
decoder_sink,265,32759995944444,,33333333
decoder_src,263,32759962611111,,33333333
depay_src,266,32760162611111,,
parser_src,266,32760162611111,,33333333
decoder_sink,266,32760162611111,,33333333
decoder_src,264,32759995944444,,33333333
depay_src,267,32760095944444,,
parser_src,267,32760095944444,,33333333
decoder_sink,267,32760095944444,,33333333
decoder_src,265,32760029288888,,33333333
depay_src,268,32760062611111,,
parser_src,268,32760062611111,,33333333
decoder_sink,268,32760062611111,,33333333
decoder_src,266,32760062611111,,33333333
depay_src,269,32760129288888,,
parser_src,269,32760129288888,,33333333
decoder_sink,269,32760129288888,,33333333
decoder_src,267,32760095944444,,33333333
depay_src,270,32760195944444,,
parser_src,270,32760195944444,,33333333
decoder_sink,270,32760195944444,,33333333
decoder_src,268,32760129288888,,33333333
depay_src,271,32760229288888,,
parser_src,271,32760229288888,,33333333
decoder_sink,271,32760229288888,,33333333
decoder_src,269,32760162611111,,33333333
depay_src,272,32760362611111,,
parser_src,272,32760362611111,,33333333
decoder_sink,272,32760362611111,,33333333
decoder_src,270,32760195944444,,33333333
depay_src,273,32760295944444,,
parser_src,273,32760295944444,,33333333
decoder_sink,273,32760295944444,,33333333
decoder_src,271,32760229288888,,33333333
depay_src,274,32760262611111,,
parser_src,274,32760262611111,,33333333
decoder_sink,274,32760262611111,,33333333
decoder_src,272,32760262611111,,33333333
depay_src,275,32760329288888,,
parser_src,275,32760329288888,,33333333
decoder_sink,275,32760329288888,,33333333
decoder_src,273,32760295944444,,33333333
depay_src,276,32760495944444,,
parser_src,276,32760495944444,,33333333
decoder_sink,276,32760495944444,,33333333
decoder_src,274,32760329288888,,33333333
depay_src,277,32760429288888,,
parser_src,277,32760429288888,,33333333
decoder_sink,277,32760429288888,,33333333
decoder_src,275,32760362611111,,33333333
depay_src,278,32760395944444,,
parser_src,278,32760395944444,,33333333
decoder_sink,278,32760395944444,,33333333
decoder_src,276,32760395944444,,33333333
depay_src,279,32760462611111,,
parser_src,279,32760462611111,,33333333
decoder_sink,279,32760462611111,,33333333
decoder_src,277,32760429288888,,33333333
depay_src,280,32760629288888,,
parser_src,280,32760629288888,,33333333
decoder_sink,280,32760629288888,,33333333
decoder_src,278,32760462611111,,33333333
depay_src,281,32760562611111,,
parser_src,281,32760562611111,,33333333
decoder_sink,281,32760562611111,,33333333
decoder_src,279,32760495944444,,33333333
depay_src,282,32760529288888,,
parser_src,282,32760529288888,,33333333
decoder_sink,282,32760529288888,,33333333
decoder_src,280,32760529288888,,33333333
depay_src,283,32760595944444,,
parser_src,283,32760595944444,,33333333
decoder_sink,283,32760595944444,,33333333
decoder_src,281,32760562611111,,33333333
depay_src,284,32760762611111,,
parser_src,284,32760762611111,,33333333
decoder_sink,284,32760762611111,,33333333
decoder_src,282,32760595944444,,33333333
depay_src,285,32760695944444,,
parser_src,285,32760695944444,,33333333
decoder_sink,285,32760695944444,,33333333
decoder_src,283,32760629288888,,33333333
depay_src,286,32760662611111,,
parser_src,286,32760662611111,,33333333
decoder_sink,286,32760662611111,,33333333
decoder_src,284,32760662611111,,33333333
depay_src,287,32760729288888,,
parser_src,287,32760729288888,,33333333
decoder_sink,287,32760729288888,,33333333
decoder_src,285,32760695944444,,33333333
depay_src,288,32760895944444,,
parser_src,288,32760895944444,,33333333
decoder_sink,288,32760895944444,,33333333
decoder_src,286,32760729288888,,33333333
depay_src,289,32760829288888,,
parser_src,289,32760829288888,,33333333
decoder_sink,289,32760829288888,,33333333
decoder_src,287,32760762611111,,33333333
depay_src,290,32760795944444,,
parser_src,290,32760795944444,,33333333
decoder_sink,290,32760795944444,,33333333
decoder_src,288,32760795944444,,33333333
depay_src,291,32760862611111,,
parser_src,291,32760862611111,,33333333
decoder_sink,291,32760862611111,,33333333
decoder_src,289,32760829288888,,33333333
depay_src,292,32761029288888,,
parser_src,292,32761029288888,,33333333
decoder_sink,292,32761029288888,,33333333
decoder_src,290,32760862611111,,33333333
depay_src,293,32760962611111,,
parser_src,293,32760962611111,,33333333
decoder_sink,293,32760962611111,,33333333
decoder_src,291,32760895944444,,33333333
depay_src,294,32760929288888,,
parser_src,294,32760929288888,,33333333
decoder_sink,294,32760929288888,,33333333
decoder_src,292,32760929288888,,33333333
depay_src,295,32760995944444,,
parser_src,295,32760995944444,,33333333
decoder_sink,295,32760995944444,,33333333
decoder_src,293,32760962611111,,33333333
depay_src,296,32761162611111,,
parser_src,296,32761162611111,,33333333
decoder_sink,296,32761162611111,,33333333
decoder_src,294,32760995944444,,33333333
depay_src,297,32761095944444,,
parser_src,297,32761095944444,,33333333
decoder_sink,297,32761095944444,,33333333
decoder_src,295,32761029288888,,33333333
depay_src,298,32761062611111,,
parser_src,298,32761062611111,,33333333
decoder_sink,298,32761062611111,,33333333
decoder_src,296,32761062611111,,33333333
depay_src,299,32761129288888,,
parser_src,299,32761129288888,,33333333
decoder_sink,299,32761129288888,,33333333
decoder_src,297,32761095944444,,33333333
depay_src,300,32761229288888,,
parser_src,300,32761229288888,,33333333
decoder_sink,300,32761229288888,,33333333
decoder_src,298,32761129288888,,33333333
depay_src,301,32761195944444,,
parser_src,301,32761195944444,,33333333
decoder_sink,301,32761195944444,,33333333
decoder_src,299,32761162611111,,33333333
depay_src,302,32761362611111,,
parser_src,302,32761362611111,,33333333
decoder_sink,302,32761362611111,,33333333
decoder_src,300,32761195944444,,33333333
depay_src,303,32761295944444,,
parser_src,303,32761295944444,,33333333
decoder_sink,303,32761295944444,,33333333
decoder_src,301,32761229288888,,33333333
depay_src,304,32761262611111,,
parser_src,304,32761262611111,,33333333
decoder_sink,304,32761262611111,,33333333
decoder_src,302,32761262611111,,33333333
depay_src,305,32761329288888,,
parser_src,305,32761329288888,,33333333
decoder_sink,305,32761329288888,,33333333
decoder_src,303,32761295944444,,33333333
depay_src,306,32761495944444,,
parser_src,306,32761495944444,,33333333
decoder_sink,306,32761495944444,,33333333
decoder_src,304,32761329288888,,33333333
depay_src,307,32761429288888,,
parser_src,307,32761429288888,,33333333
decoder_sink,307,32761429288888,,33333333
decoder_src,305,32761362611111,,33333333
depay_src,308,32761395944444,,
parser_src,308,32761395944444,,33333333
decoder_sink,308,32761395944444,,33333333
decoder_src,306,32761395944444,,33333333
depay_src,309,32761462611111,,
parser_src,309,32761462611111,,33333333
decoder_sink,309,32761462611111,,33333333
decoder_src,307,32761429288888,,33333333
depay_src,310,32761629288888,,
parser_src,310,32761629288888,,33333333
decoder_sink,310,32761629288888,,33333333
decoder_src,308,32761462611111,,33333333
depay_src,311,32761562611111,,
parser_src,311,32761562611111,,33333333
decoder_sink,311,32761562611111,,33333333
decoder_src,309,32761495944444,,33333333
depay_src,312,32761529288888,,
parser_src,312,32761529288888,,33333333
decoder_sink,312,32761529288888,,33333333
decoder_src,310,32761529288888,,33333333
depay_src,313,32761595944444,,
parser_src,313,32761595944444,,33333333
decoder_sink,313,32761595944444,,33333333
decoder_src,311,32761562611111,,33333333
depay_src,314,32761762611111,,
parser_src,314,32761762611111,,33333333
decoder_sink,314,32761762611111,,33333333
decoder_src,312,32761595944444,,33333333
depay_src,315,32761695944444,,
parser_src,315,32761695944444,,33333333
decoder_sink,315,32761695944444,,33333333
decoder_src,313,32761629288888,,33333333
depay_src,316,32761662611111,,
parser_src,316,32761662611111,,33333333
decoder_sink,316,32761662611111,,33333333
decoder_src,314,32761662611111,,33333333
depay_src,317,32761729288888,,
parser_src,317,32761729288888,,33333333
decoder_sink,317,32761729288888,,33333333
decoder_src,315,32761695944444,,33333333
depay_src,318,32761895944444,,
parser_src,318,32761895944444,,33333333
decoder_sink,318,32761895944444,,33333333
decoder_src,316,32761729288888,,33333333
depay_src,319,32761829288888,,
parser_src,319,32761829288888,,33333333
decoder_sink,319,32761829288888,,33333333
decoder_src,317,32761762611111,,33333333
depay_src,320,32761795944444,,
parser_src,320,32761795944444,,33333333
decoder_sink,320,32761795944444,,33333333
decoder_src,318,32761795944444,,33333333
depay_src,321,32761862611111,,
parser_src,321,32761862611111,,33333333
decoder_sink,321,32761862611111,,33333333
decoder_src,319,32761829288888,,33333333
depay_src,322,32762029288888,,
parser_src,322,32762029288888,,33333333
decoder_sink,322,32762029288888,,33333333
decoder_src,320,32761862611111,,33333333
depay_src,323,32761962611111,,
parser_src,323,32761962611111,,33333333
decoder_sink,323,32761962611111,,33333333
decoder_src,321,32761895944444,,33333333
depay_src,324,32761929288888,,
parser_src,324,32761929288888,,33333333
decoder_sink,324,32761929288888,,33333333
decoder_src,322,32761929288888,,33333333
depay_src,325,32761995944444,,
parser_src,325,32761995944444,,33333333
decoder_sink,325,32761995944444,,33333333
decoder_src,323,32761962611111,,33333333
depay_src,326,32762162611111,,
parser_src,326,32762162611111,,33333333
decoder_sink,326,32762162611111,,33333333
decoder_src,324,32761995944444,,33333333
depay_src,327,32762095944444,,
parser_src,327,32762095944444,,33333333
decoder_sink,327,32762095944444,,33333333
decoder_src,325,32762029288888,,33333333
depay_src,328,32762062611111,,
parser_src,328,32762062611111,,33333333
decoder_sink,328,32762062611111,,33333333
decoder_src,326,32762062611111,,33333333
depay_src,329,32762129288888,,
parser_src,329,32762129288888,,33333333
decoder_sink,329,32762129288888,,33333333
decoder_src,327,32762095944444,,33333333
depay_src,330,32762295944444,,
parser_src,330,32762295944444,,33333333
decoder_sink,330,32762295944444,,33333333
decoder_src,328,32762129288888,,33333333
depay_src,331,32762229288888,,
parser_src,331,32762229288888,,33333333
decoder_sink,331,32762229288888,,33333333
decoder_src,329,32762162611111,,33333333
depay_src,332,32762195944444,,
parser_src,332,32762195944444,,33333333
decoder_sink,332,32762195944444,,33333333
decoder_src,330,32762195944444,,33333333
depay_src,333,32762262611111,,
parser_src,333,32762262611111,,33333333
decoder_sink,333,32762262611111,,33333333
decoder_src,331,32762229288888,,33333333
depay_src,334,32762429288888,,
parser_src,334,32762429288888,,33333333
decoder_sink,334,32762429288888,,33333333
decoder_src,332,32762262611111,,33333333
depay_src,335,32762362611111,,
parser_src,335,32762362611111,,33333333
decoder_sink,335,32762362611111,,33333333
decoder_src,333,32762295944444,,33333333
depay_src,336,32762329288888,,
parser_src,336,32762329288888,,33333333
decoder_sink,336,32762329288888,,33333333
decoder_src,334,32762329288888,,33333333
depay_src,337,32762395944444,,
parser_src,337,32762395944444,,33333333
decoder_sink,337,32762395944444,,33333333
decoder_src,335,32762362611111,,33333333
depay_src,338,32762562611111,,
parser_src,338,32762562611111,,33333333
decoder_sink,338,32762562611111,,33333333
decoder_src,336,32762395944444,,33333333
depay_src,339,32762495944444,,
parser_src,339,32762495944444,,33333333
decoder_sink,339,32762495944444,,33333333
decoder_src,337,32762429288888,,33333333
depay_src,340,32762462611111,,
parser_src,340,32762462611111,,33333333
decoder_sink,340,32762462611111,,33333333
decoder_src,338,32762462611111,,33333333
depay_src,341,32762529288888,,
parser_src,341,32762529288888,,33333333
decoder_sink,341,32762529288888,,33333333
decoder_src,339,32762495944444,,33333333
depay_src,342,32762695944444,,
parser_src,342,32762695944444,,33333333
decoder_sink,342,32762695944444,,33333333
decoder_src,340,32762529288888,,33333333
depay_src,343,32762629288888,,
parser_src,343,32762629288888,,33333333
decoder_sink,343,32762629288888,,33333333
decoder_src,341,32762562611111,,33333333
depay_src,344,32762595944444,,
parser_src,344,32762595944444,,33333333
decoder_sink,344,32762595944444,,33333333
decoder_src,342,32762595944444,,33333333
depay_src,345,32762662611111,,
parser_src,345,32762662611111,,33333333
decoder_sink,345,32762662611111,,33333333
decoder_src,343,32762629288888,,33333333
depay_src,346,32762829288888,,
parser_src,346,32762829288888,,33333333
decoder_sink,346,32762829288888,,33333333
decoder_src,344,32762662611111,,33333333
depay_src,347,32762762611111,,
parser_src,347,32762762611111,,33333333
decoder_sink,347,32762762611111,,33333333
decoder_src,345,32762695944444,,33333333
depay_src,348,32762729288888,,
parser_src,348,32762729288888,,33333333
decoder_sink,348,32762729288888,,33333333
decoder_src,346,32762729288888,,33333333
depay_src,349,32762795944444,,
parser_src,349,32762795944444,,33333333
decoder_sink,349,32762795944444,,33333333
decoder_src,347,32762762611111,,33333333
depay_src,350,32762962611111,,
parser_src,350,32762962611111,,33333333
decoder_sink,350,32762962611111,,33333333
decoder_src,348,32762795944444,,33333333
depay_src,351,32762895944444,,
parser_src,351,32762895944444,,33333333
decoder_sink,351,32762895944444,,33333333
decoder_src,349,32762829288888,,33333333
depay_src,352,32762862611111,,
parser_src,352,32762862611111,,33333333
decoder_sink,352,32762862611111,,33333333
decoder_src,350,32762862611111,,33333333
depay_src,353,32762929288888,,
parser_src,353,32762929288888,,33333333
decoder_sink,353,32762929288888,,33333333
decoder_src,351,32762895944444,,33333333
depay_src,354,32763095944444,,
parser_src,354,32763095944444,,33333333
decoder_sink,354,32763095944444,,33333333
decoder_src,352,32762929288888,,33333333
depay_src,355,32763029288888,,
parser_src,355,32763029288888,,33333333
decoder_sink,355,32763029288888,,33333333
decoder_src,353,32762962611111,,33333333
depay_src,356,32762995944444,,
parser_src,356,32762995944444,,33333333
decoder_sink,356,32762995944444,,33333333
decoder_src,354,32762995944444,,33333333
depay_src,357,32763062611111,,
parser_src,357,32763062611111,,33333333
decoder_sink,357,32763062611111,,33333333
decoder_src,355,32763029288888,,33333333
depay_src,358,32763229288888,,
parser_src,358,32763229288888,,33333333
decoder_sink,358,32763229288888,,33333333
decoder_src,356,32763062611111,,33333333
depay_src,359,32763162611111,,
parser_src,359,32763162611111,,33333333
decoder_sink,359,32763162611111,,33333333
decoder_src,357,32763095944444,,33333333
depay_src,360,32763129288888,,
parser_src,360,32763129288888,,33333333
decoder_sink,360,32763129288888,,33333333
decoder_src,358,32763129288888,,33333333
depay_src,361,32763195944444,,
parser_src,361,32763195944444,,33333333
decoder_sink,361,32763195944444,,33333333
decoder_src,359,32763162611111,,33333333
depay_src,362,32763362611111,,
parser_src,362,32763362611111,,33333333
decoder_sink,362,32763362611111,,33333333
decoder_src,360,32763195944444,,33333333
depay_src,363,32763295944444,,
parser_src,363,32763295944444,,33333333
decoder_sink,363,32763295944444,,33333333
decoder_src,361,32763229288888,,33333333
depay_src,364,32763262611111,,
parser_src,364,32763262611111,,33333333
decoder_sink,364,32763262611111,,33333333
decoder_src,362,32763262611111,,33333333
depay_src,365,32763329288888,,
parser_src,365,32763329288888,,33333333
decoder_sink,365,32763329288888,,33333333
decoder_src,363,32763295944444,,33333333
depay_src,366,32763495944444,,
parser_src,366,32763495944444,,33333333
decoder_sink,366,32763495944444,,33333333
decoder_src,364,32763329288888,,33333333
depay_src,367,32763429288888,,
parser_src,367,32763429288888,,33333333
decoder_sink,367,32763429288888,,33333333
decoder_src,365,32763362611111,,33333333
depay_src,368,32763395944444,,
parser_src,368,32763395944444,,33333333
decoder_sink,368,32763395944444,,33333333
decoder_src,366,32763395944444,,33333333
depay_src,369,32763462611111,,
parser_src,369,32763462611111,,33333333
decoder_sink,369,32763462611111,,33333333
decoder_src,367,32763429288888,,33333333
depay_src,370,32763629288888,,
parser_src,370,32763629288888,,33333333
decoder_sink,370,32763629288888,,33333333
decoder_src,368,32763462611111,,33333333
depay_src,371,32763562611111,,
parser_src,371,32763562611111,,33333333
decoder_sink,371,32763562611111,,33333333
decoder_src,369,32763495944444,,33333333
depay_src,372,32763529288888,,
parser_src,372,32763529288888,,33333333
decoder_sink,372,32763529288888,,33333333
decoder_src,370,32763529288888,,33333333
depay_src,373,32763595944444,,
parser_src,373,32763595944444,,33333333
decoder_sink,373,32763595944444,,33333333
decoder_src,371,32763562611111,,33333333
depay_src,374,32763762611111,,
parser_src,374,32763762611111,,33333333
decoder_sink,374,32763762611111,,33333333
decoder_src,372,32763595944444,,33333333
depay_src,375,32763695944444,,
parser_src,375,32763695944444,,33333333
decoder_sink,375,32763695944444,,33333333
decoder_src,373,32763629288888,,33333333
depay_src,376,32763662611111,,
parser_src,376,32763662611111,,33333333
decoder_sink,376,32763662611111,,33333333
decoder_src,374,32763662611111,,33333333
depay_src,377,32763729288888,,
parser_src,377,32763729288888,,33333333
decoder_sink,377,32763729288888,,33333333
decoder_src,375,32763695944444,,33333333
depay_src,378,32763895944444,,
parser_src,378,32763895944444,,33333333
decoder_sink,378,32763895944444,,33333333
decoder_src,376,32763729288888,,33333333
depay_src,379,32763829288888,,
parser_src,379,32763829288888,,33333333
decoder_sink,379,32763829288888,,33333333
decoder_src,377,32763762611111,,33333333
depay_src,380,32763795944444,,
parser_src,380,32763795944444,,33333333
decoder_sink,380,32763795944444,,33333333
decoder_src,378,32763795944444,,33333333
depay_src,381,32763862611111,,
parser_src,381,32763862611111,,33333333
decoder_sink,381,32763862611111,,33333333
decoder_src,379,32763829288888,,33333333
depay_src,382,32764029288888,,
parser_src,382,32764029288888,,33333333
decoder_sink,382,32764029288888,,33333333
decoder_src,380,32763862611111,,33333333
depay_src,383,32763962611111,,
parser_src,383,32763962611111,,33333333
decoder_sink,383,32763962611111,,33333333
decoder_src,381,32763895944444,,33333333
depay_src,384,32763929288888,,
parser_src,384,32763929288888,,33333333
decoder_sink,384,32763929288888,,33333333
decoder_src,382,32763929288888,,33333333
depay_src,385,32763995944444,,
parser_src,385,32763995944444,,33333333
decoder_sink,385,32763995944444,,33333333
decoder_src,383,32763962611111,,33333333
depay_src,386,32764162611111,,
parser_src,386,32764162611111,,33333333
decoder_sink,386,32764162611111,,33333333
decoder_src,384,32763995944444,,33333333
depay_src,387,32764095944444,,
parser_src,387,32764095944444,,33333333
decoder_sink,387,32764095944444,,33333333
decoder_src,385,32764029288888,,33333333
depay_src,388,32764062611111,,
parser_src,388,32764062611111,,33333333
decoder_sink,388,32764062611111,,33333333
decoder_src,386,32764062611111,,33333333
depay_src,389,32764129288888,,
parser_src,389,32764129288888,,33333333
decoder_sink,389,32764129288888,,33333333
decoder_src,387,32764095944444,,33333333
depay_src,390,32764295944444,,
parser_src,390,32764295944444,,33333333
decoder_sink,390,32764295944444,,33333333
decoder_src,388,32764129288888,,33333333
depay_src,391,32764229288888,,
parser_src,391,32764229288888,,33333333
decoder_sink,391,32764229288888,,33333333
decoder_src,389,32764162611111,,33333333
depay_src,392,32764195944444,,
parser_src,392,32764195944444,,33333333
decoder_sink,392,32764195944444,,33333333
decoder_src,390,32764195944444,,33333333
depay_src,393,32764262611111,,
parser_src,393,32764262611111,,33333333
decoder_sink,393,32764262611111,,33333333
decoder_src,391,32764229288888,,33333333
depay_src,394,32764429288888,,
parser_src,394,32764429288888,,33333333
decoder_sink,394,32764429288888,,33333333
decoder_src,392,32764262611111,,33333333
depay_src,395,32764362611111,,
parser_src,395,32764362611111,,33333333
decoder_sink,395,32764362611111,,33333333
decoder_src,393,32764295944444,,33333333
depay_src,396,32764329288888,,
parser_src,396,32764329288888,,33333333
decoder_sink,396,32764329288888,,33333333
decoder_src,394,32764329288888,,33333333
depay_src,397,32764395944444,,
parser_src,397,32764395944444,,33333333
decoder_sink,397,32764395944444,,33333333
decoder_src,395,32764362611111,,33333333
depay_src,398,32764562611111,,
parser_src,398,32764562611111,,33333333
decoder_sink,398,32764562611111,,33333333
decoder_src,396,32764395944444,,33333333
depay_src,399,32764495944444,,
parser_src,399,32764495944444,,33333333
decoder_sink,399,32764495944444,,33333333
decoder_src,397,32764429288888,,33333333
depay_src,400,32764462611111,,
parser_src,400,32764462611111,,33333333
decoder_sink,400,32764462611111,,33333333
decoder_src,398,32764462611111,,33333333
depay_src,401,32764529288888,,
parser_src,401,32764529288888,,33333333
decoder_sink,401,32764529288888,,33333333
decoder_src,399,32764495944444,,33333333
depay_src,402,32764695944444,,
parser_src,402,32764695944444,,33333333
decoder_sink,402,32764695944444,,33333333
decoder_src,400,32764529288888,,33333333
depay_src,403,32764629288888,,
parser_src,403,32764629288888,,33333333
decoder_sink,403,32764629288888,,33333333
decoder_src,401,32764562611111,,33333333
depay_src,404,32764595944444,,
parser_src,404,32764595944444,,33333333
decoder_sink,404,32764595944444,,33333333
decoder_src,402,32764595944444,,33333333
depay_src,405,32764662611111,,
parser_src,405,32764662611111,,33333333
decoder_sink,405,32764662611111,,33333333
decoder_src,403,32764629288888,,33333333
depay_src,406,32764829288888,,
parser_src,406,32764829288888,,33333333
decoder_sink,406,32764829288888,,33333333
decoder_src,404,32764662611111,,33333333
depay_src,407,32764762611111,,
parser_src,407,32764762611111,,33333333
decoder_sink,407,32764762611111,,33333333
decoder_src,405,32764695944444,,33333333
depay_src,408,32764729288888,,
parser_src,408,32764729288888,,33333333
decoder_sink,408,32764729288888,,33333333
decoder_src,406,32764729288888,,33333333
depay_src,409,32764795944444,,
parser_src,409,32764795944444,,33333333
decoder_sink,409,32764795944444,,33333333
decoder_src,407,32764762611111,,33333333
depay_src,410,32764962611111,,
parser_src,410,32764962611111,,33333333
decoder_sink,410,32764962611111,,33333333
decoder_src,408,32764795944444,,33333333
depay_src,411,32764895944444,,
parser_src,411,32764895944444,,33333333
decoder_sink,411,32764895944444,,33333333
decoder_src,409,32764829288888,,33333333
depay_src,412,32764862611111,,
parser_src,412,32764862611111,,33333333
decoder_sink,412,32764862611111,,33333333
decoder_src,410,32764862611111,,33333333
depay_src,413,32764929288888,,
parser_src,413,32764929288888,,33333333
decoder_sink,413,32764929288888,,33333333
decoder_src,411,32764895944444,,33333333
depay_src,414,32765095944444,,
parser_src,414,32765095944444,,33333333
decoder_sink,414,32765095944444,,33333333
decoder_src,412,32764929288888,,33333333
depay_src,415,32765029288888,,
parser_src,415,32765029288888,,33333333
decoder_sink,415,32765029288888,,33333333
decoder_src,413,32764962611111,,33333333
depay_src,416,32764995944444,,
parser_src,416,32764995944444,,33333333
decoder_sink,416,32764995944444,,33333333
decoder_src,414,32764995944444,,33333333
depay_src,417,32765062611111,,
parser_src,417,32765062611111,,33333333
decoder_sink,417,32765062611111,,33333333
decoder_src,415,32765029288888,,33333333
depay_src,418,32765229288888,,
parser_src,418,32765229288888,,33333333
decoder_sink,418,32765229288888,,33333333
decoder_src,416,32765062611111,,33333333
depay_src,419,32765162611111,,
parser_src,419,32765162611111,,33333333
decoder_sink,419,32765162611111,,33333333
decoder_src,417,32765095944444,,33333333
depay_src,420,32765129288888,,
parser_src,420,32765129288888,,33333333
decoder_sink,420,32765129288888,,33333333
decoder_src,418,32765129288888,,33333333
depay_src,421,32765195944444,,
parser_src,421,32765195944444,,33333333
decoder_sink,421,32765195944444,,33333333
decoder_src,419,32765162611111,,33333333
depay_src,422,32765362611111,,
parser_src,422,32765362611111,,33333333
decoder_sink,422,32765362611111,,33333333
decoder_src,420,32765195944444,,33333333
depay_src,423,32765295944444,,
parser_src,423,32765295944444,,33333333
decoder_sink,423,32765295944444,,33333333
decoder_src,421,32765229288888,,33333333
depay_src,424,32765262611111,,
parser_src,424,32765262611111,,33333333
decoder_sink,424,32765262611111,,33333333
decoder_src,422,32765262611111,,33333333
depay_src,425,32765329288888,,
parser_src,425,32765329288888,,33333333
decoder_sink,425,32765329288888,,33333333
decoder_src,423,32765295944444,,33333333
depay_src,426,32765495944444,,
parser_src,426,32765495944444,,33333333
decoder_sink,426,32765495944444,,33333333
decoder_src,424,32765329288888,,33333333
depay_src,427,32765429288888,,
parser_src,427,32765429288888,,33333333
decoder_sink,427,32765429288888,,33333333
decoder_src,425,32765362611111,,33333333
depay_src,428,32765395944444,,
parser_src,428,32765395944444,,33333333
decoder_sink,428,32765395944444,,33333333
decoder_src,426,32765395944444,,33333333
depay_src,429,32765462611111,,
parser_src,429,32765462611111,,33333333
decoder_sink,429,32765462611111,,33333333
decoder_src,427,32765429288888,,33333333
depay_src,430,32765629288888,,
parser_src,430,32765629288888,,33333333
decoder_sink,430,32765629288888,,33333333
decoder_src,428,32765462611111,,33333333
depay_src,431,32765562611111,,
parser_src,431,32765562611111,,33333333
decoder_sink,431,32765562611111,,33333333
decoder_src,429,32765495944444,,33333333
depay_src,432,32765529288888,,
parser_src,432,32765529288888,,33333333
decoder_sink,432,32765529288888,,33333333
decoder_src,430,32765529288888,,33333333
depay_src,433,32765595944444,,
parser_src,433,32765595944444,,33333333
decoder_sink,433,32765595944444,,33333333
decoder_src,431,32765562611111,,33333333
depay_src,434,32765762611111,,
parser_src,434,32765762611111,,33333333
decoder_sink,434,32765762611111,,33333333
decoder_src,432,32765595944444,,33333333
depay_src,435,32765695944444,,
parser_src,435,32765695944444,,33333333
decoder_sink,435,32765695944444,,33333333
decoder_src,433,32765629288888,,33333333
depay_src,436,32765662611111,,
parser_src,436,32765662611111,,33333333
decoder_sink,436,32765662611111,,33333333
decoder_src,434,32765662611111,,33333333
depay_src,437,32765729288888,,
parser_src,437,32765729288888,,33333333
decoder_sink,437,32765729288888,,33333333
decoder_src,435,32765695944444,,33333333
depay_src,438,32765895944444,,
parser_src,438,32765895944444,,33333333
decoder_sink,438,32765895944444,,33333333
decoder_src,436,32765729288888,,33333333
depay_src,439,32765829288888,,
parser_src,439,32765829288888,,33333333
decoder_sink,439,32765829288888,,33333333
decoder_src,437,32765762611111,,33333333
depay_src,440,32765795944444,,
parser_src,440,32765795944444,,33333333
decoder_sink,440,32765795944444,,33333333
decoder_src,438,32765795944444,,33333333
depay_src,441,32765862611111,,
parser_src,441,32765862611111,,33333333
decoder_sink,441,32765862611111,,33333333
decoder_src,439,32765829288888,,33333333
depay_src,442,32766029288888,,
parser_src,442,32766029288888,,33333333
decoder_sink,442,32766029288888,,33333333
decoder_src,440,32765862611111,,33333333
depay_src,443,32765962611111,,
parser_src,443,32765962611111,,33333333
decoder_sink,443,32765962611111,,33333333
decoder_src,441,32765895944444,,33333333
depay_src,444,32765929288888,,
parser_src,444,32765929288888,,33333333
decoder_sink,444,32765929288888,,33333333
decoder_src,442,32765929288888,,33333333
depay_src,445,32765995944444,,
parser_src,445,32765995944444,,33333333
decoder_sink,445,32765995944444,,33333333
decoder_src,443,32765962611111,,33333333
depay_src,446,32766162611111,,
parser_src,446,32766162611111,,33333333
decoder_sink,446,32766162611111,,33333333
decoder_src,444,32765995944444,,33333333
depay_src,447,32766095944444,,
parser_src,447,32766095944444,,33333333
decoder_sink,447,32766095944444,,33333333
decoder_src,445,32766029288888,,33333333
depay_src,448,32766062611111,,
parser_src,448,32766062611111,,33333333
decoder_sink,448,32766062611111,,33333333
decoder_src,446,32766062611111,,33333333
depay_src,449,32766129288888,,
parser_src,449,32766129288888,,33333333
decoder_sink,449,32766129288888,,33333333
decoder_src,447,32766095944444,,33333333
depay_src,450,32766295944444,,
parser_src,450,32766295944444,,33333333
decoder_sink,450,32766295944444,,33333333
decoder_src,448,32766129288888,,33333333
depay_src,451,32766229288888,,
parser_src,451,32766229288888,,33333333
decoder_sink,451,32766229288888,,33333333
decoder_src,449,32766162611111,,33333333
depay_src,452,32766195944444,,
parser_src,452,32766195944444,,33333333
decoder_sink,452,32766195944444,,33333333
decoder_src,450,32766195944444,,33333333
depay_src,453,32766262611111,,
parser_src,453,32766262611111,,33333333
decoder_sink,453,32766262611111,,33333333
decoder_src,451,32766229288888,,33333333
depay_src,454,32766429288888,,
parser_src,454,32766429288888,,33333333
decoder_sink,454,32766429288888,,33333333
decoder_src,452,32766262611111,,33333333
depay_src,455,32766362611111,,
parser_src,455,32766362611111,,33333333
decoder_sink,455,32766362611111,,33333333
decoder_src,453,32766295944444,,33333333
depay_src,456,32766329288888,,
parser_src,456,32766329288888,,33333333
decoder_sink,456,32766329288888,,33333333
decoder_src,454,32766329288888,,33333333
depay_src,457,32766395944444,,
parser_src,457,32766395944444,,33333333
decoder_sink,457,32766395944444,,33333333
decoder_src,455,32766362611111,,33333333
depay_src,458,32766529288888,,
parser_src,458,32766529288888,,33333333
decoder_sink,458,32766529288888,,33333333
decoder_src,456,32766395944444,,33333333
depay_src,459,32766462611111,,
parser_src,459,32766462611111,,33333333
decoder_sink,459,32766462611111,,33333333
decoder_src,457,32766429288888,,33333333
depay_src,460,32766495944444,,
parser_src,460,32766495944444,,33333333
decoder_sink,460,32766495944444,,33333333
decoder_src,458,32766462611111,,33333333
depay_src,461,32766662611111,,
parser_src,461,32766662611111,,33333333
decoder_sink,461,32766662611111,,33333333
decoder_src,459,32766495944444,,33333333
depay_src,462,32766595944444,,
parser_src,462,32766595944444,,33333333
decoder_sink,462,32766595944444,,33333333
decoder_src,460,32766529288888,,33333333
depay_src,463,32766562611111,,
parser_src,463,32766562611111,,33333333
decoder_sink,463,32766562611111,,33333333
decoder_src,461,32766562611111,,33333333
depay_src,464,32766629288888,,
parser_src,464,32766629288888,,33333333
decoder_sink,464,32766629288888,,33333333
decoder_src,462,32766595944444,,33333333
depay_src,465,32766795944444,,
parser_src,465,32766795944444,,33333333
decoder_sink,465,32766795944444,,33333333
decoder_src,463,32766629288888,,33333333
depay_src,466,32766729288888,,
parser_src,466,32766729288888,,33333333
decoder_sink,466,32766729288888,,33333333
decoder_src,464,32766662611111,,33333333
depay_src,467,32766695944444,,
parser_src,467,32766695944444,,33333333
decoder_sink,467,32766695944444,,33333333
decoder_src,465,32766695944444,,33333333
depay_src,468,32766762611111,,
parser_src,468,32766762611111,,33333333
decoder_sink,468,32766762611111,,33333333
decoder_src,466,32766729288888,,33333333
depay_src,469,32766929288888,,
parser_src,469,32766929288888,,33333333
decoder_sink,469,32766929288888,,33333333
decoder_src,467,32766762611111,,33333333
depay_src,470,32766862611111,,
parser_src,470,32766862611111,,33333333
decoder_sink,470,32766862611111,,33333333
decoder_src,468,32766795944444,,33333333
depay_src,471,32766829288888,,
parser_src,471,32766829288888,,33333333
decoder_sink,471,32766829288888,,33333333
decoder_src,469,32766829288888,,33333333
depay_src,472,32766895944444,,
parser_src,472,32766895944444,,33333333
decoder_sink,472,32766895944444,,33333333
decoder_src,470,32766862611111,,33333333
depay_src,473,32767062611111,,
parser_src,473,32767062611111,,33333333
decoder_sink,473,32767062611111,,33333333
decoder_src,471,32766895944444,,33333333
depay_src,474,32766995944444,,
parser_src,474,32766995944444,,33333333
decoder_sink,474,32766995944444,,33333333
decoder_src,472,32766929288888,,33333333
depay_src,475,32766962611111,,
parser_src,475,32766962611111,,33333333
decoder_sink,475,32766962611111,,33333333
decoder_src,473,32766962611111,,33333333
depay_src,476,32767029288888,,
parser_src,476,32767029288888,,33333333
decoder_sink,476,32767029288888,,33333333
decoder_src,474,32766995944444,,33333333
depay_src,477,32767195944444,,
parser_src,477,32767195944444,,33333333
decoder_sink,477,32767195944444,,33333333
decoder_src,475,32767029288888,,33333333
depay_src,478,32767129288888,,
parser_src,478,32767129288888,,33333333
decoder_sink,478,32767129288888,,33333333
decoder_src,476,32767062611111,,33333333
depay_src,479,32767095944444,,
parser_src,479,32767095944444,,33333333
decoder_sink,479,32767095944444,,33333333
decoder_src,477,32767095944444,,33333333
depay_src,480,32767162611111,,
parser_src,480,32767162611111,,33333333
decoder_sink,480,32767162611111,,33333333
decoder_src,478,32767129288888,,33333333
depay_src,481,32767295944444,,
parser_src,481,32767295944444,,33333333
decoder_sink,481,32767295944444,,33333333
decoder_src,479,32767162611111,,33333333
depay_src,482,32767229288888,,
parser_src,482,32767229288888,,33333333
decoder_sink,482,32767229288888,,33333333
decoder_src,480,32767195944444,,33333333
depay_src,483,32767262611111,,
parser_src,483,32767262611111,,33333333
decoder_sink,483,32767262611111,,33333333
decoder_src,481,32767229288888,,33333333
depay_src,484,32767329288888,,
parser_src,484,32767329288888,,33333333
decoder_sink,484,32767329288888,,33333333
decoder_src,482,32767262611111,,33333333
depay_src,485,32767462611111,,
parser_src,485,32767462611111,,33333333
decoder_sink,485,32767462611111,,33333333
decoder_src,483,32767295944444,,33333333
depay_src,486,32767395944444,,
parser_src,486,32767395944444,,33333333
decoder_sink,486,32767395944444,,33333333
decoder_src,484,32767329288888,,33333333
depay_src,487,32767362611111,,
parser_src,487,32767362611111,,33333333
decoder_sink,487,32767362611111,,33333333
decoder_src,485,32767362611111,,33333333
depay_src,488,32767429288888,,
parser_src,488,32767429288888,,33333333
decoder_sink,488,32767429288888,,33333333
decoder_src,486,32767395944444,,33333333
depay_src,489,32767595944444,,
parser_src,489,32767595944444,,33333333
decoder_sink,489,32767595944444,,33333333
decoder_src,487,32767429288888,,33333333
depay_src,490,32767529288888,,
parser_src,490,32767529288888,,33333333
decoder_sink,490,32767529288888,,33333333
decoder_src,488,32767462611111,,33333333
depay_src,491,32767495944444,,
parser_src,491,32767495944444,,33333333
decoder_sink,491,32767495944444,,33333333
decoder_src,489,32767495944444,,33333333
depay_src,492,32767562611111,,
parser_src,492,32767562611111,,33333333
decoder_sink,492,32767562611111,,33333333
decoder_src,490,32767529288888,,33333333
depay_src,493,32767729288888,,
parser_src,493,32767729288888,,33333333
decoder_sink,493,32767729288888,,33333333
decoder_src,491,32767562611111,,33333333
depay_src,494,32767662611111,,
parser_src,494,32767662611111,,33333333
decoder_sink,494,32767662611111,,33333333
decoder_src,492,32767595944444,,33333333
depay_src,495,32767629288888,,
parser_src,495,32767629288888,,33333333
decoder_sink,495,32767629288888,,33333333
decoder_src,493,32767629288888,,33333333
depay_src,496,32767695944444,,
parser_src,496,32767695944444,,33333333
decoder_sink,496,32767695944444,,33333333
decoder_src,494,32767662611111,,33333333
depay_src,497,32767862611111,,
parser_src,497,32767862611111,,33333333
decoder_sink,497,32767862611111,,33333333
decoder_src,495,32767695944444,,33333333
depay_src,498,32767795944444,,
parser_src,498,32767795944444,,33333333
decoder_sink,498,32767795944444,,33333333
decoder_src,496,32767729288888,,33333333
depay_src,499,32767762611111,,
parser_src,499,32767762611111,,33333333
decoder_sink,499,32767762611111,,33333333
decoder_src,497,32767762611111,,33333333
depay_src,500,32767829288888,,
parser_src,500,32767829288888,,33333333
decoder_sink,500,32767829288888,,33333333
decoder_src,498,32767795944444,,33333333
depay_src,501,32767995944444,,
parser_src,501,32767995944444,,33333333
decoder_sink,501,32767995944444,,33333333
decoder_src,499,32767829288888,,33333333
depay_src,502,32767929288888,,
parser_src,502,32767929288888,,33333333
decoder_sink,502,32767929288888,,33333333
decoder_src,500,32767862611111,,33333333
depay_src,503,32767895944444,,
parser_src,503,32767895944444,,33333333
decoder_sink,503,32767895944444,,33333333
decoder_src,501,32767895944444,,33333333
depay_src,504,32767962611111,,
parser_src,504,32767962611111,,33333333
decoder_sink,504,32767962611111,,33333333
decoder_src,502,32767929288888,,33333333
depay_src,505,32768129288888,,
parser_src,505,32768129288888,,33333333
decoder_sink,505,32768129288888,,33333333
decoder_src,503,32767962611111,,33333333
depay_src,506,32768062611111,,
parser_src,506,32768062611111,,33333333
decoder_sink,506,32768062611111,,33333333
decoder_src,504,32767995944444,,33333333
depay_src,507,32768029288888,,
parser_src,507,32768029288888,,33333333
decoder_sink,507,32768029288888,,33333333
decoder_src,505,32768029288888,,33333333
depay_src,508,32768095944444,,
parser_src,508,32768095944444,,33333333
decoder_sink,508,32768095944444,,33333333
decoder_src,506,32768062611111,,33333333
depay_src,509,32768262611111,,
parser_src,509,32768262611111,,33333333
decoder_sink,509,32768262611111,,33333333
decoder_src,507,32768095944444,,33333333
depay_src,510,32768195944444,,
parser_src,510,32768195944444,,33333333
decoder_sink,510,32768195944444,,33333333
decoder_src,508,32768129288888,,33333333
depay_src,511,32768162611111,,
parser_src,511,32768162611111,,33333333
decoder_sink,511,32768162611111,,33333333
decoder_src,509,32768162611111,,33333333
depay_src,512,32768229288888,,
parser_src,512,32768229288888,,33333333
decoder_sink,512,32768229288888,,33333333
decoder_src,510,32768195944444,,33333333
depay_src,513,32768395944444,,
parser_src,513,32768395944444,,33333333
decoder_sink,513,32768395944444,,33333333
decoder_src,511,32768229288888,,33333333
depay_src,514,32768329288888,,
parser_src,514,32768329288888,,33333333
decoder_sink,514,32768329288888,,33333333
decoder_src,512,32768262611111,,33333333
depay_src,515,32768295944444,,
parser_src,515,32768295944444,,33333333
decoder_sink,515,32768295944444,,33333333
decoder_src,513,32768295944444,,33333333
depay_src,516,32768362611111,,
parser_src,516,32768362611111,,33333333
decoder_sink,516,32768362611111,,33333333
decoder_src,514,32768329288888,,33333333
depay_src,517,32768495944444,,
parser_src,517,32768495944444,,33333333
decoder_sink,517,32768495944444,,33333333
decoder_src,515,32768362611111,,33333333
depay_src,518,32768429288888,,
parser_src,518,32768429288888,,33333333
decoder_sink,518,32768429288888,,33333333
decoder_src,516,32768395944444,,33333333
depay_src,519,32768462611111,,
parser_src,519,32768462611111,,33333333
decoder_sink,519,32768462611111,,33333333
decoder_src,517,32768429288888,,33333333
depay_src,520,32768529288888,,
parser_src,520,32768529288888,,33333333
decoder_sink,520,32768529288888,,33333333
decoder_src,518,32768462611111,,33333333
depay_src,521,32768662611111,,
parser_src,521,32768662611111,,33333333
decoder_sink,521,32768662611111,,33333333
decoder_src,519,32768495944444,,33333333
depay_src,522,32768595944444,,
parser_src,522,32768595944444,,33333333
decoder_sink,522,32768595944444,,33333333
decoder_src,520,32768529288888,,33333333
depay_src,523,32768562611111,,
parser_src,523,32768562611111,,33333333
decoder_sink,523,32768562611111,,33333333
decoder_src,521,32768562611111,,33333333
depay_src,524,32768629288888,,
parser_src,524,32768629288888,,33333333
decoder_sink,524,32768629288888,,33333333
decoder_src,522,32768595944444,,33333333
depay_src,525,32768795944444,,
parser_src,525,32768795944444,,33333333
decoder_sink,525,32768795944444,,33333333
decoder_src,523,32768629288888,,33333333
depay_src,526,32768729288888,,
parser_src,526,32768729288888,,33333333
decoder_sink,526,32768729288888,,33333333
decoder_src,524,32768662611111,,33333333
depay_src,527,32768695944444,,
parser_src,527,32768695944444,,33333333
decoder_sink,527,32768695944444,,33333333
decoder_src,525,32768695944444,,33333333
depay_src,528,32768762611111,,
parser_src,528,32768762611111,,33333333
decoder_sink,528,32768762611111,,33333333
decoder_src,526,32768729288888,,33333333
depay_src,529,32768929288888,,
parser_src,529,32768929288888,,33333333
decoder_sink,529,32768929288888,,33333333
decoder_src,527,32768762611111,,33333333
depay_src,530,32768862611111,,
parser_src,530,32768862611111,,33333333
decoder_sink,530,32768862611111,,33333333
decoder_src,528,32768795944444,,33333333
depay_src,531,32768829288888,,
parser_src,531,32768829288888,,33333333
decoder_sink,531,32768829288888,,33333333
decoder_src,529,32768829288888,,33333333
depay_src,532,32768895944444,,
parser_src,532,32768895944444,,33333333
decoder_sink,532,32768895944444,,33333333
decoder_src,530,32768862611111,,33333333
depay_src,533,32769062611111,,
parser_src,533,32769062611111,,33333333
decoder_sink,533,32769062611111,,33333333
decoder_src,531,32768895944444,,33333333
depay_src,534,32768995944444,,
parser_src,534,32768995944444,,33333333
decoder_sink,534,32768995944444,,33333333
decoder_src,532,32768929288888,,33333333
depay_src,535,32768962611111,,
parser_src,535,32768962611111,,33333333
decoder_sink,535,32768962611111,,33333333
decoder_src,533,32768962611111,,33333333
depay_src,536,32769029288888,,
parser_src,536,32769029288888,,33333333
decoder_sink,536,32769029288888,,33333333
decoder_src,534,32768995944444,,33333333
depay_src,537,32769195944444,,
parser_src,537,32769195944444,,33333333
decoder_sink,537,32769195944444,,33333333
decoder_src,535,32769029288888,,33333333
depay_src,538,32769129288888,,
parser_src,538,32769129288888,,33333333
decoder_sink,538,32769129288888,,33333333
decoder_src,536,32769062611111,,33333333
depay_src,539,32769095944444,,
parser_src,539,32769095944444,,33333333
decoder_sink,539,32769095944444,,33333333
decoder_src,537,32769095944444,,33333333
depay_src,540,32769162611111,,
parser_src,540,32769162611111,,33333333
decoder_sink,540,32769162611111,,33333333
decoder_src,538,32769129288888,,33333333
depay_src,541,32769329288888,,
parser_src,541,32769329288888,,33333333
decoder_sink,541,32769329288888,,33333333
decoder_src,539,32769162611111,,33333333
depay_src,542,32769262611111,,
parser_src,542,32769262611111,,33333333
decoder_sink,542,32769262611111,,33333333
decoder_src,540,32769195944444,,33333333
depay_src,543,32769229288888,,
parser_src,543,32769229288888,,33333333
decoder_sink,543,32769229288888,,33333333
decoder_src,541,32769229288888,,33333333
depay_src,544,32769295944444,,
parser_src,544,32769295944444,,33333333
decoder_sink,544,32769295944444,,33333333
decoder_src,542,32769262611111,,33333333
depay_src,545,32769462611111,,
parser_src,545,32769462611111,,33333333
decoder_sink,545,32769462611111,,33333333
decoder_src,543,32769295944444,,33333333
depay_src,546,32769395944444,,
parser_src,546,32769395944444,,33333333
decoder_sink,546,32769395944444,,33333333
decoder_src,544,32769329288888,,33333333
depay_src,547,32769362611111,,
parser_src,547,32769362611111,,33333333
decoder_sink,547,32769362611111,,33333333
decoder_src,545,32769362611111,,33333333
depay_src,548,32769429288888,,
parser_src,548,32769429288888,,33333333
decoder_sink,548,32769429288888,,33333333
decoder_src,546,32769395944444,,33333333
depay_src,549,32769595944444,,
parser_src,549,32769595944444,,33333333
decoder_sink,549,32769595944444,,33333333
decoder_src,547,32769429288888,,33333333
depay_src,550,32769529288888,,
parser_src,550,32769529288888,,33333333
decoder_sink,550,32769529288888,,33333333
decoder_src,548,32769462611111,,33333333
depay_src,551,32769495944444,,
parser_src,551,32769495944444,,33333333
decoder_sink,551,32769495944444,,33333333
decoder_src,549,32769495944444,,33333333
depay_src,552,32769562611111,,
parser_src,552,32769562611111,,33333333
decoder_sink,552,32769562611111,,33333333
decoder_src,550,32769529288888,,33333333
depay_src,553,32769729288888,,
parser_src,553,32769729288888,,33333333
decoder_sink,553,32769729288888,,33333333
decoder_src,551,32769562611111,,33333333
depay_src,554,32769662611111,,
parser_src,554,32769662611111,,33333333
decoder_sink,554,32769662611111,,33333333
decoder_src,552,32769595944444,,33333333
depay_src,555,32769629288888,,
parser_src,555,32769629288888,,33333333
decoder_sink,555,32769629288888,,33333333
decoder_src,553,32769629288888,,33333333
depay_src,556,32769695944444,,
parser_src,556,32769695944444,,33333333
decoder_sink,556,32769695944444,,33333333
decoder_src,554,32769662611111,,33333333
depay_src,557,32769862611111,,
parser_src,557,32769862611111,,33333333
decoder_sink,557,32769862611111,,33333333
decoder_src,555,32769695944444,,33333333
depay_src,558,32769795944444,,
parser_src,558,32769795944444,,33333333
decoder_sink,558,32769795944444,,33333333
decoder_src,556,32769729288888,,33333333
depay_src,559,32769762611111,,
parser_src,559,32769762611111,,33333333
decoder_sink,559,32769762611111,,33333333
decoder_src,557,32769762611111,,33333333
depay_src,560,32769829288888,,
parser_src,560,32769829288888,,33333333
decoder_sink,560,32769829288888,,33333333
decoder_src,558,32769795944444,,33333333
depay_src,561,32769995944444,,
parser_src,561,32769995944444,,33333333
decoder_sink,561,32769995944444,,33333333
decoder_src,559,32769829288888,,33333333
depay_src,562,32769929288888,,
parser_src,562,32769929288888,,33333333
decoder_sink,562,32769929288888,,33333333
decoder_src,560,32769862611111,,33333333
depay_src,563,32769895944444,,
parser_src,563,32769895944444,,33333333
decoder_sink,563,32769895944444,,33333333
decoder_src,561,32769895944444,,33333333
depay_src,564,32769962611111,,
parser_src,564,32769962611111,,33333333
decoder_sink,564,32769962611111,,33333333
decoder_src,562,32769929288888,,33333333
depay_src,565,32770129288888,,
parser_src,565,32770129288888,,33333333
decoder_sink,565,32770129288888,,33333333
decoder_src,563,32769962611111,,33333333
depay_src,566,32770062611111,,
parser_src,566,32770062611111,,33333333
decoder_sink,566,32770062611111,,33333333
decoder_src,564,32769995944444,,33333333
depay_src,567,32770029288888,,
parser_src,567,32770029288888,,33333333
decoder_sink,567,32770029288888,,33333333
decoder_src,565,32770029288888,,33333333
depay_src,568,32770095944444,,
parser_src,568,32770095944444,,33333333
decoder_sink,568,32770095944444,,33333333
decoder_src,566,32770062611111,,33333333
depay_src,569,32770195944444,,
parser_src,569,32770195944444,,33333333
decoder_sink,569,32770195944444,,33333333
decoder_src,567,32770095944444,,33333333
depay_src,570,32770162611111,,
parser_src,570,32770162611111,,33333333
decoder_sink,570,32770162611111,,33333333
decoder_src,568,32770129288888,,33333333
depay_src,571,32770329288888,,
parser_src,571,32770329288888,,33333333
decoder_sink,571,32770329288888,,33333333
decoder_src,569,32770162611111,,33333333
depay_src,572,32770262611111,,
parser_src,572,32770262611111,,33333333
decoder_sink,572,32770262611111,,33333333
decoder_src,570,32770195944444,,33333333
depay_src,573,32770229288888,,
parser_src,573,32770229288888,,33333333
decoder_sink,573,32770229288888,,33333333
decoder_src,571,32770229288888,,33333333
depay_src,574,32770295944444,,
parser_src,574,32770295944444,,33333333
decoder_sink,574,32770295944444,,33333333
decoder_src,572,32770262611111,,33333333
depay_src,575,32770462611111,,
parser_src,575,32770462611111,,33333333
decoder_sink,575,32770462611111,,33333333
decoder_src,573,32770295944444,,33333333
depay_src,576,32770395944444,,
parser_src,576,32770395944444,,33333333
decoder_sink,576,32770395944444,,33333333
decoder_src,574,32770329288888,,33333333
depay_src,577,32770362611111,,
parser_src,577,32770362611111,,33333333
decoder_sink,577,32770362611111,,33333333
decoder_src,575,32770362611111,,33333333
depay_src,578,32770429288888,,
parser_src,578,32770429288888,,33333333
decoder_sink,578,32770429288888,,33333333
decoder_src,576,32770395944444,,33333333
depay_src,579,32770595944444,,
parser_src,579,32770595944444,,33333333
decoder_sink,579,32770595944444,,33333333
decoder_src,577,32770429288888,,33333333
depay_src,580,32770529288888,,
parser_src,580,32770529288888,,33333333
decoder_sink,580,32770529288888,,33333333
decoder_src,578,32770462611111,,33333333
depay_src,581,32770495944444,,
parser_src,581,32770495944444,,33333333
decoder_sink,581,32770495944444,,33333333
decoder_src,579,32770495944444,,33333333
depay_src,582,32770562611111,,
parser_src,582,32770562611111,,33333333
decoder_sink,582,32770562611111,,33333333
decoder_src,580,32770529288888,,33333333
depay_src,583,32770729288888,,
parser_src,583,32770729288888,,33333333
decoder_sink,583,32770729288888,,33333333
decoder_src,581,32770562611111,,33333333
depay_src,584,32770662611111,,
parser_src,584,32770662611111,,33333333
decoder_sink,584,32770662611111,,33333333
decoder_src,582,32770595944444,,33333333
depay_src,585,32770629288888,,
parser_src,585,32770629288888,,33333333
decoder_sink,585,32770629288888,,33333333
decoder_src,583,32770629288888,,33333333
depay_src,586,32770695944444,,
parser_src,586,32770695944444,,33333333
decoder_sink,586,32770695944444,,33333333
decoder_src,584,32770662611111,,33333333
depay_src,587,32770862611111,,
parser_src,587,32770862611111,,33333333
decoder_sink,587,32770862611111,,33333333
decoder_src,585,32770695944444,,33333333
depay_src,588,32770795944444,,
parser_src,588,32770795944444,,33333333
decoder_sink,588,32770795944444,,33333333
decoder_src,586,32770729288888,,33333333
depay_src,589,32770762611111,,
parser_src,589,32770762611111,,33333333
decoder_sink,589,32770762611111,,33333333
decoder_src,587,32770762611111,,33333333
depay_src,590,32770829288888,,
parser_src,590,32770829288888,,33333333
decoder_sink,590,32770829288888,,33333333
decoder_src,588,32770795944444,,33333333
depay_src,591,32770995944444,,
parser_src,591,32770995944444,,33333333
decoder_sink,591,32770995944444,,33333333
decoder_src,589,32770829288888,,33333333
depay_src,592,32770929288888,,
parser_src,592,32770929288888,,33333333
decoder_sink,592,32770929288888,,33333333
decoder_src,590,32770862611111,,33333333
depay_src,593,32770895944444,,
parser_src,593,32770895944444,,33333333
decoder_sink,593,32770895944444,,33333333
decoder_src,591,32770895944444,,33333333
depay_src,594,32770962611111,,
parser_src,594,32770962611111,,33333333
decoder_sink,594,32770962611111,,33333333
decoder_src,592,32770929288888,,33333333
depay_src,595,32771129288888,,
parser_src,595,32771129288888,,33333333
decoder_sink,595,32771129288888,,33333333
decoder_src,593,32770962611111,,33333333
depay_src,596,32771062611111,,
parser_src,596,32771062611111,,33333333
decoder_sink,596,32771062611111,,33333333
decoder_src,594,32770995944444,,33333333
depay_src,597,32771029288888,,
parser_src,597,32771029288888,,33333333
decoder_sink,597,32771029288888,,33333333
decoder_src,595,32771029288888,,33333333
depay_src,598,32771095944444,,
parser_src,598,32771095944444,,33333333
decoder_sink,598,32771095944444,,33333333
decoder_src,596,32771062611111,,33333333
depay_src,599,32771262611111,,
parser_src,599,32771262611111,,33333333
decoder_sink,599,32771262611111,,33333333
decoder_src,597,32771095944444,,33333333
depay_src,600,32771195944444,,
parser_src,600,32771195944444,,33333333
decoder_sink,600,32771195944444,,33333333
decoder_src,598,32771129288888,,33333333
depay_src,601,32771162611111,,
parser_src,601,32771162611111,,33333333
decoder_sink,601,32771162611111,,33333333
decoder_src,599,32771162611111,,33333333
depay_src,602,32771229288888,,
parser_src,602,32771229288888,,33333333
decoder_sink,602,32771229288888,,33333333
decoder_src,600,32771195944444,,33333333
depay_src,603,32771395944444,,
parser_src,603,32771395944444,,33333333
decoder_sink,603,32771395944444,,33333333
decoder_src,601,32771229288888,,33333333
depay_src,604,32771329288888,,
parser_src,604,32771329288888,,33333333
decoder_sink,604,32771329288888,,33333333
decoder_src,602,32771262611111,,33333333
depay_src,605,32771295944444,,
parser_src,605,32771295944444,,33333333
decoder_sink,605,32771295944444,,33333333
decoder_src,603,32771295944444,,33333333
depay_src,606,32771362611111,,
parser_src,606,32771362611111,,33333333
decoder_sink,606,32771362611111,,33333333
decoder_src,604,32771329288888,,33333333
depay_src,607,32771529288888,,
parser_src,607,32771529288888,,33333333
decoder_sink,607,32771529288888,,33333333
decoder_src,605,32771362611111,,33333333
depay_src,608,32771462611111,,
parser_src,608,32771462611111,,33333333
decoder_sink,608,32771462611111,,33333333
decoder_src,606,32771395944444,,33333333
depay_src,609,32771429288888,,
parser_src,609,32771429288888,,33333333
decoder_sink,609,32771429288888,,33333333
decoder_src,607,32771429288888,,33333333
depay_src,610,32771495944444,,
parser_src,610,32771495944444,,33333333
decoder_sink,610,32771495944444,,33333333
decoder_src,608,32771462611111,,33333333
depay_src,611,32771662611111,,
parser_src,611,32771662611111,,33333333
decoder_sink,611,32771662611111,,33333333
decoder_src,609,32771495944444,,33333333
depay_src,612,32771595944444,,
parser_src,612,32771595944444,,33333333
decoder_sink,612,32771595944444,,33333333
decoder_src,610,32771529288888,,33333333
depay_src,613,32771562611111,,
parser_src,613,32771562611111,,33333333
decoder_sink,613,32771562611111,,33333333
decoder_src,611,32771562611111,,33333333
depay_src,614,32771629288888,,
parser_src,614,32771629288888,,33333333
decoder_sink,614,32771629288888,,33333333
decoder_src,612,32771595944444,,33333333
depay_src,615,32771795944444,,
parser_src,615,32771795944444,,33333333
decoder_sink,615,32771795944444,,33333333
decoder_src,613,32771629288888,,33333333
depay_src,616,32771729288888,,
parser_src,616,32771729288888,,33333333
decoder_sink,616,32771729288888,,33333333
decoder_src,614,32771662611111,,33333333
depay_src,617,32771695944444,,
parser_src,617,32771695944444,,33333333
decoder_sink,617,32771695944444,,33333333
decoder_src,615,32771695944444,,33333333
depay_src,618,32771762611111,,
parser_src,618,32771762611111,,33333333
decoder_sink,618,32771762611111,,33333333
decoder_src,616,32771729288888,,33333333
depay_src,619,32771929288888,,
parser_src,619,32771929288888,,33333333
decoder_sink,619,32771929288888,,33333333
decoder_src,617,32771762611111,,33333333
depay_src,620,32771862611111,,
parser_src,620,32771862611111,,33333333
decoder_sink,620,32771862611111,,33333333
decoder_src,618,32771795944444,,33333333
depay_src,621,32771829288888,,
parser_src,621,32771829288888,,33333333
decoder_sink,621,32771829288888,,33333333
decoder_src,619,32771829288888,,33333333
depay_src,622,32771895944444,,
parser_src,622,32771895944444,,33333333
decoder_sink,622,32771895944444,,33333333
decoder_src,620,32771862611111,,33333333
depay_src,623,32772062611111,,
parser_src,623,32772062611111,,33333333
decoder_sink,623,32772062611111,,33333333
decoder_src,621,32771895944444,,33333333
depay_src,624,32771995944444,,
parser_src,624,32771995944444,,33333333
decoder_sink,624,32771995944444,,33333333
decoder_src,622,32771929288888,,33333333
depay_src,625,32771962611111,,
parser_src,625,32771962611111,,33333333
decoder_sink,625,32771962611111,,33333333
decoder_src,623,32771962611111,,33333333
depay_src,626,32772029288888,,
parser_src,626,32772029288888,,33333333
decoder_sink,626,32772029288888,,33333333
decoder_src,624,32771995944444,,33333333
depay_src,627,32772195944444,,
parser_src,627,32772195944444,,33333333
decoder_sink,627,32772195944444,,33333333
decoder_src,625,32772029288888,,33333333
depay_src,628,32772129288888,,
parser_src,628,32772129288888,,33333333
decoder_sink,628,32772129288888,,33333333
decoder_src,626,32772062611111,,33333333
depay_src,629,32772095944444,,
parser_src,629,32772095944444,,33333333
decoder_sink,629,32772095944444,,33333333
decoder_src,627,32772095944444,,33333333
depay_src,630,32772162611111,,
parser_src,630,32772162611111,,33333333
decoder_sink,630,32772162611111,,33333333
decoder_src,628,32772129288888,,33333333
depay_src,631,32772329288888,,
parser_src,631,32772329288888,,33333333
decoder_sink,631,32772329288888,,33333333
decoder_src,629,32772162611111,,33333333
depay_src,632,32772262611111,,
parser_src,632,32772262611111,,33333333
decoder_sink,632,32772262611111,,33333333
decoder_src,630,32772195944444,,33333333
depay_src,633,32772229288888,,
parser_src,633,32772229288888,,33333333
decoder_sink,633,32772229288888,,33333333
decoder_src,631,32772229288888,,33333333
depay_src,634,32772295944444,,
parser_src,634,32772295944444,,33333333
decoder_sink,634,32772295944444,,33333333
decoder_src,632,32772262611111,,33333333
depay_src,635,32772462611111,,
parser_src,635,32772462611111,,33333333
decoder_sink,635,32772462611111,,33333333
decoder_src,633,32772295944444,,33333333
depay_src,636,32772395944444,,
parser_src,636,32772395944444,,33333333
decoder_sink,636,32772395944444,,33333333
decoder_src,634,32772329288888,,33333333
depay_src,637,32772362611111,,
parser_src,637,32772362611111,,33333333
decoder_sink,637,32772362611111,,33333333
decoder_src,635,32772362611111,,33333333
depay_src,638,32772429288888,,
parser_src,638,32772429288888,,33333333
decoder_sink,638,32772429288888,,33333333
decoder_src,636,32772395944444,,33333333
depay_src,639,32772595944444,,
parser_src,639,32772595944444,,33333333
decoder_sink,639,32772595944444,,33333333
decoder_src,637,32772429288888,,33333333
depay_src,640,32772529288888,,
parser_src,640,32772529288888,,33333333
decoder_sink,640,32772529288888,,33333333
decoder_src,638,32772462611111,,33333333
depay_src,641,32772495944444,,
parser_src,641,32772495944444,,33333333
decoder_sink,641,32772495944444,,33333333
decoder_src,639,32772495944444,,33333333
depay_src,642,32772562611111,,
parser_src,642,32772562611111,,33333333
decoder_sink,642,32772562611111,,33333333
decoder_src,640,32772529288888,,33333333
depay_src,643,32772729288888,,
parser_src,643,32772729288888,,33333333
decoder_sink,643,32772729288888,,33333333
decoder_src,641,32772562611111,,33333333
depay_src,644,32772662611111,,
parser_src,644,32772662611111,,33333333
decoder_sink,644,32772662611111,,33333333
decoder_src,642,32772595944444,,33333333
depay_src,645,32772629288888,,
parser_src,645,32772629288888,,33333333
decoder_sink,645,32772629288888,,33333333
decoder_src,643,32772629288888,,33333333
depay_src,646,32772695944444,,
parser_src,646,32772695944444,,33333333
decoder_sink,646,32772695944444,,33333333
decoder_src,644,32772662611111,,33333333
depay_src,647,32772862611111,,
parser_src,647,32772862611111,,33333333
decoder_sink,647,32772862611111,,33333333
decoder_src,645,32772695944444,,33333333
depay_src,648,32772795944444,,
parser_src,648,32772795944444,,33333333
decoder_sink,648,32772795944444,,33333333
decoder_src,646,32772729288888,,33333333
depay_src,649,32772762611111,,
parser_src,649,32772762611111,,33333333
decoder_sink,649,32772762611111,,33333333
decoder_src,647,32772762611111,,33333333
depay_src,650,32772829288888,,
parser_src,650,32772829288888,,33333333
decoder_sink,650,32772829288888,,33333333
decoder_src,648,32772795944444,,33333333
depay_src,651,32772962611111,,
parser_src,651,32772962611111,,33333333
decoder_sink,651,32772962611111,,33333333
decoder_src,649,32772829288888,,33333333
depay_src,652,32772895944444,,
parser_src,652,32772895944444,,33333333
decoder_sink,652,32772895944444,,33333333
decoder_src,650,32772862611111,,33333333
depay_src,653,32772929288888,,
parser_src,653,32772929288888,,33333333
decoder_sink,653,32772929288888,,33333333
decoder_src,651,32772895944444,,33333333
depay_src,654,32772995944444,,
parser_src,654,32772995944444,,33333333
decoder_sink,654,32772995944444,,33333333
decoder_src,652,32772929288888,,33333333
depay_src,655,32773129288888,,
parser_src,655,32773129288888,,33333333
decoder_sink,655,32773129288888,,33333333
decoder_src,653,32772962611111,,33333333
depay_src,656,32773062611111,,
parser_src,656,32773062611111,,33333333
decoder_sink,656,32773062611111,,33333333
decoder_src,654,32772995944444,,33333333
depay_src,657,32773029288888,,
parser_src,657,32773029288888,,33333333
decoder_sink,657,32773029288888,,33333333
decoder_src,655,32773029288888,,33333333
depay_src,658,32773095944444,,
parser_src,658,32773095944444,,33333333
decoder_sink,658,32773095944444,,33333333
decoder_src,656,32773062611111,,33333333
depay_src,659,32773229288888,,
parser_src,659,32773229288888,,33333333
decoder_sink,659,32773229288888,,33333333
decoder_src,657,32773095944444,,33333333
depay_src,660,32773162611111,,
parser_src,660,32773162611111,,33333333
decoder_sink,660,32773162611111,,33333333
decoder_src,658,32773129288888,,33333333
depay_src,661,32773195944444,,
parser_src,661,32773195944444,,33333333
decoder_sink,661,32773195944444,,33333333
decoder_src,659,32773162611111,,33333333
depay_src,662,32773362611111,,
parser_src,662,32773362611111,,33333333
decoder_sink,662,32773362611111,,33333333
decoder_src,660,32773195944444,,33333333
depay_src,663,32773295944444,,
parser_src,663,32773295944444,,33333333
decoder_sink,663,32773295944444,,33333333
decoder_src,661,32773229288888,,33333333
depay_src,664,32773262611111,,
parser_src,664,32773262611111,,33333333
decoder_sink,664,32773262611111,,33333333
decoder_src,662,32773262611111,,33333333
depay_src,665,32773329288888,,
parser_src,665,32773329288888,,33333333
decoder_sink,665,32773329288888,,33333333
decoder_src,663,32773295944444,,33333333
depay_src,666,32773462611111,,
parser_src,666,32773462611111,,33333333
decoder_sink,666,32773462611111,,33333333
decoder_src,664,32773329288888,,33333333
depay_src,667,32773395944444,,
parser_src,667,32773395944444,,33333333
decoder_sink,667,32773395944444,,33333333
decoder_src,665,32773362611111,,33333333
depay_src,668,32773429288888,,
parser_src,668,32773429288888,,33333333
decoder_sink,668,32773429288888,,33333333
decoder_src,666,32773395944444,,33333333
depay_src,669,32773529288888,,
parser_src,669,32773529288888,,33333333
decoder_sink,669,32773529288888,,33333333
decoder_src,667,32773429288888,,33333333
depay_src,670,32773495944444,,
parser_src,670,32773495944444,,33333333
decoder_sink,670,32773495944444,,33333333
decoder_src,668,32773462611111,,33333333
depay_src,671,32773662611111,,
parser_src,671,32773662611111,,33333333
decoder_sink,671,32773662611111,,33333333
decoder_src,669,32773495944444,,33333333
depay_src,672,32773595944444,,
parser_src,672,32773595944444,,33333333
decoder_sink,672,32773595944444,,33333333
decoder_src,670,32773529288888,,33333333
depay_src,673,32773562611111,,
parser_src,673,32773562611111,,33333333
decoder_sink,673,32773562611111,,33333333
decoder_src,671,32773562611111,,33333333
depay_src,674,32773629288888,,
parser_src,674,32773629288888,,33333333
decoder_sink,674,32773629288888,,33333333
decoder_src,672,32773595944444,,33333333
depay_src,675,32773795944444,,
parser_src,675,32773795944444,,33333333
decoder_sink,675,32773795944444,,33333333
decoder_src,673,32773629288888,,33333333
depay_src,676,32773729288888,,
parser_src,676,32773729288888,,33333333
decoder_sink,676,32773729288888,,33333333
decoder_src,674,32773662611111,,33333333
depay_src,677,32773695944444,,
parser_src,677,32773695944444,,33333333
decoder_sink,677,32773695944444,,33333333
decoder_src,675,32773695944444,,33333333
depay_src,678,32773762611111,,
parser_src,678,32773762611111,,33333333
decoder_sink,678,32773762611111,,33333333
decoder_src,676,32773729288888,,33333333
depay_src,679,32773929288888,,
parser_src,679,32773929288888,,33333333
decoder_sink,679,32773929288888,,33333333
decoder_src,677,32773762611111,,33333333
depay_src,680,32773862611111,,
parser_src,680,32773862611111,,33333333
decoder_sink,680,32773862611111,,33333333
decoder_src,678,32773795944444,,33333333
depay_src,681,32773829288888,,
parser_src,681,32773829288888,,33333333
decoder_sink,681,32773829288888,,33333333
decoder_src,679,32773829288888,,33333333
depay_src,682,32773895944444,,
parser_src,682,32773895944444,,33333333
decoder_sink,682,32773895944444,,33333333
decoder_src,680,32773862611111,,33333333
depay_src,683,32774062611111,,
parser_src,683,32774062611111,,33333333
decoder_sink,683,32774062611111,,33333333
decoder_src,681,32773895944444,,33333333
depay_src,684,32773995944444,,
parser_src,684,32773995944444,,33333333
decoder_sink,684,32773995944444,,33333333
decoder_src,682,32773929288888,,33333333
depay_src,685,32773962611111,,
parser_src,685,32773962611111,,33333333
decoder_sink,685,32773962611111,,33333333
decoder_src,683,32773962611111,,33333333
depay_src,686,32774029288888,,
parser_src,686,32774029288888,,33333333
decoder_sink,686,32774029288888,,33333333
decoder_src,684,32773995944444,,33333333
depay_src,687,32774195944444,,
parser_src,687,32774195944444,,33333333
decoder_sink,687,32774195944444,,33333333
decoder_src,685,32774029288888,,33333333
depay_src,688,32774129288888,,
parser_src,688,32774129288888,,33333333
decoder_sink,688,32774129288888,,33333333
decoder_src,686,32774062611111,,33333333
depay_src,689,32774095944444,,
parser_src,689,32774095944444,,33333333
decoder_sink,689,32774095944444,,33333333
decoder_src,687,32774095944444,,33333333
depay_src,690,32774162611111,,
parser_src,690,32774162611111,,33333333
decoder_sink,690,32774162611111,,33333333
decoder_src,688,32774129288888,,33333333
depay_src,691,32774329288888,,
parser_src,691,32774329288888,,33333333
decoder_sink,691,32774329288888,,33333333
decoder_src,689,32774162611111,,33333333
depay_src,692,32774262611111,,
parser_src,692,32774262611111,,33333333
decoder_sink,692,32774262611111,,33333333
decoder_src,690,32774195944444,,33333333
depay_src,693,32774229288888,,
parser_src,693,32774229288888,,33333333
decoder_sink,693,32774229288888,,33333333
decoder_src,691,32774229288888,,33333333
depay_src,694,32774295944444,,
parser_src,694,32774295944444,,33333333
decoder_sink,694,32774295944444,,33333333
decoder_src,692,32774262611111,,33333333
depay_src,695,32774429288888,,
parser_src,695,32774429288888,,33333333
decoder_sink,695,32774429288888,,33333333
decoder_src,693,32774295944444,,33333333
depay_src,696,32774362611111,,
parser_src,696,32774362611111,,33333333
decoder_sink,696,32774362611111,,33333333
decoder_src,694,32774329288888,,33333333
depay_src,697,32774395944444,,
parser_src,697,32774395944444,,33333333
decoder_sink,697,32774395944444,,33333333
decoder_src,695,32774362611111,,33333333
depay_src,698,32774562611111,,
parser_src,698,32774562611111,,33333333
decoder_sink,698,32774562611111,,33333333
decoder_src,696,32774395944444,,33333333
depay_src,699,32774495944444,,
parser_src,699,32774495944444,,33333333
decoder_sink,699,32774495944444,,33333333
decoder_src,697,32774429288888,,33333333
depay_src,700,32774462611111,,
parser_src,700,32774462611111,,33333333
decoder_sink,700,32774462611111,,33333333
decoder_src,698,32774462611111,,33333333
depay_src,701,32774529288888,,
parser_src,701,32774529288888,,33333333
decoder_sink,701,32774529288888,,33333333
decoder_src,699,32774495944444,,33333333
depay_src,702,32774695944444,,
parser_src,702,32774695944444,,33333333
decoder_sink,702,32774695944444,,33333333
decoder_src,700,32774529288888,,33333333
depay_src,703,32774629288888,,
parser_src,703,32774629288888,,33333333
decoder_sink,703,32774629288888,,33333333
decoder_src,701,32774562611111,,33333333
depay_src,704,32774595944444,,
parser_src,704,32774595944444,,33333333
decoder_sink,704,32774595944444,,33333333
decoder_src,702,32774595944444,,33333333
depay_src,705,32774662611111,,
parser_src,705,32774662611111,,33333333
decoder_sink,705,32774662611111,,33333333
decoder_src,703,32774629288888,,33333333
depay_src,706,32774829288888,,
parser_src,706,32774829288888,,33333333
decoder_sink,706,32774829288888,,33333333
decoder_src,704,32774662611111,,33333333
depay_src,707,32774762611111,,
parser_src,707,32774762611111,,33333333
decoder_sink,707,32774762611111,,33333333
decoder_src,705,32774695944444,,33333333
depay_src,708,32774729288888,,
parser_src,708,32774729288888,,33333333
decoder_sink,708,32774729288888,,33333333
decoder_src,706,32774729288888,,33333333
depay_src,709,32774795944444,,
parser_src,709,32774795944444,,33333333
decoder_sink,709,32774795944444,,33333333
decoder_src,707,32774762611111,,33333333
depay_src,710,32774962611111,,
parser_src,710,32774962611111,,33333333
decoder_sink,710,32774962611111,,33333333
decoder_src,708,32774795944444,,33333333
depay_src,711,32774895944444,,
parser_src,711,32774895944444,,33333333
decoder_sink,711,32774895944444,,33333333
decoder_src,709,32774829288888,,33333333
depay_src,712,32774862611111,,
parser_src,712,32774862611111,,33333333
decoder_sink,712,32774862611111,,33333333
decoder_src,710,32774862611111,,33333333
depay_src,713,32774929288888,,
parser_src,713,32774929288888,,33333333
decoder_sink,713,32774929288888,,33333333
decoder_src,711,32774895944444,,33333333
depay_src,714,32775095944444,,
parser_src,714,32775095944444,,33333333
decoder_sink,714,32775095944444,,33333333
decoder_src,712,32774929288888,,33333333
depay_src,715,32775029288888,,
parser_src,715,32775029288888,,33333333
decoder_sink,715,32775029288888,,33333333
decoder_src,713,32774962611111,,33333333
depay_src,716,32774995944444,,
parser_src,716,32774995944444,,33333333
decoder_sink,716,32774995944444,,33333333
decoder_src,714,32774995944444,,33333333
depay_src,717,32775062611111,,
parser_src,717,32775062611111,,33333333
decoder_sink,717,32775062611111,,33333333
decoder_src,715,32775029288888,,33333333
depay_src,718,32775229288888,,
parser_src,718,32775229288888,,33333333
decoder_sink,718,32775229288888,,33333333
decoder_src,716,32775062611111,,33333333
depay_src,719,32775162611111,,
parser_src,719,32775162611111,,33333333
decoder_sink,719,32775162611111,,33333333
decoder_src,717,32775095944444,,33333333
depay_src,720,32775129288888,,
parser_src,720,32775129288888,,33333333
decoder_sink,720,32775129288888,,33333333
decoder_src,718,32775129288888,,33333333
depay_src,721,32775195944444,,
parser_src,721,32775195944444,,33333333
decoder_sink,721,32775195944444,,33333333
decoder_src,719,32775162611111,,33333333
depay_src,722,32775362611111,,
parser_src,722,32775362611111,,33333333
decoder_sink,722,32775362611111,,33333333
decoder_src,720,32775195944444,,33333333
depay_src,723,32775295944444,,
parser_src,723,32775295944444,,33333333
decoder_sink,723,32775295944444,,33333333
decoder_src,721,32775229288888,,33333333
depay_src,724,32775262611111,,
parser_src,724,32775262611111,,33333333
decoder_sink,724,32775262611111,,33333333
decoder_src,722,32775262611111,,33333333
depay_src,725,32775329288888,,
parser_src,725,32775329288888,,33333333
decoder_sink,725,32775329288888,,33333333
decoder_src,723,32775295944444,,33333333
depay_src,726,32775495944444,,
parser_src,726,32775495944444,,33333333
decoder_sink,726,32775495944444,,33333333
decoder_src,724,32775329288888,,33333333
depay_src,727,32775429288888,,
parser_src,727,32775429288888,,33333333
decoder_sink,727,32775429288888,,33333333
decoder_src,725,32775362611111,,33333333
depay_src,728,32775395944444,,
parser_src,728,32775395944444,,33333333
decoder_sink,728,32775395944444,,33333333
decoder_src,726,32775395944444,,33333333
depay_src,729,32775462611111,,
parser_src,729,32775462611111,,33333333
decoder_sink,729,32775462611111,,33333333
decoder_src,727,32775429288888,,33333333
depay_src,730,32775629288888,,
parser_src,730,32775629288888,,33333333
decoder_sink,730,32775629288888,,33333333
decoder_src,728,32775462611111,,33333333
depay_src,731,32775562611111,,
parser_src,731,32775562611111,,33333333
decoder_sink,731,32775562611111,,33333333
decoder_src,729,32775495944444,,33333333
depay_src,732,32775529288888,,
parser_src,732,32775529288888,,33333333
decoder_sink,732,32775529288888,,33333333
decoder_src,730,32775529288888,,33333333
depay_src,733,32775595944444,,
parser_src,733,32775595944444,,33333333
decoder_sink,733,32775595944444,,33333333
decoder_src,731,32775562611111,,33333333
depay_src,734,32775762611111,,
parser_src,734,32775762611111,,33333333
decoder_sink,734,32775762611111,,33333333
decoder_src,732,32775595944444,,33333333
depay_src,735,32775695944444,,
parser_src,735,32775695944444,,33333333
decoder_sink,735,32775695944444,,33333333
decoder_src,733,32775629288888,,33333333
depay_src,736,32775662611111,,
parser_src,736,32775662611111,,33333333
decoder_sink,736,32775662611111,,33333333
decoder_src,734,32775662611111,,33333333
depay_src,737,32775729288888,,
parser_src,737,32775729288888,,33333333
decoder_sink,737,32775729288888,,33333333
decoder_src,735,32775695944444,,33333333
depay_src,738,32775895944444,,
parser_src,738,32775895944444,,33333333
decoder_sink,738,32775895944444,,33333333
decoder_src,736,32775729288888,,33333333
depay_src,739,32775829288888,,
parser_src,739,32775829288888,,33333333
decoder_sink,739,32775829288888,,33333333
decoder_src,737,32775762611111,,33333333
depay_src,740,32775795944444,,
parser_src,740,32775795944444,,33333333
decoder_sink,740,32775795944444,,33333333
decoder_src,738,32775795944444,,33333333
depay_src,741,32775862611111,,
parser_src,741,32775862611111,,33333333
decoder_sink,741,32775862611111,,33333333
decoder_src,739,32775829288888,,33333333
depay_src,742,32776029288888,,
parser_src,742,32776029288888,,33333333
decoder_sink,742,32776029288888,,33333333
decoder_src,740,32775862611111,,33333333
depay_src,743,32775962611111,,
parser_src,743,32775962611111,,33333333
decoder_sink,743,32775962611111,,33333333
decoder_src,741,32775895944444,,33333333
depay_src,744,32775929288888,,
parser_src,744,32775929288888,,33333333
decoder_sink,744,32775929288888,,33333333
decoder_src,742,32775929288888,,33333333
depay_src,745,32775995944444,,
parser_src,745,32775995944444,,33333333
decoder_sink,745,32775995944444,,33333333
decoder_src,743,32775962611111,,33333333
depay_src,746,32776162611111,,
parser_src,746,32776162611111,,33333333
decoder_sink,746,32776162611111,,33333333
decoder_src,744,32775995944444,,33333333
depay_src,747,32776095944444,,
parser_src,747,32776095944444,,33333333
decoder_sink,747,32776095944444,,33333333
decoder_src,745,32776029288888,,33333333
depay_src,748,32776062611111,,
parser_src,748,32776062611111,,33333333
decoder_sink,748,32776062611111,,33333333
decoder_src,746,32776062611111,,33333333
depay_src,749,32776129288888,,
parser_src,749,32776129288888,,33333333
decoder_sink,749,32776129288888,,33333333
decoder_src,747,32776095944444,,33333333
depay_src,750,32776295944444,,
parser_src,750,32776295944444,,33333333
decoder_sink,750,32776295944444,,33333333
decoder_src,748,32776129288888,,33333333
depay_src,751,32776229288888,,
parser_src,751,32776229288888,,33333333
decoder_sink,751,32776229288888,,33333333
decoder_src,749,32776162611111,,33333333
depay_src,752,32776195944444,,
parser_src,752,32776195944444,,33333333
decoder_sink,752,32776195944444,,33333333
decoder_src,750,32776195944444,,33333333
depay_src,753,32776262611111,,
parser_src,753,32776262611111,,33333333
decoder_sink,753,32776262611111,,33333333
decoder_src,751,32776229288888,,33333333
depay_src,754,32776429288888,,
parser_src,754,32776429288888,,33333333
decoder_sink,754,32776429288888,,33333333
decoder_src,752,32776262611111,,33333333
depay_src,755,32776362611111,,
parser_src,755,32776362611111,,33333333
decoder_sink,755,32776362611111,,33333333
decoder_src,753,32776295944444,,33333333
depay_src,756,32776329288888,,
parser_src,756,32776329288888,,33333333
decoder_sink,756,32776329288888,,33333333
decoder_src,754,32776329288888,,33333333
depay_src,757,32776395944444,,
parser_src,757,32776395944444,,33333333
decoder_sink,757,32776395944444,,33333333
decoder_src,755,32776362611111,,33333333
depay_src,758,32776562611111,,
parser_src,758,32776562611111,,33333333
decoder_sink,758,32776562611111,,33333333
decoder_src,756,32776395944444,,33333333
depay_src,759,32776495944444,,
parser_src,759,32776495944444,,33333333
decoder_sink,759,32776495944444,,33333333
decoder_src,757,32776429288888,,33333333
depay_src,760,32776462611111,,
parser_src,760,32776462611111,,33333333
decoder_sink,760,32776462611111,,33333333
decoder_src,758,32776462611111,,33333333
depay_src,761,32776529288888,,
parser_src,761,32776529288888,,33333333
decoder_sink,761,32776529288888,,33333333
decoder_src,759,32776495944444,,33333333
depay_src,762,32776695944444,,
parser_src,762,32776695944444,,33333333
decoder_sink,762,32776695944444,,33333333
decoder_src,760,32776529288888,,33333333
depay_src,763,32776629288888,,
parser_src,763,32776629288888,,33333333
decoder_sink,763,32776629288888,,33333333
decoder_src,761,32776562611111,,33333333
depay_src,764,32776595944444,,
parser_src,764,32776595944444,,33333333
decoder_sink,764,32776595944444,,33333333
decoder_src,762,32776595944444,,33333333
depay_src,765,32776662611111,,
parser_src,765,32776662611111,,33333333
decoder_sink,765,32776662611111,,33333333
decoder_src,763,32776629288888,,33333333
depay_src,766,32776829288888,,
parser_src,766,32776829288888,,33333333
decoder_sink,766,32776829288888,,33333333
decoder_src,764,32776662611111,,33333333
depay_src,767,32776762611111,,
parser_src,767,32776762611111,,33333333
decoder_sink,767,32776762611111,,33333333
decoder_src,765,32776695944444,,33333333
depay_src,768,32776729288888,,
parser_src,768,32776729288888,,33333333
decoder_sink,768,32776729288888,,33333333
decoder_src,766,32776729288888,,33333333
depay_src,769,32776795944444,,
parser_src,769,32776795944444,,33333333
decoder_sink,769,32776795944444,,33333333
decoder_src,767,32776762611111,,33333333
depay_src,770,32776962611111,,
parser_src,770,32776962611111,,33333333
decoder_sink,770,32776962611111,,33333333
decoder_src,768,32776795944444,,33333333
depay_src,771,32776895944444,,
parser_src,771,32776895944444,,33333333
decoder_sink,771,32776895944444,,33333333
decoder_src,769,32776829288888,,33333333
depay_src,772,32776862611111,,
parser_src,772,32776862611111,,33333333
decoder_sink,772,32776862611111,,33333333
decoder_src,770,32776862611111,,33333333
depay_src,773,32776929288888,,
parser_src,773,32776929288888,,33333333
decoder_sink,773,32776929288888,,33333333
decoder_src,771,32776895944444,,33333333
depay_src,774,32777095944444,,
parser_src,774,32777095944444,,33333333
decoder_sink,774,32777095944444,,33333333
decoder_src,772,32776929288888,,33333333
depay_src,775,32777029288888,,
parser_src,775,32777029288888,,33333333
decoder_sink,775,32777029288888,,33333333
decoder_src,773,32776962611111,,33333333
depay_src,776,32776995944444,,
parser_src,776,32776995944444,,33333333
decoder_sink,776,32776995944444,,33333333
decoder_src,774,32776995944444,,33333333
depay_src,777,32777062611111,,
parser_src,777,32777062611111,,33333333
decoder_sink,777,32777062611111,,33333333
decoder_src,775,32777029288888,,33333333
depay_src,778,32777229288888,,
parser_src,778,32777229288888,,33333333
decoder_sink,778,32777229288888,,33333333
decoder_src,776,32777062611111,,33333333
depay_src,779,32777162611111,,
parser_src,779,32777162611111,,33333333
decoder_sink,779,32777162611111,,33333333
decoder_src,777,32777095944444,,33333333
depay_src,780,32777129288888,,
parser_src,780,32777129288888,,33333333
decoder_sink,780,32777129288888,,33333333
decoder_src,778,32777129288888,,33333333
depay_src,781,32777195944444,,
parser_src,781,32777195944444,,33333333
decoder_sink,781,32777195944444,,33333333
decoder_src,779,32777162611111,,33333333
depay_src,782,32777362611111,,
parser_src,782,32777362611111,,33333333
decoder_sink,782,32777362611111,,33333333
decoder_src,780,32777195944444,,33333333
depay_src,783,32777295944444,,
parser_src,783,32777295944444,,33333333
decoder_sink,783,32777295944444,,33333333
decoder_src,781,32777229288888,,33333333
depay_src,784,32777262611111,,
parser_src,784,32777262611111,,33333333
decoder_sink,784,32777262611111,,33333333
decoder_src,782,32777262611111,,33333333
depay_src,785,32777329288888,,
parser_src,785,32777329288888,,33333333
decoder_sink,785,32777329288888,,33333333
decoder_src,783,32777295944444,,33333333
depay_src,786,32777495944444,,
parser_src,786,32777495944444,,33333333
decoder_sink,786,32777495944444,,33333333
decoder_src,784,32777329288888,,33333333
depay_src,787,32777429288888,,
parser_src,787,32777429288888,,33333333
decoder_sink,787,32777429288888,,33333333
decoder_src,785,32777362611111,,33333333
depay_src,788,32777395944444,,
parser_src,788,32777395944444,,33333333
decoder_sink,788,32777395944444,,33333333
decoder_src,786,32777395944444,,33333333
depay_src,789,32777462611111,,
parser_src,789,32777462611111,,33333333
decoder_sink,789,32777462611111,,33333333
decoder_src,787,32777429288888,,33333333
depay_src,790,32777629288888,,
parser_src,790,32777629288888,,33333333
decoder_sink,790,32777629288888,,33333333
decoder_src,788,32777462611111,,33333333
depay_src,791,32777562611111,,
parser_src,791,32777562611111,,33333333
decoder_sink,791,32777562611111,,33333333
decoder_src,789,32777495944444,,33333333
depay_src,792,32777529288888,,
parser_src,792,32777529288888,,33333333
decoder_sink,792,32777529288888,,33333333
decoder_src,790,32777529288888,,33333333
depay_src,793,32777595944444,,
parser_src,793,32777595944444,,33333333
decoder_sink,793,32777595944444,,33333333
decoder_src,791,32777562611111,,33333333
depay_src,794,32777762611111,,
parser_src,794,32777762611111,,33333333
decoder_sink,794,32777762611111,,33333333
decoder_src,792,32777595944444,,33333333
depay_src,795,32777695944444,,
parser_src,795,32777695944444,,33333333
decoder_sink,795,32777695944444,,33333333
decoder_src,793,32777629288888,,33333333
depay_src,796,32777662611111,,
parser_src,796,32777662611111,,33333333
decoder_sink,796,32777662611111,,33333333
decoder_src,794,32777662611111,,33333333
depay_src,797,32777729288888,,
parser_src,797,32777729288888,,33333333
decoder_sink,797,32777729288888,,33333333
decoder_src,795,32777695944444,,33333333
depay_src,798,32777895944444,,
parser_src,798,32777895944444,,33333333
decoder_sink,798,32777895944444,,33333333
decoder_src,796,32777729288888,,33333333
depay_src,799,32777829288888,,
parser_src,799,32777829288888,,33333333
decoder_sink,799,32777829288888,,33333333
decoder_src,797,32777762611111,,33333333
depay_src,800,32777795944444,,
parser_src,800,32777795944444,,33333333
decoder_sink,800,32777795944444,,33333333
decoder_src,798,32777795944444,,33333333
depay_src,801,32777862611111,,
parser_src,801,32777862611111,,33333333
decoder_sink,801,32777862611111,,33333333
decoder_src,799,32777829288888,,33333333
depay_src,802,32778029288888,,
parser_src,802,32778029288888,,33333333
decoder_sink,802,32778029288888,,33333333
decoder_src,800,32777862611111,,33333333
depay_src,803,32777962611111,,
parser_src,803,32777962611111,,33333333
decoder_sink,803,32777962611111,,33333333
decoder_src,801,32777895944444,,33333333
depay_src,804,32777929288888,,
parser_src,804,32777929288888,,33333333
decoder_sink,804,32777929288888,,33333333
decoder_src,802,32777929288888,,33333333
depay_src,805,32777995944444,,
parser_src,805,32777995944444,,33333333
decoder_sink,805,32777995944444,,33333333
decoder_src,803,32777962611111,,33333333
depay_src,806,32778162611111,,
parser_src,806,32778162611111,,33333333
decoder_sink,806,32778162611111,,33333333
decoder_src,804,32777995944444,,33333333
depay_src,807,32778095944444,,
parser_src,807,32778095944444,,33333333
decoder_sink,807,32778095944444,,33333333
decoder_src,805,32778029288888,,33333333
depay_src,808,32778062611111,,
parser_src,808,32778062611111,,33333333
decoder_sink,808,32778062611111,,33333333
decoder_src,806,32778062611111,,33333333
depay_src,809,32778129288888,,
parser_src,809,32778129288888,,33333333
decoder_sink,809,32778129288888,,33333333
decoder_src,807,32778095944444,,33333333
depay_src,810,32778295944444,,
parser_src,810,32778295944444,,33333333
decoder_sink,810,32778295944444,,33333333
decoder_src,808,32778129288888,,33333333
depay_src,811,32778229288888,,
parser_src,811,32778229288888,,33333333
decoder_sink,811,32778229288888,,33333333
decoder_src,809,32778162611111,,33333333
depay_src,812,32778195944444,,
parser_src,812,32778195944444,,33333333
decoder_sink,812,32778195944444,,33333333
decoder_src,810,32778195944444,,33333333
depay_src,813,32778262611111,,
parser_src,813,32778262611111,,33333333
decoder_sink,813,32778262611111,,33333333
decoder_src,811,32778229288888,,33333333
depay_src,814,32778429288888,,
parser_src,814,32778429288888,,33333333
decoder_sink,814,32778429288888,,33333333
decoder_src,812,32778262611111,,33333333
depay_src,815,32778362611111,,
parser_src,815,32778362611111,,33333333
decoder_sink,815,32778362611111,,33333333
decoder_src,813,32778295944444,,33333333
depay_src,816,32778329288888,,
parser_src,816,32778329288888,,33333333
decoder_sink,816,32778329288888,,33333333
decoder_src,814,32778329288888,,33333333
depay_src,817,32778395944444,,
parser_src,817,32778395944444,,33333333
decoder_sink,817,32778395944444,,33333333
decoder_src,815,32778362611111,,33333333
depay_src,818,32778562611111,,
parser_src,818,32778562611111,,33333333
decoder_sink,818,32778562611111,,33333333
decoder_src,816,32778395944444,,33333333
depay_src,819,32778495944444,,
parser_src,819,32778495944444,,33333333
decoder_sink,819,32778495944444,,33333333
decoder_src,817,32778429288888,,33333333
depay_src,820,32778462611111,,
parser_src,820,32778462611111,,33333333
decoder_sink,820,32778462611111,,33333333
decoder_src,818,32778462611111,,33333333
depay_src,821,32778529288888,,
parser_src,821,32778529288888,,33333333
decoder_sink,821,32778529288888,,33333333
decoder_src,819,32778495944444,,33333333
depay_src,822,32778695944444,,
parser_src,822,32778695944444,,33333333
decoder_sink,822,32778695944444,,33333333
decoder_src,820,32778529288888,,33333333
depay_src,823,32778629288888,,
parser_src,823,32778629288888,,33333333
decoder_sink,823,32778629288888,,33333333
decoder_src,821,32778562611111,,33333333
depay_src,824,32778595944444,,
parser_src,824,32778595944444,,33333333
decoder_sink,824,32778595944444,,33333333
decoder_src,822,32778595944444,,33333333
depay_src,825,32778662611111,,
parser_src,825,32778662611111,,33333333
decoder_sink,825,32778662611111,,33333333
decoder_src,823,32778629288888,,33333333
depay_src,826,32778829288888,,
parser_src,826,32778829288888,,33333333
decoder_sink,826,32778829288888,,33333333
decoder_src,824,32778662611111,,33333333
depay_src,827,32778762611111,,
parser_src,827,32778762611111,,33333333
decoder_sink,827,32778762611111,,33333333
decoder_src,825,32778695944444,,33333333
depay_src,828,32778729288888,,
parser_src,828,32778729288888,,33333333
decoder_sink,828,32778729288888,,33333333
decoder_src,826,32778729288888,,33333333
depay_src,829,32778795944444,,
parser_src,829,32778795944444,,33333333
decoder_sink,829,32778795944444,,33333333
decoder_src,827,32778762611111,,33333333
depay_src,830,32778962611111,,
parser_src,830,32778962611111,,33333333
decoder_sink,830,32778962611111,,33333333
decoder_src,828,32778795944444,,33333333
depay_src,831,32778895944444,,
parser_src,831,32778895944444,,33333333
decoder_sink,831,32778895944444,,33333333
decoder_src,829,32778829288888,,33333333
depay_src,832,32778862611111,,
parser_src,832,32778862611111,,33333333
decoder_sink,832,32778862611111,,33333333
decoder_src,830,32778862611111,,33333333
depay_src,833,32778929288888,,
parser_src,833,32778929288888,,33333333
decoder_sink,833,32778929288888,,33333333
decoder_src,831,32778895944444,,33333333
depay_src,834,32779095944444,,
parser_src,834,32779095944444,,33333333
decoder_sink,834,32779095944444,,33333333
decoder_src,832,32778929288888,,33333333
depay_src,835,32779029288888,,
parser_src,835,32779029288888,,33333333
decoder_sink,835,32779029288888,,33333333
decoder_src,833,32778962611111,,33333333
depay_src,836,32778995944444,,
parser_src,836,32778995944444,,33333333
decoder_sink,836,32778995944444,,33333333
decoder_src,834,32778995944444,,33333333
depay_src,837,32779062611111,,
parser_src,837,32779062611111,,33333333
decoder_sink,837,32779062611111,,33333333
decoder_src,835,32779029288888,,33333333
depay_src,838,32779229288888,,
parser_src,838,32779229288888,,33333333
decoder_sink,838,32779229288888,,33333333
decoder_src,836,32779062611111,,33333333
depay_src,839,32779162611111,,
parser_src,839,32779162611111,,33333333
decoder_sink,839,32779162611111,,33333333
decoder_src,837,32779095944444,,33333333
depay_src,840,32779129288888,,
parser_src,840,32779129288888,,33333333
decoder_sink,840,32779129288888,,33333333
decoder_src,838,32779129288888,,33333333
depay_src,841,32779195944444,,
parser_src,841,32779195944444,,33333333
decoder_sink,841,32779195944444,,33333333
decoder_src,839,32779162611111,,33333333
depay_src,842,32779362611111,,
parser_src,842,32779362611111,,33333333
decoder_sink,842,32779362611111,,33333333
decoder_src,840,32779195944444,,33333333
depay_src,843,32779295944444,,
parser_src,843,32779295944444,,33333333
decoder_sink,843,32779295944444,,33333333
decoder_src,841,32779229288888,,33333333
depay_src,844,32779262611111,,
parser_src,844,32779262611111,,33333333
decoder_sink,844,32779262611111,,33333333
decoder_src,842,32779262611111,,33333333
depay_src,845,32779329288888,,
parser_src,845,32779329288888,,33333333
decoder_sink,845,32779329288888,,33333333
decoder_src,843,32779295944444,,33333333
depay_src,846,32779495944444,,
parser_src,846,32779495944444,,33333333
decoder_sink,846,32779495944444,,33333333
decoder_src,844,32779329288888,,33333333
depay_src,847,32779429288888,,
parser_src,847,32779429288888,,33333333
decoder_sink,847,32779429288888,,33333333
decoder_src,845,32779362611111,,33333333
depay_src,848,32779395944444,,
parser_src,848,32779395944444,,33333333
decoder_sink,848,32779395944444,,33333333
decoder_src,846,32779395944444,,33333333
depay_src,849,32779462611111,,
parser_src,849,32779462611111,,33333333
decoder_sink,849,32779462611111,,33333333
decoder_src,847,32779429288888,,33333333
depay_src,850,32779629288888,,
parser_src,850,32779629288888,,33333333
decoder_sink,850,32779629288888,,33333333
decoder_src,848,32779462611111,,33333333
depay_src,851,32779562611111,,
parser_src,851,32779562611111,,33333333
decoder_sink,851,32779562611111,,33333333
decoder_src,849,32779495944444,,33333333
depay_src,852,32779529288888,,
parser_src,852,32779529288888,,33333333
decoder_sink,852,32779529288888,,33333333
decoder_src,850,32779529288888,,33333333
depay_src,853,32779595944444,,
parser_src,853,32779595944444,,33333333
decoder_sink,853,32779595944444,,33333333
decoder_src,851,32779562611111,,33333333
depay_src,854,32779762611111,,
parser_src,854,32779762611111,,33333333
decoder_sink,854,32779762611111,,33333333
decoder_src,852,32779595944444,,33333333
depay_src,855,32779695944444,,
parser_src,855,32779695944444,,33333333
decoder_sink,855,32779695944444,,33333333
decoder_src,853,32779629288888,,33333333
depay_src,856,32779662611111,,
parser_src,856,32779662611111,,33333333
decoder_sink,856,32779662611111,,33333333
decoder_src,854,32779662611111,,33333333
depay_src,857,32779729288888,,
parser_src,857,32779729288888,,33333333
decoder_sink,857,32779729288888,,33333333
decoder_src,855,32779695944444,,33333333
depay_src,858,32779895944444,,
parser_src,858,32779895944444,,33333333
decoder_sink,858,32779895944444,,33333333
decoder_src,856,32779729288888,,33333333
depay_src,859,32779829288888,,
parser_src,859,32779829288888,,33333333
decoder_sink,859,32779829288888,,33333333
decoder_src,857,32779762611111,,33333333
depay_src,860,32779795944444,,
parser_src,860,32779795944444,,33333333
decoder_sink,860,32779795944444,,33333333
decoder_src,858,32779795944444,,33333333
depay_src,861,32779862611111,,
parser_src,861,32779862611111,,33333333
decoder_sink,861,32779862611111,,33333333
decoder_src,859,32779829288888,,33333333
depay_src,862,32780029288888,,
parser_src,862,32780029288888,,33333333
decoder_sink,862,32780029288888,,33333333
decoder_src,860,32779862611111,,33333333
depay_src,863,32779962611111,,
parser_src,863,32779962611111,,33333333
decoder_sink,863,32779962611111,,33333333
decoder_src,861,32779895944444,,33333333
depay_src,864,32779929288888,,
parser_src,864,32779929288888,,33333333
decoder_sink,864,32779929288888,,33333333
decoder_src,862,32779929288888,,33333333
depay_src,865,32779995944444,,
parser_src,865,32779995944444,,33333333
decoder_sink,865,32779995944444,,33333333
decoder_src,863,32779962611111,,33333333
depay_src,866,32780162611111,,
parser_src,866,32780162611111,,33333333
decoder_sink,866,32780162611111,,33333333
decoder_src,864,32779995944444,,33333333
depay_src,867,32780095944444,,
parser_src,867,32780095944444,,33333333
decoder_sink,867,32780095944444,,33333333
decoder_src,865,32780029288888,,33333333
depay_src,868,32780062611111,,
parser_src,868,32780062611111,,33333333
decoder_sink,868,32780062611111,,33333333
decoder_src,866,32780062611111,,33333333
depay_src,869,32780129288888,,
parser_src,869,32780129288888,,33333333
decoder_sink,869,32780129288888,,33333333
decoder_src,867,32780095944444,,33333333
depay_src,870,32780295944444,,
parser_src,870,32780295944444,,33333333
decoder_sink,870,32780295944444,,33333333
decoder_src,868,32780129288888,,33333333
depay_src,871,32780229288888,,
parser_src,871,32780229288888,,33333333
decoder_sink,871,32780229288888,,33333333
decoder_src,869,32780162611111,,33333333
depay_src,872,32780195944444,,
parser_src,872,32780195944444,,33333333
decoder_sink,872,32780195944444,,33333333
decoder_src,870,32780195944444,,33333333
depay_src,873,32780262611111,,
parser_src,873,32780262611111,,33333333
decoder_sink,873,32780262611111,,33333333
decoder_src,871,32780229288888,,33333333
depay_src,874,32780429288888,,
parser_src,874,32780429288888,,33333333
decoder_sink,874,32780429288888,,33333333
decoder_src,872,32780262611111,,33333333
depay_src,875,32780362611111,,
parser_src,875,32780362611111,,33333333
decoder_sink,875,32780362611111,,33333333
decoder_src,873,32780295944444,,33333333
depay_src,876,32780329288888,,
parser_src,876,32780329288888,,33333333
decoder_sink,876,32780329288888,,33333333
decoder_src,874,32780329288888,,33333333
depay_src,877,32780395944444,,
parser_src,877,32780395944444,,33333333
decoder_sink,877,32780395944444,,33333333
decoder_src,875,32780362611111,,33333333
depay_src,878,32780562611111,,
parser_src,878,32780562611111,,33333333
decoder_sink,878,32780562611111,,33333333
decoder_src,876,32780395944444,,33333333
depay_src,879,32780495944444,,
parser_src,879,32780495944444,,33333333
decoder_sink,879,32780495944444,,33333333
decoder_src,877,32780429288888,,33333333
depay_src,880,32780462611111,,
parser_src,880,32780462611111,,33333333
decoder_sink,880,32780462611111,,33333333
decoder_src,878,32780462611111,,33333333
depay_src,881,32780529288888,,
parser_src,881,32780529288888,,33333333
decoder_sink,881,32780529288888,,33333333
decoder_src,879,32780495944444,,33333333
depay_src,882,32780695944444,,
parser_src,882,32780695944444,,33333333
decoder_sink,882,32780695944444,,33333333
decoder_src,880,32780529288888,,33333333
depay_src,883,32780629288888,,
parser_src,883,32780629288888,,33333333
decoder_sink,883,32780629288888,,33333333
decoder_src,881,32780562611111,,33333333
depay_src,884,32780595944444,,
parser_src,884,32780595944444,,33333333
decoder_sink,884,32780595944444,,33333333
decoder_src,882,32780595944444,,33333333
depay_src,885,32780662611111,,
parser_src,885,32780662611111,,33333333
decoder_sink,885,32780662611111,,33333333
decoder_src,883,32780629288888,,33333333
depay_src,886,32780829288888,,
parser_src,886,32780829288888,,33333333
decoder_sink,886,32780829288888,,33333333
decoder_src,884,32780662611111,,33333333
depay_src,887,32780762611111,,
parser_src,887,32780762611111,,33333333
decoder_sink,887,32780762611111,,33333333
decoder_src,885,32780695944444,,33333333
depay_src,888,32780729288888,,
parser_src,888,32780729288888,,33333333
decoder_sink,888,32780729288888,,33333333
decoder_src,886,32780729288888,,33333333
depay_src,889,32780795944444,,
parser_src,889,32780795944444,,33333333
decoder_sink,889,32780795944444,,33333333
decoder_src,887,32780762611111,,33333333
depay_src,890,32780962611111,,
parser_src,890,32780962611111,,33333333
decoder_sink,890,32780962611111,,33333333
decoder_src,888,32780795944444,,33333333
depay_src,891,32780895944444,,
parser_src,891,32780895944444,,33333333
decoder_sink,891,32780895944444,,33333333
decoder_src,889,32780829288888,,33333333
depay_src,892,32780862611111,,
parser_src,892,32780862611111,,33333333
decoder_sink,892,32780862611111,,33333333
decoder_src,890,32780862611111,,33333333
depay_src,893,32780929288888,,
parser_src,893,32780929288888,,33333333
decoder_sink,893,32780929288888,,33333333
decoder_src,891,32780895944444,,33333333
depay_src,894,32781095944444,,
parser_src,894,32781095944444,,33333333
decoder_sink,894,32781095944444,,33333333
decoder_src,892,32780929288888,,33333333
depay_src,895,32781029288888,,
parser_src,895,32781029288888,,33333333
decoder_sink,895,32781029288888,,33333333
decoder_src,893,32780962611111,,33333333
depay_src,896,32780995944444,,
parser_src,896,32780995944444,,33333333
decoder_sink,896,32780995944444,,33333333
decoder_src,894,32780995944444,,33333333
depay_src,897,32781062611111,,
parser_src,897,32781062611111,,33333333
decoder_sink,897,32781062611111,,33333333
decoder_src,895,32781029288888,,33333333
depay_src,898,32781229288888,,
parser_src,898,32781229288888,,33333333
decoder_sink,898,32781229288888,,33333333
decoder_src,896,32781062611111,,33333333
depay_src,899,32781162611111,,
parser_src,899,32781162611111,,33333333
decoder_sink,899,32781162611111,,33333333
decoder_src,897,32781095944444,,33333333
depay_src,900,32781129288888,,
parser_src,900,32781129288888,,33333333
decoder_sink,900,32781129288888,,33333333
decoder_src,898,32781129288888,,33333333
depay_src,901,32781195944444,,
parser_src,901,32781195944444,,33333333
decoder_sink,901,32781195944444,,33333333
decoder_src,899,32781162611111,,33333333
depay_src,902,32781362611111,,
parser_src,902,32781362611111,,33333333
decoder_sink,902,32781362611111,,33333333
decoder_src,900,32781195944444,,33333333
depay_src,903,32781295944444,,
parser_src,903,32781295944444,,33333333
decoder_sink,903,32781295944444,,33333333
decoder_src,901,32781229288888,,33333333
depay_src,904,32781262611111,,
parser_src,904,32781262611111,,33333333
decoder_sink,904,32781262611111,,33333333
decoder_src,902,32781262611111,,33333333
depay_src,905,32781329288888,,
parser_src,905,32781329288888,,33333333
decoder_sink,905,32781329288888,,33333333
decoder_src,903,32781295944444,,33333333
depay_src,906,32781495944444,,
parser_src,906,32781495944444,,33333333
decoder_sink,906,32781495944444,,33333333
decoder_src,904,32781329288888,,33333333
depay_src,907,32781429288888,,
parser_src,907,32781429288888,,33333333
decoder_sink,907,32781429288888,,33333333
decoder_src,905,32781362611111,,33333333
depay_src,908,32781395944444,,
parser_src,908,32781395944444,,33333333
decoder_sink,908,32781395944444,,33333333
decoder_src,906,32781395944444,,33333333
depay_src,909,32781462611111,,
parser_src,909,32781462611111,,33333333
decoder_sink,909,32781462611111,,33333333
decoder_src,907,32781429288888,,33333333
depay_src,910,32781629288888,,
parser_src,910,32781629288888,,33333333
decoder_sink,910,32781629288888,,33333333
decoder_src,908,32781462611111,,33333333
depay_src,911,32781562611111,,
parser_src,911,32781562611111,,33333333
decoder_sink,911,32781562611111,,33333333
decoder_src,909,32781495944444,,33333333
depay_src,912,32781529288888,,
parser_src,912,32781529288888,,33333333
decoder_sink,912,32781529288888,,33333333
decoder_src,910,32781529288888,,33333333
depay_src,913,32781595944444,,
parser_src,913,32781595944444,,33333333
decoder_sink,913,32781595944444,,33333333
decoder_src,911,32781562611111,,33333333
depay_src,914,32781762611111,,
parser_src,914,32781762611111,,33333333
decoder_sink,914,32781762611111,,33333333
decoder_src,912,32781595944444,,33333333
depay_src,915,32781695944444,,
parser_src,915,32781695944444,,33333333
decoder_sink,915,32781695944444,,33333333
decoder_src,913,32781629288888,,33333333
depay_src,916,32781662611111,,
parser_src,916,32781662611111,,33333333
decoder_sink,916,32781662611111,,33333333
decoder_src,914,32781662611111,,33333333
depay_src,917,32781729288888,,
parser_src,917,32781729288888,,33333333
decoder_sink,917,32781729288888,,33333333
decoder_src,915,32781695944444,,33333333
depay_src,918,32781895944444,,
parser_src,918,32781895944444,,33333333
decoder_sink,918,32781895944444,,33333333
decoder_src,916,32781729288888,,33333333
depay_src,919,32781829288888,,
parser_src,919,32781829288888,,33333333
decoder_sink,919,32781829288888,,33333333
decoder_src,917,32781762611111,,33333333
depay_src,920,32781795944444,,
parser_src,920,32781795944444,,33333333
decoder_sink,920,32781795944444,,33333333
decoder_src,918,32781795944444,,33333333
depay_src,921,32781862611111,,
parser_src,921,32781862611111,,33333333
decoder_sink,921,32781862611111,,33333333
decoder_src,919,32781829288888,,33333333
depay_src,922,32782029288888,,
parser_src,922,32782029288888,,33333333
decoder_sink,922,32782029288888,,33333333
decoder_src,920,32781862611111,,33333333
depay_src,923,32781962611111,,
parser_src,923,32781962611111,,33333333
decoder_sink,923,32781962611111,,33333333
decoder_src,921,32781895944444,,33333333
depay_src,924,32781929288888,,
parser_src,924,32781929288888,,33333333
decoder_sink,924,32781929288888,,33333333
decoder_src,922,32781929288888,,33333333
depay_src,925,32781995944444,,
parser_src,925,32781995944444,,33333333
decoder_sink,925,32781995944444,,33333333
decoder_src,923,32781962611111,,33333333
depay_src,926,32782162611111,,
parser_src,926,32782162611111,,33333333
decoder_sink,926,32782162611111,,33333333
decoder_src,924,32781995944444,,33333333
depay_src,927,32782095944444,,
parser_src,927,32782095944444,,33333333
decoder_sink,927,32782095944444,,33333333
decoder_src,925,32782029288888,,33333333
depay_src,928,32782062611111,,
parser_src,928,32782062611111,,33333333
decoder_sink,928,32782062611111,,33333333
decoder_src,926,32782062611111,,33333333
depay_src,929,32782129288888,,
parser_src,929,32782129288888,,33333333
decoder_sink,929,32782129288888,,33333333
decoder_src,927,32782095944444,,33333333
depay_src,930,32782295944444,,
parser_src,930,32782295944444,,33333333
decoder_sink,930,32782295944444,,33333333
decoder_src,928,32782129288888,,33333333
depay_src,931,32782229288888,,
parser_src,931,32782229288888,,33333333
decoder_sink,931,32782229288888,,33333333
decoder_src,929,32782162611111,,33333333
depay_src,932,32782195944444,,
parser_src,932,32782195944444,,33333333
decoder_sink,932,32782195944444,,33333333
decoder_src,930,32782195944444,,33333333
depay_src,933,32782262611111,,
parser_src,933,32782262611111,,33333333
decoder_sink,933,32782262611111,,33333333
decoder_src,931,32782229288888,,33333333
depay_src,934,32782429288888,,
parser_src,934,32782429288888,,33333333
decoder_sink,934,32782429288888,,33333333
decoder_src,932,32782262611111,,33333333
depay_src,935,32782362611111,,
parser_src,935,32782362611111,,33333333
decoder_sink,935,32782362611111,,33333333
decoder_src,933,32782295944444,,33333333
depay_src,936,32782329288888,,
parser_src,936,32782329288888,,33333333
decoder_sink,936,32782329288888,,33333333
decoder_src,934,32782329288888,,33333333
depay_src,937,32782395944444,,
parser_src,937,32782395944444,,33333333
decoder_sink,937,32782395944444,,33333333
decoder_src,935,32782362611111,,33333333
depay_src,938,32782562611111,,
parser_src,938,32782562611111,,33333333
decoder_sink,938,32782562611111,,33333333
decoder_src,936,32782395944444,,33333333
depay_src,939,32782495944444,,
parser_src,939,32782495944444,,33333333
decoder_sink,939,32782495944444,,33333333
decoder_src,937,32782429288888,,33333333
depay_src,940,32782462611111,,
parser_src,940,32782462611111,,33333333
decoder_sink,940,32782462611111,,33333333
decoder_src,938,32782462611111,,33333333
depay_src,941,32782529288888,,
parser_src,941,32782529288888,,33333333
decoder_sink,941,32782529288888,,33333333
decoder_src,939,32782495944444,,33333333
depay_src,942,32782695944444,,
parser_src,942,32782695944444,,33333333
decoder_sink,942,32782695944444,,33333333
decoder_src,940,32782529288888,,33333333
depay_src,943,32782629288888,,
parser_src,943,32782629288888,,33333333
decoder_sink,943,32782629288888,,33333333
decoder_src,941,32782562611111,,33333333
depay_src,944,32782595944444,,
parser_src,944,32782595944444,,33333333
decoder_sink,944,32782595944444,,33333333
decoder_src,942,32782595944444,,33333333
depay_src,945,32782662611111,,
parser_src,945,32782662611111,,33333333
decoder_sink,945,32782662611111,,33333333
decoder_src,943,32782629288888,,33333333
depay_src,946,32782829288888,,
parser_src,946,32782829288888,,33333333
decoder_sink,946,32782829288888,,33333333
decoder_src,944,32782662611111,,33333333
depay_src,947,32782762611111,,
parser_src,947,32782762611111,,33333333
decoder_sink,947,32782762611111,,33333333
decoder_src,945,32782695944444,,33333333
depay_src,948,32782729288888,,
parser_src,948,32782729288888,,33333333
decoder_sink,948,32782729288888,,33333333
decoder_src,946,32782729288888,,33333333
depay_src,949,32782795944444,,
parser_src,949,32782795944444,,33333333
decoder_sink,949,32782795944444,,33333333
decoder_src,947,32782762611111,,33333333
depay_src,950,32782962611111,,
parser_src,950,32782962611111,,33333333
decoder_sink,950,32782962611111,,33333333
decoder_src,948,32782795944444,,33333333
depay_src,951,32782895944444,,
parser_src,951,32782895944444,,33333333
decoder_sink,951,32782895944444,,33333333
decoder_src,949,32782829288888,,33333333
depay_src,952,32782862611111,,
parser_src,952,32782862611111,,33333333
decoder_sink,952,32782862611111,,33333333
decoder_src,950,32782862611111,,33333333
depay_src,953,32782929288888,,
parser_src,953,32782929288888,,33333333
decoder_sink,953,32782929288888,,33333333
decoder_src,951,32782895944444,,33333333
depay_src,954,32782995944444,,
parser_src,954,32782995944444,,33333333
decoder_sink,954,32782995944444,,33333333
decoder_src,952,32782929288888,,33333333
depay_src,955,32783129288888,,
parser_src,955,32783129288888,,33333333
decoder_sink,955,32783129288888,,33333333
decoder_src,953,32782962611111,,33333333
depay_src,956,32783062611111,,
parser_src,956,32783062611111,,33333333
decoder_sink,956,32783062611111,,33333333
decoder_src,954,32782995944444,,33333333
depay_src,957,32783029288888,,
parser_src,957,32783029288888,,33333333
decoder_sink,957,32783029288888,,33333333
decoder_src,955,32783029288888,,33333333
depay_src,958,32783095944444,,
parser_src,958,32783095944444,,33333333
decoder_sink,958,32783095944444,,33333333
decoder_src,956,32783062611111,,33333333
depay_src,959,32783262611111,,
parser_src,959,32783262611111,,33333333
decoder_sink,959,32783262611111,,33333333
decoder_src,957,32783095944444,,33333333
depay_src,960,32783195944444,,
parser_src,960,32783195944444,,33333333
decoder_sink,960,32783195944444,,33333333
decoder_src,958,32783129288888,,33333333
depay_src,961,32783162611111,,
parser_src,961,32783162611111,,33333333
decoder_sink,961,32783162611111,,33333333
decoder_src,959,32783162611111,,33333333
depay_src,962,32783229288888,,
parser_src,962,32783229288888,,33333333
decoder_sink,962,32783229288888,,33333333
decoder_src,960,32783195944444,,33333333
depay_src,963,32783395944444,,
parser_src,963,32783395944444,,33333333
decoder_sink,963,32783395944444,,33333333
decoder_src,961,32783229288888,,33333333
depay_src,964,32783329288888,,
parser_src,964,32783329288888,,33333333
decoder_sink,964,32783329288888,,33333333
decoder_src,962,32783262611111,,33333333
depay_src,965,32783295944444,,
parser_src,965,32783295944444,,33333333
decoder_sink,965,32783295944444,,33333333
decoder_src,963,32783295944444,,33333333
depay_src,966,32783362611111,,
parser_src,966,32783362611111,,33333333
decoder_sink,966,32783362611111,,33333333
decoder_src,964,32783329288888,,33333333
depay_src,967,32783529288888,,
parser_src,967,32783529288888,,33333333
decoder_sink,967,32783529288888,,33333333
decoder_src,965,32783362611111,,33333333
depay_src,968,32783462611111,,
parser_src,968,32783462611111,,33333333
decoder_sink,968,32783462611111,,33333333
decoder_src,966,32783395944444,,33333333
depay_src,969,32783429288888,,
parser_src,969,32783429288888,,33333333
decoder_sink,969,32783429288888,,33333333
decoder_src,967,32783429288888,,33333333
depay_src,970,32783495944444,,
parser_src,970,32783495944444,,33333333
decoder_sink,970,32783495944444,,33333333
decoder_src,968,32783462611111,,33333333
depay_src,971,32783562611111,,
parser_src,971,32783562611111,,33333333
decoder_sink,971,32783562611111,,33333333
decoder_src,969,32783495944444,,33333333
