stage,sequence,pts_ns,dts_ns,duration_ns
depay_src,1,11599632655555,,
parser_src,1,11599632655555,,33333333
decoder_sink,1,11599632655555,,33333333
decoder_src,1,11599632655555,,33333333
depay_src,2,11599665977777,,
parser_src,2,11599665977777,,33333333
decoder_sink,2,11599665977777,,33333333
decoder_src,2,11599665977777,,33333333
depay_src,3,11599699311111,,
parser_src,3,11599699311111,,33333333
decoder_sink,3,11599699311111,,33333333
decoder_src,3,11599699311111,,33333333
depay_src,4,11599732655555,,
parser_src,4,11599732655555,,33333333
decoder_sink,4,11599732655555,,33333333
decoder_src,4,11599732655555,,33333333
depay_src,5,11599765977777,,
parser_src,5,11599765977777,,33333333
decoder_sink,5,11599765977777,,33333333
decoder_src,5,11599765977777,,33333333
depay_src,6,11599799311111,,
parser_src,6,11599799311111,,33333333
decoder_sink,6,11599799311111,,33333333
decoder_src,6,11599799311111,,33333333
depay_src,7,11599832655555,,
parser_src,7,11599832655555,,33333333
decoder_sink,7,11599832655555,,33333333
decoder_src,7,11599832655555,,33333333
depay_src,8,11599865977777,,
parser_src,8,11599865977777,,33333333
decoder_sink,8,11599865977777,,33333333
decoder_src,8,11599865977777,,33333333
depay_src,9,11599899311111,,
parser_src,9,11599899311111,,33333333
decoder_sink,9,11599899311111,,33333333
decoder_src,9,11599899311111,,33333333
depay_src,10,11599932655555,,
parser_src,10,11599932655555,,33333333
decoder_sink,10,11599932655555,,33333333
decoder_src,10,11599932655555,,33333333
depay_src,11,11599965977777,,
parser_src,11,11599965977777,,33333333
decoder_sink,11,11599965977777,,33333333
decoder_src,11,11599965977777,,33333333
depay_src,12,11599999311111,,
parser_src,12,11599999311111,,33333333
decoder_sink,12,11599999311111,,33333333
decoder_src,12,11599999311111,,33333333
depay_src,13,11600032655555,,
parser_src,13,11600032655555,,33333333
decoder_sink,13,11600032655555,,33333333
decoder_src,13,11600032655555,,33333333
depay_src,14,11600065977777,,
parser_src,14,11600065977777,,33333333
decoder_sink,14,11600065977777,,33333333
decoder_src,14,11600065977777,,33333333
depay_src,15,11600099311111,,
parser_src,15,11600099311111,,33333333
decoder_sink,15,11600099311111,,33333333
decoder_src,15,11600099311111,,33333333
depay_src,16,11600132655555,,
parser_src,16,11600132655555,,33333333
decoder_sink,16,11600132655555,,33333333
decoder_src,16,11600132655555,,33333333
depay_src,17,11600165977777,,
parser_src,17,11600165977777,,33333333
decoder_sink,17,11600165977777,,33333333
decoder_src,17,11600165977777,,33333333
depay_src,18,11600199311111,,
parser_src,18,11600199311111,,33333333
decoder_sink,18,11600199311111,,33333333
decoder_src,18,11600199311111,,33333333
depay_src,19,11600232655555,,
parser_src,19,11600232655555,,33333333
decoder_sink,19,11600232655555,,33333333
decoder_src,19,11600232655555,,33333333
depay_src,20,11600265977777,,
parser_src,20,11600265977777,,33333333
decoder_sink,20,11600265977777,,33333333
decoder_src,20,11600265977777,,33333333
depay_src,21,11600299311111,,
parser_src,21,11600299311111,,33333333
decoder_sink,21,11600299311111,,33333333
decoder_src,21,11600299311111,,33333333
depay_src,22,11600332655555,,
parser_src,22,11600332655555,,33333333
decoder_sink,22,11600332655555,,33333333
decoder_src,22,11600332655555,,33333333
depay_src,23,11600365977777,,
parser_src,23,11600365977777,,33333333
decoder_sink,23,11600365977777,,33333333
decoder_src,23,11600365977777,,33333333
depay_src,24,11600399311111,,
parser_src,24,11600399311111,,33333333
decoder_sink,24,11600399311111,,33333333
decoder_src,24,11600399311111,,33333333
depay_src,25,11600432655555,,
parser_src,25,11600432655555,,33333333
decoder_sink,25,11600432655555,,33333333
decoder_src,25,11600432655555,,33333333
depay_src,26,11600465977777,,
parser_src,26,11600465977777,,33333333
decoder_sink,26,11600465977777,,33333333
decoder_src,26,11600465977777,,33333333
depay_src,27,11600499311111,,
parser_src,27,11600499311111,,33333333
decoder_sink,27,11600499311111,,33333333
decoder_src,27,11600499311111,,33333333
depay_src,28,11600532655555,,
parser_src,28,11600532655555,,33333333
decoder_sink,28,11600532655555,,33333333
decoder_src,28,11600532655555,,33333333
depay_src,29,11600565977777,,
parser_src,29,11600565977777,,33333333
decoder_sink,29,11600565977777,,33333333
decoder_src,29,11600565977777,,33333333
depay_src,30,11600599311111,,
parser_src,30,11600599311111,,33333333
decoder_sink,30,11600599311111,,33333333
decoder_src,30,11600599311111,,33333333
depay_src,31,11600632655555,,
parser_src,31,11600632655555,,33333333
decoder_sink,31,11600632655555,,33333333
decoder_src,31,11600632655555,,33333333
depay_src,32,11600665977777,,
parser_src,32,11600665977777,,33333333
decoder_sink,32,11600665977777,,33333333
decoder_src,32,11600665977777,,33333333
depay_src,33,11600699311111,,
parser_src,33,11600699311111,,33333333
decoder_sink,33,11600699311111,,33333333
decoder_src,33,11600699311111,,33333333
depay_src,34,11600732655555,,
parser_src,34,11600732655555,,33333333
decoder_sink,34,11600732655555,,33333333
decoder_src,34,11600732655555,,33333333
depay_src,35,11600765977777,,
parser_src,35,11600765977777,,33333333
decoder_sink,35,11600765977777,,33333333
decoder_src,35,11600765977777,,33333333
depay_src,36,11600799311111,,
parser_src,36,11600799311111,,33333333
decoder_sink,36,11600799311111,,33333333
decoder_src,36,11600799311111,,33333333
depay_src,37,11600832655555,,
parser_src,37,11600832655555,,33333333
decoder_sink,37,11600832655555,,33333333
decoder_src,37,11600832655555,,33333333
depay_src,38,11600865977777,,
parser_src,38,11600865977777,,33333333
decoder_sink,38,11600865977777,,33333333
decoder_src,38,11600865977777,,33333333
depay_src,39,11600899311111,,
parser_src,39,11600899311111,,33333333
decoder_sink,39,11600899311111,,33333333
decoder_src,39,11600899311111,,33333333
depay_src,40,11600932655555,,
parser_src,40,11600932655555,,33333333
decoder_sink,40,11600932655555,,33333333
decoder_src,40,11600932655555,,33333333
depay_src,41,11600965977777,,
parser_src,41,11600965977777,,33333333
decoder_sink,41,11600965977777,,33333333
decoder_src,41,11600965977777,,33333333
depay_src,42,11600999311111,,
parser_src,42,11600999311111,,33333333
decoder_sink,42,11600999311111,,33333333
decoder_src,42,11600999311111,,33333333
depay_src,43,11601032655555,,
parser_src,43,11601032655555,,33333333
decoder_sink,43,11601032655555,,33333333
decoder_src,43,11601032655555,,33333333
depay_src,44,11601065977777,,
parser_src,44,11601065977777,,33333333
decoder_sink,44,11601065977777,,33333333
decoder_src,44,11601065977777,,33333333
depay_src,45,11601099311111,,
parser_src,45,11601099311111,,33333333
decoder_sink,45,11601099311111,,33333333
decoder_src,45,11601099311111,,33333333
depay_src,46,11601132655555,,
parser_src,46,11601132655555,,33333333
decoder_sink,46,11601132655555,,33333333
decoder_src,46,11601132655555,,33333333
depay_src,47,11601165977777,,
parser_src,47,11601165977777,,33333333
decoder_sink,47,11601165977777,,33333333
decoder_src,47,11601165977777,,33333333
depay_src,48,11601199311111,,
parser_src,48,11601199311111,,33333333
decoder_sink,48,11601199311111,,33333333
decoder_src,48,11601199311111,,33333333
depay_src,49,11601232655555,,
parser_src,49,11601232655555,,33333333
decoder_sink,49,11601232655555,,33333333
decoder_src,49,11601232655555,,33333333
depay_src,50,11601265977777,,
parser_src,50,11601265977777,,33333333
decoder_sink,50,11601265977777,,33333333
decoder_src,50,11601265977777,,33333333
depay_src,51,11601299311111,,
parser_src,51,11601299311111,,33333333
decoder_sink,51,11601299311111,,33333333
decoder_src,51,11601299311111,,33333333
depay_src,52,11601332655555,,
parser_src,52,11601332655555,,33333333
decoder_sink,52,11601332655555,,33333333
decoder_src,52,11601332655555,,33333333
depay_src,53,11601365977777,,
parser_src,53,11601365977777,,33333333
decoder_sink,53,11601365977777,,33333333
decoder_src,53,11601365977777,,33333333
depay_src,54,11601399311111,,
parser_src,54,11601399311111,,33333333
decoder_sink,54,11601399311111,,33333333
decoder_src,54,11601399311111,,33333333
depay_src,55,11601432655555,,
parser_src,55,11601432655555,,33333333
decoder_sink,55,11601432655555,,33333333
decoder_src,55,11601432655555,,33333333
depay_src,56,11601465977777,,
parser_src,56,11601465977777,,33333333
decoder_sink,56,11601465977777,,33333333
decoder_src,56,11601465977777,,33333333
depay_src,57,11601499311111,,
parser_src,57,11601499311111,,33333333
decoder_sink,57,11601499311111,,33333333
decoder_src,57,11601499311111,,33333333
depay_src,58,11601532655555,,
parser_src,58,11601532655555,,33333333
decoder_sink,58,11601532655555,,33333333
decoder_src,58,11601532655555,,33333333
depay_src,59,11601565977777,,
parser_src,59,11601565977777,,33333333
decoder_sink,59,11601565977777,,33333333
decoder_src,59,11601565977777,,33333333
depay_src,60,11601599311111,,
parser_src,60,11601599311111,,33333333
decoder_sink,60,11601599311111,,33333333
decoder_src,60,11601599311111,,33333333
depay_src,61,11601632655555,,
parser_src,61,11601632655555,,33333333
decoder_sink,61,11601632655555,,33333333
decoder_src,61,11601632655555,,33333333
depay_src,62,11601665977777,,
parser_src,62,11601665977777,,33333333
decoder_sink,62,11601665977777,,33333333
decoder_src,62,11601665977777,,33333333
depay_src,63,11601699311111,,
parser_src,63,11601699311111,,33333333
decoder_sink,63,11601699311111,,33333333
decoder_src,63,11601699311111,,33333333
depay_src,64,11601732655555,,
parser_src,64,11601732655555,,33333333
decoder_sink,64,11601732655555,,33333333
decoder_src,64,11601732655555,,33333333
depay_src,65,11601765977777,,
parser_src,65,11601765977777,,33333333
decoder_sink,65,11601765977777,,33333333
decoder_src,65,11601765977777,,33333333
depay_src,66,11601799311111,,
parser_src,66,11601799311111,,33333333
decoder_sink,66,11601799311111,,33333333
decoder_src,66,11601799311111,,33333333
depay_src,67,11601832655555,,
parser_src,67,11601832655555,,33333333
decoder_sink,67,11601832655555,,33333333
decoder_src,67,11601832655555,,33333333
depay_src,68,11601865977777,,
parser_src,68,11601865977777,,33333333
decoder_sink,68,11601865977777,,33333333
decoder_src,68,11601865977777,,33333333
depay_src,69,11601899311111,,
parser_src,69,11601899311111,,33333333
decoder_sink,69,11601899311111,,33333333
decoder_src,69,11601899311111,,33333333
depay_src,70,11601932655555,,
parser_src,70,11601932655555,,33333333
decoder_sink,70,11601932655555,,33333333
decoder_src,70,11601932655555,,33333333
depay_src,71,11601965977777,,
parser_src,71,11601965977777,,33333333
decoder_sink,71,11601965977777,,33333333
decoder_src,71,11601965977777,,33333333
depay_src,72,11601999311111,,
parser_src,72,11601999311111,,33333333
decoder_sink,72,11601999311111,,33333333
decoder_src,72,11601999311111,,33333333
depay_src,73,11602032655555,,
parser_src,73,11602032655555,,33333333
decoder_sink,73,11602032655555,,33333333
decoder_src,73,11602032655555,,33333333
depay_src,74,11602065977777,,
parser_src,74,11602065977777,,33333333
decoder_sink,74,11602065977777,,33333333
decoder_src,74,11602065977777,,33333333
depay_src,75,11602099311111,,
parser_src,75,11602099311111,,33333333
decoder_sink,75,11602099311111,,33333333
decoder_src,75,11602099311111,,33333333
depay_src,76,11602132655555,,
parser_src,76,11602132655555,,33333333
decoder_sink,76,11602132655555,,33333333
decoder_src,76,11602132655555,,33333333
depay_src,77,11602165977777,,
parser_src,77,11602165977777,,33333333
decoder_sink,77,11602165977777,,33333333
decoder_src,77,11602165977777,,33333333
depay_src,78,11602199311111,,
parser_src,78,11602199311111,,33333333
decoder_sink,78,11602199311111,,33333333
decoder_src,78,11602199311111,,33333333
depay_src,79,11602232655555,,
parser_src,79,11602232655555,,33333333
decoder_sink,79,11602232655555,,33333333
decoder_src,79,11602232655555,,33333333
depay_src,80,11602265977777,,
parser_src,80,11602265977777,,33333333
decoder_sink,80,11602265977777,,33333333
decoder_src,80,11602265977777,,33333333
depay_src,81,11602299311111,,
parser_src,81,11602299311111,,33333333
decoder_sink,81,11602299311111,,33333333
decoder_src,81,11602299311111,,33333333
depay_src,82,11602332655555,,
parser_src,82,11602332655555,,33333333
decoder_sink,82,11602332655555,,33333333
decoder_src,82,11602332655555,,33333333
depay_src,83,11602365977777,,
parser_src,83,11602365977777,,33333333
decoder_sink,83,11602365977777,,33333333
decoder_src,83,11602365977777,,33333333
depay_src,84,11602399311111,,
parser_src,84,11602399311111,,33333333
decoder_sink,84,11602399311111,,33333333
decoder_src,84,11602399311111,,33333333
depay_src,85,11602432655555,,
parser_src,85,11602432655555,,33333333
decoder_sink,85,11602432655555,,33333333
decoder_src,85,11602432655555,,33333333
depay_src,86,11602465977777,,
parser_src,86,11602465977777,,33333333
decoder_sink,86,11602465977777,,33333333
decoder_src,86,11602465977777,,33333333
depay_src,87,11602499311111,,
parser_src,87,11602499311111,,33333333
decoder_sink,87,11602499311111,,33333333
decoder_src,87,11602499311111,,33333333
depay_src,88,11602532655555,,
parser_src,88,11602532655555,,33333333
decoder_sink,88,11602532655555,,33333333
decoder_src,88,11602532655555,,33333333
depay_src,89,11602565977777,,
parser_src,89,11602565977777,,33333333
decoder_sink,89,11602565977777,,33333333
decoder_src,89,11602565977777,,33333333
depay_src,90,11602599311111,,
parser_src,90,11602599311111,,33333333
decoder_sink,90,11602599311111,,33333333
decoder_src,90,11602599311111,,33333333
depay_src,91,11602632655555,,
parser_src,91,11602632655555,,33333333
decoder_sink,91,11602632655555,,33333333
decoder_src,91,11602632655555,,33333333
depay_src,92,11602665977777,,
parser_src,92,11602665977777,,33333333
decoder_sink,92,11602665977777,,33333333
decoder_src,92,11602665977777,,33333333
depay_src,93,11602699311111,,
parser_src,93,11602699311111,,33333333
decoder_sink,93,11602699311111,,33333333
decoder_src,93,11602699311111,,33333333
depay_src,94,11602732655555,,
parser_src,94,11602732655555,,33333333
decoder_sink,94,11602732655555,,33333333
decoder_src,94,11602732655555,,33333333
depay_src,95,11602765977777,,
parser_src,95,11602765977777,,33333333
decoder_sink,95,11602765977777,,33333333
decoder_src,95,11602765977777,,33333333
depay_src,96,11602799311111,,
parser_src,96,11602799311111,,33333333
decoder_sink,96,11602799311111,,33333333
decoder_src,96,11602799311111,,33333333
depay_src,97,11602832655555,,
parser_src,97,11602832655555,,33333333
decoder_sink,97,11602832655555,,33333333
decoder_src,97,11602832655555,,33333333
depay_src,98,11602865977777,,
parser_src,98,11602865977777,,33333333
decoder_sink,98,11602865977777,,33333333
decoder_src,98,11602865977777,,33333333
depay_src,99,11602899311111,,
parser_src,99,11602899311111,,33333333
decoder_sink,99,11602899311111,,33333333
decoder_src,99,11602899311111,,33333333
depay_src,100,11602932655555,,
parser_src,100,11602932655555,,33333333
decoder_sink,100,11602932655555,,33333333
decoder_src,100,11602932655555,,33333333
depay_src,101,11602965977777,,
parser_src,101,11602965977777,,33333333
decoder_sink,101,11602965977777,,33333333
decoder_src,101,11602965977777,,33333333
depay_src,102,11602999311111,,
parser_src,102,11602999311111,,33333333
decoder_sink,102,11602999311111,,33333333
decoder_src,102,11602999311111,,33333333
depay_src,103,11603032655555,,
parser_src,103,11603032655555,,33333333
decoder_sink,103,11603032655555,,33333333
decoder_src,103,11603032655555,,33333333
depay_src,104,11603065977777,,
parser_src,104,11603065977777,,33333333
decoder_sink,104,11603065977777,,33333333
decoder_src,104,11603065977777,,33333333
depay_src,105,11603099311111,,
parser_src,105,11603099311111,,33333333
decoder_sink,105,11603099311111,,33333333
decoder_src,105,11603099311111,,33333333
depay_src,106,11603132655555,,
parser_src,106,11603132655555,,33333333
decoder_sink,106,11603132655555,,33333333
decoder_src,106,11603132655555,,33333333
depay_src,107,11603165977777,,
parser_src,107,11603165977777,,33333333
decoder_sink,107,11603165977777,,33333333
decoder_src,107,11603165977777,,33333333
depay_src,108,11603199311111,,
parser_src,108,11603199311111,,33333333
decoder_sink,108,11603199311111,,33333333
decoder_src,108,11603199311111,,33333333
depay_src,109,11603232655555,,
parser_src,109,11603232655555,,33333333
decoder_sink,109,11603232655555,,33333333
decoder_src,109,11603232655555,,33333333
depay_src,110,11603265977777,,
parser_src,110,11603265977777,,33333333
decoder_sink,110,11603265977777,,33333333
decoder_src,110,11603265977777,,33333333
depay_src,111,11603299311111,,
parser_src,111,11603299311111,,33333333
decoder_sink,111,11603299311111,,33333333
decoder_src,111,11603299311111,,33333333
depay_src,112,11603332655555,,
parser_src,112,11603332655555,,33333333
decoder_sink,112,11603332655555,,33333333
decoder_src,112,11603332655555,,33333333
depay_src,113,11603365977777,,
parser_src,113,11603365977777,,33333333
decoder_sink,113,11603365977777,,33333333
decoder_src,113,11603365977777,,33333333
depay_src,114,11603399311111,,
parser_src,114,11603399311111,,33333333
decoder_sink,114,11603399311111,,33333333
decoder_src,114,11603399311111,,33333333
depay_src,115,11603432655555,,
parser_src,115,11603432655555,,33333333
decoder_sink,115,11603432655555,,33333333
decoder_src,115,11603432655555,,33333333
depay_src,116,11603465977777,,
parser_src,116,11603465977777,,33333333
decoder_sink,116,11603465977777,,33333333
decoder_src,116,11603465977777,,33333333
depay_src,117,11603499311111,,
parser_src,117,11603499311111,,33333333
decoder_sink,117,11603499311111,,33333333
decoder_src,117,11603499311111,,33333333
depay_src,118,11603532655555,,
parser_src,118,11603532655555,,33333333
decoder_sink,118,11603532655555,,33333333
decoder_src,118,11603532655555,,33333333
depay_src,119,11603565977777,,
parser_src,119,11603565977777,,33333333
decoder_sink,119,11603565977777,,33333333
decoder_src,119,11603565977777,,33333333
depay_src,120,11603599311111,,
parser_src,120,11603599311111,,33333333
decoder_sink,120,11603599311111,,33333333
decoder_src,120,11603599311111,,33333333
depay_src,121,11603632655555,,
parser_src,121,11603632655555,,33333333
decoder_sink,121,11603632655555,,33333333
decoder_src,121,11603632655555,,33333333
depay_src,122,11603665977777,,
parser_src,122,11603665977777,,33333333
decoder_sink,122,11603665977777,,33333333
decoder_src,122,11603665977777,,33333333
depay_src,123,11603699311111,,
parser_src,123,11603699311111,,33333333
decoder_sink,123,11603699311111,,33333333
decoder_src,123,11603699311111,,33333333
depay_src,124,11603732655555,,
parser_src,124,11603732655555,,33333333
decoder_sink,124,11603732655555,,33333333
decoder_src,124,11603732655555,,33333333
depay_src,125,11603765977777,,
parser_src,125,11603765977777,,33333333
decoder_sink,125,11603765977777,,33333333
decoder_src,125,11603765977777,,33333333
depay_src,126,11603799311111,,
parser_src,126,11603799311111,,33333333
decoder_sink,126,11603799311111,,33333333
decoder_src,126,11603799311111,,33333333
depay_src,127,11603832655555,,
parser_src,127,11603832655555,,33333333
decoder_sink,127,11603832655555,,33333333
decoder_src,127,11603832655555,,33333333
depay_src,128,11603865977777,,
parser_src,128,11603865977777,,33333333
decoder_sink,128,11603865977777,,33333333
decoder_src,128,11603865977777,,33333333
depay_src,129,11603899311111,,
parser_src,129,11603899311111,,33333333
decoder_sink,129,11603899311111,,33333333
decoder_src,129,11603899311111,,33333333
depay_src,130,11603932655555,,
parser_src,130,11603932655555,,33333333
decoder_sink,130,11603932655555,,33333333
decoder_src,130,11603932655555,,33333333
depay_src,131,11603965977777,,
parser_src,131,11603965977777,,33333333
decoder_sink,131,11603965977777,,33333333
decoder_src,131,11603965977777,,33333333
depay_src,132,11603999311111,,
parser_src,132,11603999311111,,33333333
decoder_sink,132,11603999311111,,33333333
decoder_src,132,11603999311111,,33333333
depay_src,133,11604032655555,,
parser_src,133,11604032655555,,33333333
decoder_sink,133,11604032655555,,33333333
decoder_src,133,11604032655555,,33333333
depay_src,134,11604065977777,,
parser_src,134,11604065977777,,33333333
decoder_sink,134,11604065977777,,33333333
decoder_src,134,11604065977777,,33333333
depay_src,135,11604099311111,,
parser_src,135,11604099311111,,33333333
decoder_sink,135,11604099311111,,33333333
decoder_src,135,11604099311111,,33333333
depay_src,136,11604132655555,,
parser_src,136,11604132655555,,33333333
decoder_sink,136,11604132655555,,33333333
decoder_src,136,11604132655555,,33333333
depay_src,137,11604165977777,,
parser_src,137,11604165977777,,33333333
decoder_sink,137,11604165977777,,33333333
decoder_src,137,11604165977777,,33333333
depay_src,138,11604199311111,,
parser_src,138,11604199311111,,33333333
decoder_sink,138,11604199311111,,33333333
decoder_src,138,11604199311111,,33333333
depay_src,139,11604232655555,,
parser_src,139,11604232655555,,33333333
decoder_sink,139,11604232655555,,33333333
decoder_src,139,11604232655555,,33333333
depay_src,140,11604265977777,,
parser_src,140,11604265977777,,33333333
decoder_sink,140,11604265977777,,33333333
decoder_src,140,11604265977777,,33333333
depay_src,141,11604299311111,,
parser_src,141,11604299311111,,33333333
decoder_sink,141,11604299311111,,33333333
decoder_src,141,11604299311111,,33333333
depay_src,142,11604332655555,,
parser_src,142,11604332655555,,33333333
decoder_sink,142,11604332655555,,33333333
decoder_src,142,11604332655555,,33333333
depay_src,143,11604365977777,,
parser_src,143,11604365977777,,33333333
decoder_sink,143,11604365977777,,33333333
decoder_src,143,11604365977777,,33333333
depay_src,144,11604399311111,,
parser_src,144,11604399311111,,33333333
decoder_sink,144,11604399311111,,33333333
decoder_src,144,11604399311111,,33333333
depay_src,145,11604432655555,,
parser_src,145,11604432655555,,33333333
decoder_sink,145,11604432655555,,33333333
decoder_src,145,11604432655555,,33333333
depay_src,146,11604465977777,,
parser_src,146,11604465977777,,33333333
decoder_sink,146,11604465977777,,33333333
decoder_src,146,11604465977777,,33333333
depay_src,147,11604499311111,,
parser_src,147,11604499311111,,33333333
decoder_sink,147,11604499311111,,33333333
decoder_src,147,11604499311111,,33333333
depay_src,148,11604532655555,,
parser_src,148,11604532655555,,33333333
decoder_sink,148,11604532655555,,33333333
decoder_src,148,11604532655555,,33333333
depay_src,149,11604565977777,,
parser_src,149,11604565977777,,33333333
decoder_sink,149,11604565977777,,33333333
decoder_src,149,11604565977777,,33333333
depay_src,150,11604599311111,,
parser_src,150,11604599311111,,33333333
decoder_sink,150,11604599311111,,33333333
decoder_src,150,11604599311111,,33333333
depay_src,151,11604632655555,,
parser_src,151,11604632655555,,33333333
decoder_sink,151,11604632655555,,33333333
decoder_src,151,11604632655555,,33333333
depay_src,152,11604665977777,,
parser_src,152,11604665977777,,33333333
decoder_sink,152,11604665977777,,33333333
decoder_src,152,11604665977777,,33333333
depay_src,153,11604699311111,,
parser_src,153,11604699311111,,33333333
decoder_sink,153,11604699311111,,33333333
decoder_src,153,11604699311111,,33333333
depay_src,154,11604732655555,,
parser_src,154,11604732655555,,33333333
decoder_sink,154,11604732655555,,33333333
decoder_src,154,11604732655555,,33333333
depay_src,155,11604765977777,,
parser_src,155,11604765977777,,33333333
decoder_sink,155,11604765977777,,33333333
decoder_src,155,11604765977777,,33333333
depay_src,156,11604799311111,,
parser_src,156,11604799311111,,33333333
decoder_sink,156,11604799311111,,33333333
decoder_src,156,11604799311111,,33333333
depay_src,157,11604832655555,,
parser_src,157,11604832655555,,33333333
decoder_sink,157,11604832655555,,33333333
decoder_src,157,11604832655555,,33333333
depay_src,158,11604865977777,,
parser_src,158,11604865977777,,33333333
decoder_sink,158,11604865977777,,33333333
decoder_src,158,11604865977777,,33333333
depay_src,159,11604899311111,,
parser_src,159,11604899311111,,33333333
decoder_sink,159,11604899311111,,33333333
decoder_src,159,11604899311111,,33333333
depay_src,160,11604932655555,,
parser_src,160,11604932655555,,33333333
decoder_sink,160,11604932655555,,33333333
decoder_src,160,11604932655555,,33333333
depay_src,161,11604965977777,,
parser_src,161,11604965977777,,33333333
decoder_sink,161,11604965977777,,33333333
decoder_src,161,11604965977777,,33333333
depay_src,162,11604999311111,,
parser_src,162,11604999311111,,33333333
decoder_sink,162,11604999311111,,33333333
decoder_src,162,11604999311111,,33333333
depay_src,163,11605032655555,,
parser_src,163,11605032655555,,33333333
decoder_sink,163,11605032655555,,33333333
decoder_src,163,11605032655555,,33333333
depay_src,164,11605065977777,,
parser_src,164,11605065977777,,33333333
decoder_sink,164,11605065977777,,33333333
decoder_src,164,11605065977777,,33333333
depay_src,165,11605099311111,,
parser_src,165,11605099311111,,33333333
decoder_sink,165,11605099311111,,33333333
decoder_src,165,11605099311111,,33333333
depay_src,166,11605132655555,,
parser_src,166,11605132655555,,33333333
decoder_sink,166,11605132655555,,33333333
decoder_src,166,11605132655555,,33333333
depay_src,167,11605165977777,,
parser_src,167,11605165977777,,33333333
decoder_sink,167,11605165977777,,33333333
decoder_src,167,11605165977777,,33333333
depay_src,168,11605199311111,,
parser_src,168,11605199311111,,33333333
decoder_sink,168,11605199311111,,33333333
decoder_src,168,11605199311111,,33333333
depay_src,169,11605232655555,,
parser_src,169,11605232655555,,33333333
decoder_sink,169,11605232655555,,33333333
decoder_src,169,11605232655555,,33333333
depay_src,170,11605265977777,,
parser_src,170,11605265977777,,33333333
decoder_sink,170,11605265977777,,33333333
decoder_src,170,11605265977777,,33333333
depay_src,171,11605299311111,,
parser_src,171,11605299311111,,33333333
decoder_sink,171,11605299311111,,33333333
decoder_src,171,11605299311111,,33333333
depay_src,172,11605332655555,,
parser_src,172,11605332655555,,33333333
decoder_sink,172,11605332655555,,33333333
decoder_src,172,11605332655555,,33333333
depay_src,173,11605365977777,,
parser_src,173,11605365977777,,33333333
decoder_sink,173,11605365977777,,33333333
decoder_src,173,11605365977777,,33333333
depay_src,174,11605399311111,,
parser_src,174,11605399311111,,33333333
decoder_sink,174,11605399311111,,33333333
decoder_src,174,11605399311111,,33333333
depay_src,175,11605432655555,,
parser_src,175,11605432655555,,33333333
decoder_sink,175,11605432655555,,33333333
decoder_src,175,11605432655555,,33333333
depay_src,176,11605465977777,,
parser_src,176,11605465977777,,33333333
decoder_sink,176,11605465977777,,33333333
decoder_src,176,11605465977777,,33333333
depay_src,177,11605499311111,,
parser_src,177,11605499311111,,33333333
decoder_sink,177,11605499311111,,33333333
decoder_src,177,11605499311111,,33333333
depay_src,178,11605532655555,,
parser_src,178,11605532655555,,33333333
decoder_sink,178,11605532655555,,33333333
decoder_src,178,11605532655555,,33333333
depay_src,179,11605565977777,,
parser_src,179,11605565977777,,33333333
decoder_sink,179,11605565977777,,33333333
decoder_src,179,11605565977777,,33333333
depay_src,180,11605599311111,,
parser_src,180,11605599311111,,33333333
decoder_sink,180,11605599311111,,33333333
decoder_src,180,11605599311111,,33333333
depay_src,181,11605632655555,,
parser_src,181,11605632655555,,33333333
decoder_sink,181,11605632655555,,33333333
decoder_src,181,11605632655555,,33333333
depay_src,182,11605665977777,,
parser_src,182,11605665977777,,33333333
decoder_sink,182,11605665977777,,33333333
decoder_src,182,11605665977777,,33333333
depay_src,183,11605699311111,,
parser_src,183,11605699311111,,33333333
decoder_sink,183,11605699311111,,33333333
decoder_src,183,11605699311111,,33333333
depay_src,184,11605732655555,,
parser_src,184,11605732655555,,33333333
decoder_sink,184,11605732655555,,33333333
decoder_src,184,11605732655555,,33333333
depay_src,185,11605765977777,,
parser_src,185,11605765977777,,33333333
decoder_sink,185,11605765977777,,33333333
decoder_src,185,11605765977777,,33333333
depay_src,186,11605799311111,,
parser_src,186,11605799311111,,33333333
decoder_sink,186,11605799311111,,33333333
decoder_src,186,11605799311111,,33333333
depay_src,187,11605832655555,,
parser_src,187,11605832655555,,33333333
decoder_sink,187,11605832655555,,33333333
decoder_src,187,11605832655555,,33333333
depay_src,188,11605865977777,,
parser_src,188,11605865977777,,33333333
decoder_sink,188,11605865977777,,33333333
decoder_src,188,11605865977777,,33333333
depay_src,189,11605899311111,,
parser_src,189,11605899311111,,33333333
decoder_sink,189,11605899311111,,33333333
decoder_src,189,11605899311111,,33333333
depay_src,190,11605932655555,,
parser_src,190,11605932655555,,33333333
decoder_sink,190,11605932655555,,33333333
decoder_src,190,11605932655555,,33333333
depay_src,191,11605965977777,,
parser_src,191,11605965977777,,33333333
decoder_sink,191,11605965977777,,33333333
decoder_src,191,11605965977777,,33333333
depay_src,192,11605999311111,,
parser_src,192,11605999311111,,33333333
decoder_sink,192,11605999311111,,33333333
decoder_src,192,11605999311111,,33333333
depay_src,193,11606032655555,,
parser_src,193,11606032655555,,33333333
decoder_sink,193,11606032655555,,33333333
decoder_src,193,11606032655555,,33333333
depay_src,194,11606065977777,,
parser_src,194,11606065977777,,33333333
decoder_sink,194,11606065977777,,33333333
decoder_src,194,11606065977777,,33333333
depay_src,195,11606099311111,,
parser_src,195,11606099311111,,33333333
decoder_sink,195,11606099311111,,33333333
decoder_src,195,11606099311111,,33333333
depay_src,196,11606132655555,,
parser_src,196,11606132655555,,33333333
decoder_sink,196,11606132655555,,33333333
decoder_src,196,11606132655555,,33333333
depay_src,197,11606165977777,,
parser_src,197,11606165977777,,33333333
decoder_sink,197,11606165977777,,33333333
decoder_src,197,11606165977777,,33333333
depay_src,198,11606199311111,,
parser_src,198,11606199311111,,33333333
decoder_sink,198,11606199311111,,33333333
decoder_src,198,11606199311111,,33333333
depay_src,199,11606232655555,,
parser_src,199,11606232655555,,33333333
decoder_sink,199,11606232655555,,33333333
decoder_src,199,11606232655555,,33333333
depay_src,200,11606265977777,,
parser_src,200,11606265977777,,33333333
decoder_sink,200,11606265977777,,33333333
decoder_src,200,11606265977777,,33333333
depay_src,201,11606299311111,,
parser_src,201,11606299311111,,33333333
decoder_sink,201,11606299311111,,33333333
decoder_src,201,11606299311111,,33333333
depay_src,202,11606332655555,,
parser_src,202,11606332655555,,33333333
decoder_sink,202,11606332655555,,33333333
decoder_src,202,11606332655555,,33333333
depay_src,203,11606365977777,,
parser_src,203,11606365977777,,33333333
decoder_sink,203,11606365977777,,33333333
decoder_src,203,11606365977777,,33333333
depay_src,204,11606399311111,,
parser_src,204,11606399311111,,33333333
decoder_sink,204,11606399311111,,33333333
decoder_src,204,11606399311111,,33333333
depay_src,205,11606432655555,,
parser_src,205,11606432655555,,33333333
decoder_sink,205,11606432655555,,33333333
decoder_src,205,11606432655555,,33333333
depay_src,206,11606465977777,,
parser_src,206,11606465977777,,33333333
decoder_sink,206,11606465977777,,33333333
decoder_src,206,11606465977777,,33333333
depay_src,207,11606499311111,,
parser_src,207,11606499311111,,33333333
decoder_sink,207,11606499311111,,33333333
decoder_src,207,11606499311111,,33333333
depay_src,208,11606532655555,,
parser_src,208,11606532655555,,33333333
decoder_sink,208,11606532655555,,33333333
decoder_src,208,11606532655555,,33333333
depay_src,209,11606565977777,,
parser_src,209,11606565977777,,33333333
decoder_sink,209,11606565977777,,33333333
decoder_src,209,11606565977777,,33333333
depay_src,210,11606599311111,,
parser_src,210,11606599311111,,33333333
decoder_sink,210,11606599311111,,33333333
decoder_src,210,11606599311111,,33333333
depay_src,211,11606632655555,,
parser_src,211,11606632655555,,33333333
decoder_sink,211,11606632655555,,33333333
decoder_src,211,11606632655555,,33333333
depay_src,212,11606665977777,,
parser_src,212,11606665977777,,33333333
decoder_sink,212,11606665977777,,33333333
decoder_src,212,11606665977777,,33333333
depay_src,213,11606699311111,,
parser_src,213,11606699311111,,33333333
decoder_sink,213,11606699311111,,33333333
decoder_src,213,11606699311111,,33333333
depay_src,214,11606732655555,,
parser_src,214,11606732655555,,33333333
decoder_sink,214,11606732655555,,33333333
decoder_src,214,11606732655555,,33333333
depay_src,215,11606765977777,,
parser_src,215,11606765977777,,33333333
decoder_sink,215,11606765977777,,33333333
decoder_src,215,11606765977777,,33333333
depay_src,216,11606799311111,,
parser_src,216,11606799311111,,33333333
decoder_sink,216,11606799311111,,33333333
decoder_src,216,11606799311111,,33333333
depay_src,217,11606832655555,,
parser_src,217,11606832655555,,33333333
decoder_sink,217,11606832655555,,33333333
decoder_src,217,11606832655555,,33333333
depay_src,218,11606865977777,,
parser_src,218,11606865977777,,33333333
decoder_sink,218,11606865977777,,33333333
decoder_src,218,11606865977777,,33333333
depay_src,219,11606899311111,,
parser_src,219,11606899311111,,33333333
decoder_sink,219,11606899311111,,33333333
decoder_src,219,11606899311111,,33333333
depay_src,220,11606932655555,,
parser_src,220,11606932655555,,33333333
decoder_sink,220,11606932655555,,33333333
decoder_src,220,11606932655555,,33333333
depay_src,221,11606965977777,,
parser_src,221,11606965977777,,33333333
decoder_sink,221,11606965977777,,33333333
decoder_src,221,11606965977777,,33333333
depay_src,222,11606999311111,,
parser_src,222,11606999311111,,33333333
decoder_sink,222,11606999311111,,33333333
decoder_src,222,11606999311111,,33333333
depay_src,223,11607032655555,,
parser_src,223,11607032655555,,33333333
decoder_sink,223,11607032655555,,33333333
decoder_src,223,11607032655555,,33333333
depay_src,224,11607065977777,,
parser_src,224,11607065977777,,33333333
decoder_sink,224,11607065977777,,33333333
decoder_src,224,11607065977777,,33333333
depay_src,225,11607099311111,,
parser_src,225,11607099311111,,33333333
decoder_sink,225,11607099311111,,33333333
decoder_src,225,11607099311111,,33333333
depay_src,226,11607132655555,,
parser_src,226,11607132655555,,33333333
decoder_sink,226,11607132655555,,33333333
decoder_src,226,11607132655555,,33333333
depay_src,227,11607165977777,,
parser_src,227,11607165977777,,33333333
decoder_sink,227,11607165977777,,33333333
decoder_src,227,11607165977777,,33333333
depay_src,228,11607199311111,,
parser_src,228,11607199311111,,33333333
decoder_sink,228,11607199311111,,33333333
decoder_src,228,11607199311111,,33333333
depay_src,229,11607232655555,,
parser_src,229,11607232655555,,33333333
decoder_sink,229,11607232655555,,33333333
decoder_src,229,11607232655555,,33333333
depay_src,230,11607265977777,,
parser_src,230,11607265977777,,33333333
decoder_sink,230,11607265977777,,33333333
decoder_src,230,11607265977777,,33333333
depay_src,231,11607299311111,,
parser_src,231,11607299311111,,33333333
decoder_sink,231,11607299311111,,33333333
decoder_src,231,11607299311111,,33333333
depay_src,232,11607332655555,,
parser_src,232,11607332655555,,33333333
decoder_sink,232,11607332655555,,33333333
decoder_src,232,11607332655555,,33333333
depay_src,233,11607365977777,,
parser_src,233,11607365977777,,33333333
decoder_sink,233,11607365977777,,33333333
decoder_src,233,11607365977777,,33333333
depay_src,234,11607399311111,,
parser_src,234,11607399311111,,33333333
decoder_sink,234,11607399311111,,33333333
decoder_src,234,11607399311111,,33333333
depay_src,235,11607432655555,,
parser_src,235,11607432655555,,33333333
decoder_sink,235,11607432655555,,33333333
decoder_src,235,11607432655555,,33333333
depay_src,236,11607465977777,,
parser_src,236,11607465977777,,33333333
decoder_sink,236,11607465977777,,33333333
decoder_src,236,11607465977777,,33333333
depay_src,237,11607499311111,,
parser_src,237,11607499311111,,33333333
decoder_sink,237,11607499311111,,33333333
decoder_src,237,11607499311111,,33333333
depay_src,238,11607532655555,,
parser_src,238,11607532655555,,33333333
decoder_sink,238,11607532655555,,33333333
decoder_src,238,11607532655555,,33333333
depay_src,239,11607565977777,,
parser_src,239,11607565977777,,33333333
decoder_sink,239,11607565977777,,33333333
decoder_src,239,11607565977777,,33333333
depay_src,240,11607599311111,,
parser_src,240,11607599311111,,33333333
decoder_sink,240,11607599311111,,33333333
decoder_src,240,11607599311111,,33333333
depay_src,241,11607632655555,,
parser_src,241,11607632655555,,33333333
decoder_sink,241,11607632655555,,33333333
decoder_src,241,11607632655555,,33333333
depay_src,242,11607665977777,,
parser_src,242,11607665977777,,33333333
decoder_sink,242,11607665977777,,33333333
decoder_src,242,11607665977777,,33333333
depay_src,243,11607699311111,,
parser_src,243,11607699311111,,33333333
decoder_sink,243,11607699311111,,33333333
decoder_src,243,11607699311111,,33333333
depay_src,244,11607732655555,,
parser_src,244,11607732655555,,33333333
decoder_sink,244,11607732655555,,33333333
decoder_src,244,11607732655555,,33333333
depay_src,245,11607765977777,,
parser_src,245,11607765977777,,33333333
decoder_sink,245,11607765977777,,33333333
decoder_src,245,11607765977777,,33333333
depay_src,246,11607799311111,,
parser_src,246,11607799311111,,33333333
decoder_sink,246,11607799311111,,33333333
decoder_src,246,11607799311111,,33333333
depay_src,247,11607832655555,,
parser_src,247,11607832655555,,33333333
decoder_sink,247,11607832655555,,33333333
decoder_src,247,11607832655555,,33333333
depay_src,248,11607865977777,,
parser_src,248,11607865977777,,33333333
decoder_sink,248,11607865977777,,33333333
decoder_src,248,11607865977777,,33333333
depay_src,249,11607899311111,,
parser_src,249,11607899311111,,33333333
decoder_sink,249,11607899311111,,33333333
decoder_src,249,11607899311111,,33333333
depay_src,250,11607932655555,,
parser_src,250,11607932655555,,33333333
decoder_sink,250,11607932655555,,33333333
decoder_src,250,11607932655555,,33333333
depay_src,251,11607965977777,,
parser_src,251,11607965977777,,33333333
decoder_sink,251,11607965977777,,33333333
decoder_src,251,11607965977777,,33333333
depay_src,252,11607999311111,,
parser_src,252,11607999311111,,33333333
decoder_sink,252,11607999311111,,33333333
decoder_src,252,11607999311111,,33333333
depay_src,253,11608032655555,,
parser_src,253,11608032655555,,33333333
decoder_sink,253,11608032655555,,33333333
decoder_src,253,11608032655555,,33333333
depay_src,254,11608065977777,,
parser_src,254,11608065977777,,33333333
decoder_sink,254,11608065977777,,33333333
decoder_src,254,11608065977777,,33333333
depay_src,255,11608099311111,,
parser_src,255,11608099311111,,33333333
decoder_sink,255,11608099311111,,33333333
decoder_src,255,11608099311111,,33333333
depay_src,256,11608132655555,,
parser_src,256,11608132655555,,33333333
decoder_sink,256,11608132655555,,33333333
decoder_src,256,11608132655555,,33333333
depay_src,257,11608165977777,,
parser_src,257,11608165977777,,33333333
decoder_sink,257,11608165977777,,33333333
decoder_src,257,11608165977777,,33333333
depay_src,258,11608199311111,,
parser_src,258,11608199311111,,33333333
decoder_sink,258,11608199311111,,33333333
decoder_src,258,11608199311111,,33333333
depay_src,259,11608232655555,,
parser_src,259,11608232655555,,33333333
decoder_sink,259,11608232655555,,33333333
decoder_src,259,11608232655555,,33333333
depay_src,260,11608265977777,,
parser_src,260,11608265977777,,33333333
decoder_sink,260,11608265977777,,33333333
decoder_src,260,11608265977777,,33333333
depay_src,261,11608299311111,,
parser_src,261,11608299311111,,33333333
decoder_sink,261,11608299311111,,33333333
decoder_src,261,11608299311111,,33333333
depay_src,262,11608332655555,,
parser_src,262,11608332655555,,33333333
decoder_sink,262,11608332655555,,33333333
decoder_src,262,11608332655555,,33333333
depay_src,263,11608365977777,,
parser_src,263,11608365977777,,33333333
decoder_sink,263,11608365977777,,33333333
decoder_src,263,11608365977777,,33333333
depay_src,264,11608399311111,,
parser_src,264,11608399311111,,33333333
decoder_sink,264,11608399311111,,33333333
decoder_src,264,11608399311111,,33333333
depay_src,265,11608432655555,,
parser_src,265,11608432655555,,33333333
decoder_sink,265,11608432655555,,33333333
decoder_src,265,11608432655555,,33333333
depay_src,266,11608465977777,,
parser_src,266,11608465977777,,33333333
decoder_sink,266,11608465977777,,33333333
decoder_src,266,11608465977777,,33333333
depay_src,267,11608499311111,,
parser_src,267,11608499311111,,33333333
decoder_sink,267,11608499311111,,33333333
decoder_src,267,11608499311111,,33333333
depay_src,268,11608532655555,,
parser_src,268,11608532655555,,33333333
decoder_sink,268,11608532655555,,33333333
decoder_src,268,11608532655555,,33333333
depay_src,269,11608565977777,,
parser_src,269,11608565977777,,33333333
decoder_sink,269,11608565977777,,33333333
decoder_src,269,11608565977777,,33333333
depay_src,270,11608599311111,,
parser_src,270,11608599311111,,33333333
decoder_sink,270,11608599311111,,33333333
decoder_src,270,11608599311111,,33333333
depay_src,271,11608632655555,,
parser_src,271,11608632655555,,33333333
decoder_sink,271,11608632655555,,33333333
decoder_src,271,11608632655555,,33333333
depay_src,272,11608665977777,,
parser_src,272,11608665977777,,33333333
decoder_sink,272,11608665977777,,33333333
decoder_src,272,11608665977777,,33333333
depay_src,273,11608699311111,,
parser_src,273,11608699311111,,33333333
decoder_sink,273,11608699311111,,33333333
decoder_src,273,11608699311111,,33333333
depay_src,274,11608732655555,,
parser_src,274,11608732655555,,33333333
decoder_sink,274,11608732655555,,33333333
decoder_src,274,11608732655555,,33333333
depay_src,275,11608765977777,,
parser_src,275,11608765977777,,33333333
decoder_sink,275,11608765977777,,33333333
decoder_src,275,11608765977777,,33333333
depay_src,276,11608799311111,,
parser_src,276,11608799311111,,33333333
decoder_sink,276,11608799311111,,33333333
decoder_src,276,11608799311111,,33333333
depay_src,277,11608832655555,,
parser_src,277,11608832655555,,33333333
decoder_sink,277,11608832655555,,33333333
decoder_src,277,11608832655555,,33333333
depay_src,278,11608865977777,,
parser_src,278,11608865977777,,33333333
decoder_sink,278,11608865977777,,33333333
decoder_src,278,11608865977777,,33333333
depay_src,279,11608899311111,,
parser_src,279,11608899311111,,33333333
decoder_sink,279,11608899311111,,33333333
decoder_src,279,11608899311111,,33333333
depay_src,280,11608932655555,,
parser_src,280,11608932655555,,33333333
decoder_sink,280,11608932655555,,33333333
decoder_src,280,11608932655555,,33333333
depay_src,281,11608965977777,,
parser_src,281,11608965977777,,33333333
decoder_sink,281,11608965977777,,33333333
decoder_src,281,11608965977777,,33333333
depay_src,282,11608999311111,,
parser_src,282,11608999311111,,33333333
decoder_sink,282,11608999311111,,33333333
decoder_src,282,11608999311111,,33333333
depay_src,283,11609032655555,,
parser_src,283,11609032655555,,33333333
decoder_sink,283,11609032655555,,33333333
decoder_src,283,11609032655555,,33333333
depay_src,284,11609065977777,,
parser_src,284,11609065977777,,33333333
decoder_sink,284,11609065977777,,33333333
decoder_src,284,11609065977777,,33333333
depay_src,285,11609099311111,,
parser_src,285,11609099311111,,33333333
decoder_sink,285,11609099311111,,33333333
decoder_src,285,11609099311111,,33333333
depay_src,286,11609132655555,,
parser_src,286,11609132655555,,33333333
decoder_sink,286,11609132655555,,33333333
decoder_src,286,11609132655555,,33333333
depay_src,287,11609165977777,,
parser_src,287,11609165977777,,33333333
decoder_sink,287,11609165977777,,33333333
decoder_src,287,11609165977777,,33333333
depay_src,288,11609199311111,,
parser_src,288,11609199311111,,33333333
decoder_sink,288,11609199311111,,33333333
decoder_src,288,11609199311111,,33333333
depay_src,289,11609232655555,,
parser_src,289,11609232655555,,33333333
decoder_sink,289,11609232655555,,33333333
decoder_src,289,11609232655555,,33333333
depay_src,290,11609265977777,,
parser_src,290,11609265977777,,33333333
decoder_sink,290,11609265977777,,33333333
decoder_src,290,11609265977777,,33333333
depay_src,291,11609299311111,,
parser_src,291,11609299311111,,33333333
decoder_sink,291,11609299311111,,33333333
decoder_src,291,11609299311111,,33333333
depay_src,292,11609332655555,,
parser_src,292,11609332655555,,33333333
decoder_sink,292,11609332655555,,33333333
decoder_src,292,11609332655555,,33333333
depay_src,293,11609365977777,,
parser_src,293,11609365977777,,33333333
decoder_sink,293,11609365977777,,33333333
decoder_src,293,11609365977777,,33333333
depay_src,294,11609399311111,,
parser_src,294,11609399311111,,33333333
decoder_sink,294,11609399311111,,33333333
decoder_src,294,11609399311111,,33333333
depay_src,295,11609432655555,,
parser_src,295,11609432655555,,33333333
decoder_sink,295,11609432655555,,33333333
decoder_src,295,11609432655555,,33333333
depay_src,296,11609465977777,,
parser_src,296,11609465977777,,33333333
decoder_sink,296,11609465977777,,33333333
decoder_src,296,11609465977777,,33333333
depay_src,297,11609499311111,,
parser_src,297,11609499311111,,33333333
decoder_sink,297,11609499311111,,33333333
decoder_src,297,11609499311111,,33333333
depay_src,298,11609532655555,,
parser_src,298,11609532655555,,33333333
decoder_sink,298,11609532655555,,33333333
decoder_src,298,11609532655555,,33333333
depay_src,299,11609565977777,,
parser_src,299,11609565977777,,33333333
decoder_sink,299,11609565977777,,33333333
decoder_src,299,11609565977777,,33333333
depay_src,300,11609599311111,,
parser_src,300,11609599311111,,33333333
decoder_sink,300,11609599311111,,33333333
decoder_src,300,11609599311111,,33333333
depay_src,301,11609632655555,,
parser_src,301,11609632655555,,33333333
decoder_sink,301,11609632655555,,33333333
decoder_src,301,11609632655555,,33333333
depay_src,302,11609665977777,,
parser_src,302,11609665977777,,33333333
decoder_sink,302,11609665977777,,33333333
decoder_src,302,11609665977777,,33333333
depay_src,303,11609699311111,,
parser_src,303,11609699311111,,33333333
decoder_sink,303,11609699311111,,33333333
decoder_src,303,11609699311111,,33333333
depay_src,304,11609732655555,,
parser_src,304,11609732655555,,33333333
decoder_sink,304,11609732655555,,33333333
decoder_src,304,11609732655555,,33333333
depay_src,305,11609765977777,,
parser_src,305,11609765977777,,33333333
decoder_sink,305,11609765977777,,33333333
decoder_src,305,11609765977777,,33333333
depay_src,306,11609799311111,,
parser_src,306,11609799311111,,33333333
decoder_sink,306,11609799311111,,33333333
decoder_src,306,11609799311111,,33333333
depay_src,307,11609832655555,,
parser_src,307,11609832655555,,33333333
decoder_sink,307,11609832655555,,33333333
decoder_src,307,11609832655555,,33333333
depay_src,308,11609865977777,,
parser_src,308,11609865977777,,33333333
decoder_sink,308,11609865977777,,33333333
decoder_src,308,11609865977777,,33333333
depay_src,309,11609899311111,,
parser_src,309,11609899311111,,33333333
decoder_sink,309,11609899311111,,33333333
decoder_src,309,11609899311111,,33333333
depay_src,310,11609932655555,,
parser_src,310,11609932655555,,33333333
decoder_sink,310,11609932655555,,33333333
decoder_src,310,11609932655555,,33333333
depay_src,311,11609965977777,,
parser_src,311,11609965977777,,33333333
decoder_sink,311,11609965977777,,33333333
decoder_src,311,11609965977777,,33333333
depay_src,312,11609999311111,,
parser_src,312,11609999311111,,33333333
decoder_sink,312,11609999311111,,33333333
decoder_src,312,11609999311111,,33333333
depay_src,313,11610032655555,,
parser_src,313,11610032655555,,33333333
decoder_sink,313,11610032655555,,33333333
decoder_src,313,11610032655555,,33333333
depay_src,314,11610065977777,,
parser_src,314,11610065977777,,33333333
decoder_sink,314,11610065977777,,33333333
decoder_src,314,11610065977777,,33333333
depay_src,315,11610099311111,,
parser_src,315,11610099311111,,33333333
decoder_sink,315,11610099311111,,33333333
decoder_src,315,11610099311111,,33333333
depay_src,316,11610132655555,,
parser_src,316,11610132655555,,33333333
decoder_sink,316,11610132655555,,33333333
decoder_src,316,11610132655555,,33333333
depay_src,317,11610165977777,,
parser_src,317,11610165977777,,33333333
decoder_sink,317,11610165977777,,33333333
decoder_src,317,11610165977777,,33333333
depay_src,318,11610199311111,,
parser_src,318,11610199311111,,33333333
decoder_sink,318,11610199311111,,33333333
decoder_src,318,11610199311111,,33333333
depay_src,319,11610232655555,,
parser_src,319,11610232655555,,33333333
decoder_sink,319,11610232655555,,33333333
decoder_src,319,11610232655555,,33333333
depay_src,320,11610265977777,,
parser_src,320,11610265977777,,33333333
decoder_sink,320,11610265977777,,33333333
decoder_src,320,11610265977777,,33333333
depay_src,321,11610299311111,,
parser_src,321,11610299311111,,33333333
decoder_sink,321,11610299311111,,33333333
decoder_src,321,11610299311111,,33333333
depay_src,322,11610332655555,,
parser_src,322,11610332655555,,33333333
decoder_sink,322,11610332655555,,33333333
decoder_src,322,11610332655555,,33333333
depay_src,323,11610365977777,,
parser_src,323,11610365977777,,33333333
decoder_sink,323,11610365977777,,33333333
decoder_src,323,11610365977777,,33333333
depay_src,324,11610399311111,,
parser_src,324,11610399311111,,33333333
decoder_sink,324,11610399311111,,33333333
decoder_src,324,11610399311111,,33333333
depay_src,325,11610432655555,,
parser_src,325,11610432655555,,33333333
decoder_sink,325,11610432655555,,33333333
decoder_src,325,11610432655555,,33333333
depay_src,326,11610465977777,,
parser_src,326,11610465977777,,33333333
decoder_sink,326,11610465977777,,33333333
decoder_src,326,11610465977777,,33333333
depay_src,327,11610499311111,,
parser_src,327,11610499311111,,33333333
decoder_sink,327,11610499311111,,33333333
decoder_src,327,11610499311111,,33333333
depay_src,328,11610532655555,,
parser_src,328,11610532655555,,33333333
decoder_sink,328,11610532655555,,33333333
decoder_src,328,11610532655555,,33333333
depay_src,329,11610565977777,,
parser_src,329,11610565977777,,33333333
decoder_sink,329,11610565977777,,33333333
decoder_src,329,11610565977777,,33333333
depay_src,330,11610599311111,,
parser_src,330,11610599311111,,33333333
decoder_sink,330,11610599311111,,33333333
decoder_src,330,11610599311111,,33333333
depay_src,331,11610632655555,,
parser_src,331,11610632655555,,33333333
decoder_sink,331,11610632655555,,33333333
decoder_src,331,11610632655555,,33333333
depay_src,332,11610665977777,,
parser_src,332,11610665977777,,33333333
decoder_sink,332,11610665977777,,33333333
decoder_src,332,11610665977777,,33333333
depay_src,333,11610699311111,,
parser_src,333,11610699311111,,33333333
decoder_sink,333,11610699311111,,33333333
decoder_src,333,11610699311111,,33333333
depay_src,334,11610732655555,,
parser_src,334,11610732655555,,33333333
decoder_sink,334,11610732655555,,33333333
decoder_src,334,11610732655555,,33333333
depay_src,335,11610765977777,,
parser_src,335,11610765977777,,33333333
decoder_sink,335,11610765977777,,33333333
decoder_src,335,11610765977777,,33333333
depay_src,336,11610799311111,,
parser_src,336,11610799311111,,33333333
decoder_sink,336,11610799311111,,33333333
decoder_src,336,11610799311111,,33333333
depay_src,337,11610832655555,,
parser_src,337,11610832655555,,33333333
decoder_sink,337,11610832655555,,33333333
decoder_src,337,11610832655555,,33333333
depay_src,338,11610865977777,,
parser_src,338,11610865977777,,33333333
decoder_sink,338,11610865977777,,33333333
decoder_src,338,11610865977777,,33333333
depay_src,339,11610899311111,,
parser_src,339,11610899311111,,33333333
decoder_sink,339,11610899311111,,33333333
decoder_src,339,11610899311111,,33333333
depay_src,340,11610932655555,,
parser_src,340,11610932655555,,33333333
decoder_sink,340,11610932655555,,33333333
decoder_src,340,11610932655555,,33333333
depay_src,341,11610965977777,,
parser_src,341,11610965977777,,33333333
decoder_sink,341,11610965977777,,33333333
decoder_src,341,11610965977777,,33333333
depay_src,342,11610999311111,,
parser_src,342,11610999311111,,33333333
decoder_sink,342,11610999311111,,33333333
decoder_src,342,11610999311111,,33333333
depay_src,343,11611032655555,,
parser_src,343,11611032655555,,33333333
decoder_sink,343,11611032655555,,33333333
decoder_src,343,11611032655555,,33333333
depay_src,344,11611065977777,,
parser_src,344,11611065977777,,33333333
decoder_sink,344,11611065977777,,33333333
decoder_src,344,11611065977777,,33333333
depay_src,345,11611099311111,,
parser_src,345,11611099311111,,33333333
decoder_sink,345,11611099311111,,33333333
decoder_src,345,11611099311111,,33333333
depay_src,346,11611132655555,,
parser_src,346,11611132655555,,33333333
decoder_sink,346,11611132655555,,33333333
decoder_src,346,11611132655555,,33333333
depay_src,347,11611165977777,,
parser_src,347,11611165977777,,33333333
decoder_sink,347,11611165977777,,33333333
decoder_src,347,11611165977777,,33333333
depay_src,348,11611199311111,,
parser_src,348,11611199311111,,33333333
decoder_sink,348,11611199311111,,33333333
decoder_src,348,11611199311111,,33333333
depay_src,349,11611232655555,,
parser_src,349,11611232655555,,33333333
decoder_sink,349,11611232655555,,33333333
decoder_src,349,11611232655555,,33333333
depay_src,350,11611265977777,,
parser_src,350,11611265977777,,33333333
decoder_sink,350,11611265977777,,33333333
decoder_src,350,11611265977777,,33333333
depay_src,351,11611299311111,,
parser_src,351,11611299311111,,33333333
decoder_sink,351,11611299311111,,33333333
decoder_src,351,11611299311111,,33333333
depay_src,352,11611332655555,,
parser_src,352,11611332655555,,33333333
decoder_sink,352,11611332655555,,33333333
decoder_src,352,11611332655555,,33333333
depay_src,353,11611365977777,,
parser_src,353,11611365977777,,33333333
decoder_sink,353,11611365977777,,33333333
decoder_src,353,11611365977777,,33333333
depay_src,354,11611399311111,,
parser_src,354,11611399311111,,33333333
decoder_sink,354,11611399311111,,33333333
decoder_src,354,11611399311111,,33333333
depay_src,355,11611432655555,,
parser_src,355,11611432655555,,33333333
decoder_sink,355,11611432655555,,33333333
decoder_src,355,11611432655555,,33333333
depay_src,356,11611465977777,,
parser_src,356,11611465977777,,33333333
decoder_sink,356,11611465977777,,33333333
decoder_src,356,11611465977777,,33333333
depay_src,357,11611499311111,,
parser_src,357,11611499311111,,33333333
decoder_sink,357,11611499311111,,33333333
decoder_src,357,11611499311111,,33333333
depay_src,358,11611532655555,,
parser_src,358,11611532655555,,33333333
decoder_sink,358,11611532655555,,33333333
decoder_src,358,11611532655555,,33333333
depay_src,359,11611565977777,,
parser_src,359,11611565977777,,33333333
decoder_sink,359,11611565977777,,33333333
decoder_src,359,11611565977777,,33333333
depay_src,360,11611599311111,,
parser_src,360,11611599311111,,33333333
decoder_sink,360,11611599311111,,33333333
decoder_src,360,11611599311111,,33333333
depay_src,361,11611632655555,,
parser_src,361,11611632655555,,33333333
decoder_sink,361,11611632655555,,33333333
decoder_src,361,11611632655555,,33333333
depay_src,362,11611665977777,,
parser_src,362,11611665977777,,33333333
decoder_sink,362,11611665977777,,33333333
decoder_src,362,11611665977777,,33333333
depay_src,363,11611699311111,,
parser_src,363,11611699311111,,33333333
decoder_sink,363,11611699311111,,33333333
decoder_src,363,11611699311111,,33333333
depay_src,364,11611732655555,,
parser_src,364,11611732655555,,33333333
decoder_sink,364,11611732655555,,33333333
decoder_src,364,11611732655555,,33333333
depay_src,365,11611765977777,,
parser_src,365,11611765977777,,33333333
decoder_sink,365,11611765977777,,33333333
decoder_src,365,11611765977777,,33333333
depay_src,366,11611799311111,,
parser_src,366,11611799311111,,33333333
decoder_sink,366,11611799311111,,33333333
decoder_src,366,11611799311111,,33333333
depay_src,367,11611832655555,,
parser_src,367,11611832655555,,33333333
decoder_sink,367,11611832655555,,33333333
decoder_src,367,11611832655555,,33333333
depay_src,368,11611865977777,,
parser_src,368,11611865977777,,33333333
decoder_sink,368,11611865977777,,33333333
decoder_src,368,11611865977777,,33333333
depay_src,369,11611899311111,,
parser_src,369,11611899311111,,33333333
decoder_sink,369,11611899311111,,33333333
decoder_src,369,11611899311111,,33333333
depay_src,370,11611932655555,,
parser_src,370,11611932655555,,33333333
decoder_sink,370,11611932655555,,33333333
decoder_src,370,11611932655555,,33333333
depay_src,371,11611965977777,,
parser_src,371,11611965977777,,33333333
decoder_sink,371,11611965977777,,33333333
decoder_src,371,11611965977777,,33333333
depay_src,372,11611999311111,,
parser_src,372,11611999311111,,33333333
decoder_sink,372,11611999311111,,33333333
decoder_src,372,11611999311111,,33333333
depay_src,373,11612032655555,,
parser_src,373,11612032655555,,33333333
decoder_sink,373,11612032655555,,33333333
decoder_src,373,11612032655555,,33333333
depay_src,374,11612065977777,,
parser_src,374,11612065977777,,33333333
decoder_sink,374,11612065977777,,33333333
decoder_src,374,11612065977777,,33333333
depay_src,375,11612099311111,,
parser_src,375,11612099311111,,33333333
decoder_sink,375,11612099311111,,33333333
decoder_src,375,11612099311111,,33333333
depay_src,376,11612132655555,,
parser_src,376,11612132655555,,33333333
decoder_sink,376,11612132655555,,33333333
decoder_src,376,11612132655555,,33333333
depay_src,377,11612165977777,,
parser_src,377,11612165977777,,33333333
decoder_sink,377,11612165977777,,33333333
decoder_src,377,11612165977777,,33333333
depay_src,378,11612199311111,,
parser_src,378,11612199311111,,33333333
decoder_sink,378,11612199311111,,33333333
decoder_src,378,11612199311111,,33333333
depay_src,379,11612232655555,,
parser_src,379,11612232655555,,33333333
decoder_sink,379,11612232655555,,33333333
decoder_src,379,11612232655555,,33333333
depay_src,380,11612265977777,,
parser_src,380,11612265977777,,33333333
decoder_sink,380,11612265977777,,33333333
decoder_src,380,11612265977777,,33333333
depay_src,381,11612299311111,,
parser_src,381,11612299311111,,33333333
decoder_sink,381,11612299311111,,33333333
decoder_src,381,11612299311111,,33333333
depay_src,382,11612332655555,,
parser_src,382,11612332655555,,33333333
decoder_sink,382,11612332655555,,33333333
decoder_src,382,11612332655555,,33333333
depay_src,383,11612365977777,,
parser_src,383,11612365977777,,33333333
decoder_sink,383,11612365977777,,33333333
decoder_src,383,11612365977777,,33333333
depay_src,384,11612399311111,,
parser_src,384,11612399311111,,33333333
decoder_sink,384,11612399311111,,33333333
decoder_src,384,11612399311111,,33333333
depay_src,385,11612432655555,,
parser_src,385,11612432655555,,33333333
decoder_sink,385,11612432655555,,33333333
decoder_src,385,11612432655555,,33333333
depay_src,386,11612465977777,,
parser_src,386,11612465977777,,33333333
decoder_sink,386,11612465977777,,33333333
decoder_src,386,11612465977777,,33333333
depay_src,387,11612499311111,,
parser_src,387,11612499311111,,33333333
decoder_sink,387,11612499311111,,33333333
decoder_src,387,11612499311111,,33333333
depay_src,388,11612532655555,,
parser_src,388,11612532655555,,33333333
decoder_sink,388,11612532655555,,33333333
decoder_src,388,11612532655555,,33333333
depay_src,389,11612565977777,,
parser_src,389,11612565977777,,33333333
decoder_sink,389,11612565977777,,33333333
decoder_src,389,11612565977777,,33333333
depay_src,390,11612599311111,,
parser_src,390,11612599311111,,33333333
decoder_sink,390,11612599311111,,33333333
decoder_src,390,11612599311111,,33333333
depay_src,391,11612632655555,,
parser_src,391,11612632655555,,33333333
decoder_sink,391,11612632655555,,33333333
decoder_src,391,11612632655555,,33333333
depay_src,392,11612665977777,,
parser_src,392,11612665977777,,33333333
decoder_sink,392,11612665977777,,33333333
decoder_src,392,11612665977777,,33333333
depay_src,393,11612699311111,,
parser_src,393,11612699311111,,33333333
decoder_sink,393,11612699311111,,33333333
decoder_src,393,11612699311111,,33333333
depay_src,394,11612732655555,,
parser_src,394,11612732655555,,33333333
decoder_sink,394,11612732655555,,33333333
decoder_src,394,11612732655555,,33333333
depay_src,395,11612765977777,,
parser_src,395,11612765977777,,33333333
decoder_sink,395,11612765977777,,33333333
decoder_src,395,11612765977777,,33333333
depay_src,396,11612799311111,,
parser_src,396,11612799311111,,33333333
decoder_sink,396,11612799311111,,33333333
decoder_src,396,11612799311111,,33333333
depay_src,397,11612832655555,,
parser_src,397,11612832655555,,33333333
decoder_sink,397,11612832655555,,33333333
decoder_src,397,11612832655555,,33333333
depay_src,398,11612865977777,,
parser_src,398,11612865977777,,33333333
decoder_sink,398,11612865977777,,33333333
decoder_src,398,11612865977777,,33333333
depay_src,399,11612899311111,,
parser_src,399,11612899311111,,33333333
decoder_sink,399,11612899311111,,33333333
decoder_src,399,11612899311111,,33333333
depay_src,400,11612932655555,,
parser_src,400,11612932655555,,33333333
decoder_sink,400,11612932655555,,33333333
decoder_src,400,11612932655555,,33333333
depay_src,401,11612965977777,,
parser_src,401,11612965977777,,33333333
decoder_sink,401,11612965977777,,33333333
decoder_src,401,11612965977777,,33333333
depay_src,402,11612999311111,,
parser_src,402,11612999311111,,33333333
decoder_sink,402,11612999311111,,33333333
decoder_src,402,11612999311111,,33333333
depay_src,403,11613032655555,,
parser_src,403,11613032655555,,33333333
decoder_sink,403,11613032655555,,33333333
decoder_src,403,11613032655555,,33333333
depay_src,404,11613065977777,,
parser_src,404,11613065977777,,33333333
decoder_sink,404,11613065977777,,33333333
decoder_src,404,11613065977777,,33333333
depay_src,405,11613099311111,,
parser_src,405,11613099311111,,33333333
decoder_sink,405,11613099311111,,33333333
decoder_src,405,11613099311111,,33333333
depay_src,406,11613132655555,,
parser_src,406,11613132655555,,33333333
decoder_sink,406,11613132655555,,33333333
decoder_src,406,11613132655555,,33333333
depay_src,407,11613165977777,,
parser_src,407,11613165977777,,33333333
decoder_sink,407,11613165977777,,33333333
decoder_src,407,11613165977777,,33333333
depay_src,408,11613199311111,,
parser_src,408,11613199311111,,33333333
decoder_sink,408,11613199311111,,33333333
decoder_src,408,11613199311111,,33333333
depay_src,409,11613232655555,,
parser_src,409,11613232655555,,33333333
decoder_sink,409,11613232655555,,33333333
decoder_src,409,11613232655555,,33333333
depay_src,410,11613265977777,,
parser_src,410,11613265977777,,33333333
decoder_sink,410,11613265977777,,33333333
decoder_src,410,11613265977777,,33333333
depay_src,411,11613299311111,,
parser_src,411,11613299311111,,33333333
decoder_sink,411,11613299311111,,33333333
decoder_src,411,11613299311111,,33333333
depay_src,412,11613332655555,,
parser_src,412,11613332655555,,33333333
decoder_sink,412,11613332655555,,33333333
decoder_src,412,11613332655555,,33333333
depay_src,413,11613365977777,,
parser_src,413,11613365977777,,33333333
decoder_sink,413,11613365977777,,33333333
decoder_src,413,11613365977777,,33333333
depay_src,414,11613399311111,,
parser_src,414,11613399311111,,33333333
decoder_sink,414,11613399311111,,33333333
decoder_src,414,11613399311111,,33333333
depay_src,415,11613432655555,,
parser_src,415,11613432655555,,33333333
decoder_sink,415,11613432655555,,33333333
decoder_src,415,11613432655555,,33333333
depay_src,416,11613465977777,,
parser_src,416,11613465977777,,33333333
decoder_sink,416,11613465977777,,33333333
decoder_src,416,11613465977777,,33333333
depay_src,417,11613499311111,,
parser_src,417,11613499311111,,33333333
decoder_sink,417,11613499311111,,33333333
decoder_src,417,11613499311111,,33333333
depay_src,418,11613532655555,,
parser_src,418,11613532655555,,33333333
decoder_sink,418,11613532655555,,33333333
decoder_src,418,11613532655555,,33333333
depay_src,419,11613565977777,,
parser_src,419,11613565977777,,33333333
decoder_sink,419,11613565977777,,33333333
decoder_src,419,11613565977777,,33333333
depay_src,420,11613599311111,,
parser_src,420,11613599311111,,33333333
decoder_sink,420,11613599311111,,33333333
decoder_src,420,11613599311111,,33333333
depay_src,421,11613632655555,,
parser_src,421,11613632655555,,33333333
decoder_sink,421,11613632655555,,33333333
decoder_src,421,11613632655555,,33333333
depay_src,422,11613665977777,,
parser_src,422,11613665977777,,33333333
decoder_sink,422,11613665977777,,33333333
decoder_src,422,11613665977777,,33333333
depay_src,423,11613699311111,,
parser_src,423,11613699311111,,33333333
decoder_sink,423,11613699311111,,33333333
decoder_src,423,11613699311111,,33333333
depay_src,424,11613732655555,,
parser_src,424,11613732655555,,33333333
decoder_sink,424,11613732655555,,33333333
decoder_src,424,11613732655555,,33333333
depay_src,425,11613765977777,,
parser_src,425,11613765977777,,33333333
decoder_sink,425,11613765977777,,33333333
decoder_src,425,11613765977777,,33333333
depay_src,426,11613799311111,,
parser_src,426,11613799311111,,33333333
decoder_sink,426,11613799311111,,33333333
decoder_src,426,11613799311111,,33333333
depay_src,427,11613832655555,,
parser_src,427,11613832655555,,33333333
decoder_sink,427,11613832655555,,33333333
decoder_src,427,11613832655555,,33333333
depay_src,428,11613865977777,,
parser_src,428,11613865977777,,33333333
decoder_sink,428,11613865977777,,33333333
decoder_src,428,11613865977777,,33333333
depay_src,429,11613899311111,,
parser_src,429,11613899311111,,33333333
decoder_sink,429,11613899311111,,33333333
decoder_src,429,11613899311111,,33333333
depay_src,430,11613932655555,,
parser_src,430,11613932655555,,33333333
decoder_sink,430,11613932655555,,33333333
decoder_src,430,11613932655555,,33333333
depay_src,431,11613965977777,,
parser_src,431,11613965977777,,33333333
decoder_sink,431,11613965977777,,33333333
decoder_src,431,11613965977777,,33333333
depay_src,432,11613999311111,,
parser_src,432,11613999311111,,33333333
decoder_sink,432,11613999311111,,33333333
decoder_src,432,11613999311111,,33333333
depay_src,433,11614032655555,,
parser_src,433,11614032655555,,33333333
decoder_sink,433,11614032655555,,33333333
decoder_src,433,11614032655555,,33333333
depay_src,434,11614065977777,,
parser_src,434,11614065977777,,33333333
decoder_sink,434,11614065977777,,33333333
decoder_src,434,11614065977777,,33333333
depay_src,435,11614099311111,,
parser_src,435,11614099311111,,33333333
decoder_sink,435,11614099311111,,33333333
decoder_src,435,11614099311111,,33333333
depay_src,436,11614132655555,,
parser_src,436,11614132655555,,33333333
decoder_sink,436,11614132655555,,33333333
decoder_src,436,11614132655555,,33333333
depay_src,437,11614165977777,,
parser_src,437,11614165977777,,33333333
decoder_sink,437,11614165977777,,33333333
decoder_src,437,11614165977777,,33333333
depay_src,438,11614199311111,,
parser_src,438,11614199311111,,33333333
decoder_sink,438,11614199311111,,33333333
decoder_src,438,11614199311111,,33333333
depay_src,439,11614232655555,,
parser_src,439,11614232655555,,33333333
decoder_sink,439,11614232655555,,33333333
decoder_src,439,11614232655555,,33333333
depay_src,440,11614265977777,,
parser_src,440,11614265977777,,33333333
decoder_sink,440,11614265977777,,33333333
decoder_src,440,11614265977777,,33333333
depay_src,441,11614299311111,,
parser_src,441,11614299311111,,33333333
decoder_sink,441,11614299311111,,33333333
decoder_src,441,11614299311111,,33333333
depay_src,442,11614332655555,,
parser_src,442,11614332655555,,33333333
decoder_sink,442,11614332655555,,33333333
decoder_src,442,11614332655555,,33333333
depay_src,443,11614365977777,,
parser_src,443,11614365977777,,33333333
decoder_sink,443,11614365977777,,33333333
decoder_src,443,11614365977777,,33333333
depay_src,444,11614399311111,,
parser_src,444,11614399311111,,33333333
decoder_sink,444,11614399311111,,33333333
decoder_src,444,11614399311111,,33333333
depay_src,445,11614432655555,,
parser_src,445,11614432655555,,33333333
decoder_sink,445,11614432655555,,33333333
decoder_src,445,11614432655555,,33333333
depay_src,446,11614465977777,,
parser_src,446,11614465977777,,33333333
decoder_sink,446,11614465977777,,33333333
decoder_src,446,11614465977777,,33333333
depay_src,447,11614499311111,,
parser_src,447,11614499311111,,33333333
decoder_sink,447,11614499311111,,33333333
decoder_src,447,11614499311111,,33333333
depay_src,448,11614532655555,,
parser_src,448,11614532655555,,33333333
decoder_sink,448,11614532655555,,33333333
decoder_src,448,11614532655555,,33333333
depay_src,449,11614565977777,,
parser_src,449,11614565977777,,33333333
decoder_sink,449,11614565977777,,33333333
decoder_src,449,11614565977777,,33333333
depay_src,450,11614599311111,,
parser_src,450,11614599311111,,33333333
decoder_sink,450,11614599311111,,33333333
decoder_src,450,11614599311111,,33333333
depay_src,451,11614632655555,,
parser_src,451,11614632655555,,33333333
decoder_sink,451,11614632655555,,33333333
decoder_src,451,11614632655555,,33333333
depay_src,452,11614665977777,,
parser_src,452,11614665977777,,33333333
decoder_sink,452,11614665977777,,33333333
decoder_src,452,11614665977777,,33333333
depay_src,453,11614699311111,,
parser_src,453,11614699311111,,33333333
decoder_sink,453,11614699311111,,33333333
decoder_src,453,11614699311111,,33333333
depay_src,454,11614732655555,,
parser_src,454,11614732655555,,33333333
decoder_sink,454,11614732655555,,33333333
decoder_src,454,11614732655555,,33333333
depay_src,455,11614765977777,,
parser_src,455,11614765977777,,33333333
decoder_sink,455,11614765977777,,33333333
decoder_src,455,11614765977777,,33333333
depay_src,456,11614799311111,,
parser_src,456,11614799311111,,33333333
decoder_sink,456,11614799311111,,33333333
decoder_src,456,11614799311111,,33333333
depay_src,457,11614832655555,,
parser_src,457,11614832655555,,33333333
decoder_sink,457,11614832655555,,33333333
decoder_src,457,11614832655555,,33333333
depay_src,458,11614865977777,,
parser_src,458,11614865977777,,33333333
decoder_sink,458,11614865977777,,33333333
decoder_src,458,11614865977777,,33333333
depay_src,459,11614899311111,,
parser_src,459,11614899311111,,33333333
decoder_sink,459,11614899311111,,33333333
decoder_src,459,11614899311111,,33333333
depay_src,460,11614932655555,,
parser_src,460,11614932655555,,33333333
decoder_sink,460,11614932655555,,33333333
decoder_src,460,11614932655555,,33333333
depay_src,461,11614965977777,,
parser_src,461,11614965977777,,33333333
decoder_sink,461,11614965977777,,33333333
decoder_src,461,11614965977777,,33333333
depay_src,462,11614999311111,,
parser_src,462,11614999311111,,33333333
decoder_sink,462,11614999311111,,33333333
decoder_src,462,11614999311111,,33333333
depay_src,463,11615032655555,,
parser_src,463,11615032655555,,33333333
decoder_sink,463,11615032655555,,33333333
decoder_src,463,11615032655555,,33333333
depay_src,464,11615065977777,,
parser_src,464,11615065977777,,33333333
decoder_sink,464,11615065977777,,33333333
decoder_src,464,11615065977777,,33333333
depay_src,465,11615099311111,,
parser_src,465,11615099311111,,33333333
decoder_sink,465,11615099311111,,33333333
decoder_src,465,11615099311111,,33333333
depay_src,466,11615132655555,,
parser_src,466,11615132655555,,33333333
decoder_sink,466,11615132655555,,33333333
decoder_src,466,11615132655555,,33333333
depay_src,467,11615165977777,,
parser_src,467,11615165977777,,33333333
decoder_sink,467,11615165977777,,33333333
decoder_src,467,11615165977777,,33333333
depay_src,468,11615199311111,,
parser_src,468,11615199311111,,33333333
decoder_sink,468,11615199311111,,33333333
decoder_src,468,11615199311111,,33333333
depay_src,469,11615232655555,,
parser_src,469,11615232655555,,33333333
decoder_sink,469,11615232655555,,33333333
decoder_src,469,11615232655555,,33333333
depay_src,470,11615265977777,,
parser_src,470,11615265977777,,33333333
decoder_sink,470,11615265977777,,33333333
decoder_src,470,11615265977777,,33333333
depay_src,471,11615299311111,,
parser_src,471,11615299311111,,33333333
decoder_sink,471,11615299311111,,33333333
decoder_src,471,11615299311111,,33333333
depay_src,472,11615332655555,,
parser_src,472,11615332655555,,33333333
decoder_sink,472,11615332655555,,33333333
decoder_src,472,11615332655555,,33333333
depay_src,473,11615365977777,,
parser_src,473,11615365977777,,33333333
decoder_sink,473,11615365977777,,33333333
decoder_src,473,11615365977777,,33333333
depay_src,474,11615399311111,,
parser_src,474,11615399311111,,33333333
decoder_sink,474,11615399311111,,33333333
decoder_src,474,11615399311111,,33333333
depay_src,475,11615432655555,,
parser_src,475,11615432655555,,33333333
decoder_sink,475,11615432655555,,33333333
decoder_src,475,11615432655555,,33333333
depay_src,476,11615465977777,,
parser_src,476,11615465977777,,33333333
decoder_sink,476,11615465977777,,33333333
decoder_src,476,11615465977777,,33333333
depay_src,477,11615499311111,,
parser_src,477,11615499311111,,33333333
decoder_sink,477,11615499311111,,33333333
decoder_src,477,11615499311111,,33333333
depay_src,478,11615532655555,,
parser_src,478,11615532655555,,33333333
decoder_sink,478,11615532655555,,33333333
decoder_src,478,11615532655555,,33333333
depay_src,479,11615565977777,,
parser_src,479,11615565977777,,33333333
decoder_sink,479,11615565977777,,33333333
decoder_src,479,11615565977777,,33333333
depay_src,480,11615599311111,,
parser_src,480,11615599311111,,33333333
decoder_sink,480,11615599311111,,33333333
decoder_src,480,11615599311111,,33333333
depay_src,481,11615632655555,,
parser_src,481,11615632655555,,33333333
decoder_sink,481,11615632655555,,33333333
decoder_src,481,11615632655555,,33333333
depay_src,482,11615665977777,,
parser_src,482,11615665977777,,33333333
decoder_sink,482,11615665977777,,33333333
decoder_src,482,11615665977777,,33333333
depay_src,483,11615699311111,,
parser_src,483,11615699311111,,33333333
decoder_sink,483,11615699311111,,33333333
decoder_src,483,11615699311111,,33333333
depay_src,484,11615732655555,,
parser_src,484,11615732655555,,33333333
decoder_sink,484,11615732655555,,33333333
decoder_src,484,11615732655555,,33333333
depay_src,485,11615765977777,,
parser_src,485,11615765977777,,33333333
decoder_sink,485,11615765977777,,33333333
decoder_src,485,11615765977777,,33333333
depay_src,486,11615799311111,,
parser_src,486,11615799311111,,33333333
decoder_sink,486,11615799311111,,33333333
decoder_src,486,11615799311111,,33333333
depay_src,487,11615832655555,,
parser_src,487,11615832655555,,33333333
decoder_sink,487,11615832655555,,33333333
decoder_src,487,11615832655555,,33333333
depay_src,488,11615865977777,,
parser_src,488,11615865977777,,33333333
decoder_sink,488,11615865977777,,33333333
decoder_src,488,11615865977777,,33333333
depay_src,489,11615899311111,,
parser_src,489,11615899311111,,33333333
decoder_sink,489,11615899311111,,33333333
decoder_src,489,11615899311111,,33333333
depay_src,490,11615932655555,,
parser_src,490,11615932655555,,33333333
decoder_sink,490,11615932655555,,33333333
decoder_src,490,11615932655555,,33333333
depay_src,491,11615965977777,,
parser_src,491,11615965977777,,33333333
decoder_sink,491,11615965977777,,33333333
decoder_src,491,11615965977777,,33333333
depay_src,492,11615999311111,,
parser_src,492,11615999311111,,33333333
decoder_sink,492,11615999311111,,33333333
decoder_src,492,11615999311111,,33333333
depay_src,493,11616032655555,,
parser_src,493,11616032655555,,33333333
decoder_sink,493,11616032655555,,33333333
decoder_src,493,11616032655555,,33333333
depay_src,494,11616065977777,,
parser_src,494,11616065977777,,33333333
decoder_sink,494,11616065977777,,33333333
decoder_src,494,11616065977777,,33333333
depay_src,495,11616099311111,,
parser_src,495,11616099311111,,33333333
decoder_sink,495,11616099311111,,33333333
decoder_src,495,11616099311111,,33333333
depay_src,496,11616132655555,,
parser_src,496,11616132655555,,33333333
decoder_sink,496,11616132655555,,33333333
decoder_src,496,11616132655555,,33333333
depay_src,497,11616165977777,,
parser_src,497,11616165977777,,33333333
decoder_sink,497,11616165977777,,33333333
decoder_src,497,11616165977777,,33333333
depay_src,498,11616199311111,,
parser_src,498,11616199311111,,33333333
decoder_sink,498,11616199311111,,33333333
decoder_src,498,11616199311111,,33333333
depay_src,499,11616232655555,,
parser_src,499,11616232655555,,33333333
decoder_sink,499,11616232655555,,33333333
decoder_src,499,11616232655555,,33333333
depay_src,500,11616265977777,,
parser_src,500,11616265977777,,33333333
decoder_sink,500,11616265977777,,33333333
decoder_src,500,11616265977777,,33333333
depay_src,501,11616299311111,,
parser_src,501,11616299311111,,33333333
decoder_sink,501,11616299311111,,33333333
decoder_src,501,11616299311111,,33333333
depay_src,502,11616332655555,,
parser_src,502,11616332655555,,33333333
decoder_sink,502,11616332655555,,33333333
decoder_src,502,11616332655555,,33333333
depay_src,503,11616365977777,,
parser_src,503,11616365977777,,33333333
decoder_sink,503,11616365977777,,33333333
decoder_src,503,11616365977777,,33333333
depay_src,504,11616399311111,,
parser_src,504,11616399311111,,33333333
decoder_sink,504,11616399311111,,33333333
decoder_src,504,11616399311111,,33333333
depay_src,505,11616432655555,,
parser_src,505,11616432655555,,33333333
decoder_sink,505,11616432655555,,33333333
decoder_src,505,11616432655555,,33333333
depay_src,506,11616465977777,,
parser_src,506,11616465977777,,33333333
decoder_sink,506,11616465977777,,33333333
decoder_src,506,11616465977777,,33333333
depay_src,507,11616499311111,,
parser_src,507,11616499311111,,33333333
decoder_sink,507,11616499311111,,33333333
decoder_src,507,11616499311111,,33333333
depay_src,508,11616532655555,,
parser_src,508,11616532655555,,33333333
decoder_sink,508,11616532655555,,33333333
decoder_src,508,11616532655555,,33333333
depay_src,509,11616565977777,,
parser_src,509,11616565977777,,33333333
decoder_sink,509,11616565977777,,33333333
decoder_src,509,11616565977777,,33333333
depay_src,510,11616599311111,,
parser_src,510,11616599311111,,33333333
decoder_sink,510,11616599311111,,33333333
decoder_src,510,11616599311111,,33333333
depay_src,511,11616632655555,,
parser_src,511,11616632655555,,33333333
decoder_sink,511,11616632655555,,33333333
decoder_src,511,11616632655555,,33333333
depay_src,512,11616665977777,,
parser_src,512,11616665977777,,33333333
decoder_sink,512,11616665977777,,33333333
decoder_src,512,11616665977777,,33333333
depay_src,513,11616699311111,,
parser_src,513,11616699311111,,33333333
decoder_sink,513,11616699311111,,33333333
decoder_src,513,11616699311111,,33333333
depay_src,514,11616732655555,,
parser_src,514,11616732655555,,33333333
decoder_sink,514,11616732655555,,33333333
decoder_src,514,11616732655555,,33333333
depay_src,515,11616765977777,,
parser_src,515,11616765977777,,33333333
decoder_sink,515,11616765977777,,33333333
decoder_src,515,11616765977777,,33333333
depay_src,516,11616799311111,,
parser_src,516,11616799311111,,33333333
decoder_sink,516,11616799311111,,33333333
decoder_src,516,11616799311111,,33333333
depay_src,517,11616832655555,,
parser_src,517,11616832655555,,33333333
decoder_sink,517,11616832655555,,33333333
decoder_src,517,11616832655555,,33333333
depay_src,518,11616865977777,,
parser_src,518,11616865977777,,33333333
decoder_sink,518,11616865977777,,33333333
decoder_src,518,11616865977777,,33333333
depay_src,519,11616899311111,,
parser_src,519,11616899311111,,33333333
decoder_sink,519,11616899311111,,33333333
decoder_src,519,11616899311111,,33333333
depay_src,520,11616932655555,,
parser_src,520,11616932655555,,33333333
decoder_sink,520,11616932655555,,33333333
decoder_src,520,11616932655555,,33333333
depay_src,521,11616965977777,,
parser_src,521,11616965977777,,33333333
decoder_sink,521,11616965977777,,33333333
decoder_src,521,11616965977777,,33333333
depay_src,522,11616999311111,,
parser_src,522,11616999311111,,33333333
decoder_sink,522,11616999311111,,33333333
decoder_src,522,11616999311111,,33333333
depay_src,523,11617032655555,,
parser_src,523,11617032655555,,33333333
decoder_sink,523,11617032655555,,33333333
decoder_src,523,11617032655555,,33333333
depay_src,524,11617065977777,,
parser_src,524,11617065977777,,33333333
decoder_sink,524,11617065977777,,33333333
decoder_src,524,11617065977777,,33333333
depay_src,525,11617099311111,,
parser_src,525,11617099311111,,33333333
decoder_sink,525,11617099311111,,33333333
decoder_src,525,11617099311111,,33333333
depay_src,526,11617132655555,,
parser_src,526,11617132655555,,33333333
decoder_sink,526,11617132655555,,33333333
decoder_src,526,11617132655555,,33333333
depay_src,527,11617165977777,,
parser_src,527,11617165977777,,33333333
decoder_sink,527,11617165977777,,33333333
decoder_src,527,11617165977777,,33333333
depay_src,528,11617199311111,,
parser_src,528,11617199311111,,33333333
decoder_sink,528,11617199311111,,33333333
decoder_src,528,11617199311111,,33333333
depay_src,529,11617232655555,,
parser_src,529,11617232655555,,33333333
decoder_sink,529,11617232655555,,33333333
decoder_src,529,11617232655555,,33333333
depay_src,530,11617265977777,,
parser_src,530,11617265977777,,33333333
decoder_sink,530,11617265977777,,33333333
decoder_src,530,11617265977777,,33333333
depay_src,531,11617299311111,,
parser_src,531,11617299311111,,33333333
decoder_sink,531,11617299311111,,33333333
decoder_src,531,11617299311111,,33333333
depay_src,532,11617332655555,,
parser_src,532,11617332655555,,33333333
decoder_sink,532,11617332655555,,33333333
decoder_src,532,11617332655555,,33333333
depay_src,533,11617365977777,,
parser_src,533,11617365977777,,33333333
decoder_sink,533,11617365977777,,33333333
decoder_src,533,11617365977777,,33333333
depay_src,534,11617399311111,,
parser_src,534,11617399311111,,33333333
decoder_sink,534,11617399311111,,33333333
decoder_src,534,11617399311111,,33333333
depay_src,535,11617432655555,,
parser_src,535,11617432655555,,33333333
decoder_sink,535,11617432655555,,33333333
decoder_src,535,11617432655555,,33333333
depay_src,536,11617465977777,,
parser_src,536,11617465977777,,33333333
decoder_sink,536,11617465977777,,33333333
decoder_src,536,11617465977777,,33333333
depay_src,537,11617499311111,,
parser_src,537,11617499311111,,33333333
decoder_sink,537,11617499311111,,33333333
decoder_src,537,11617499311111,,33333333
depay_src,538,11617532655555,,
parser_src,538,11617532655555,,33333333
decoder_sink,538,11617532655555,,33333333
decoder_src,538,11617532655555,,33333333
depay_src,539,11617565977777,,
parser_src,539,11617565977777,,33333333
decoder_sink,539,11617565977777,,33333333
decoder_src,539,11617565977777,,33333333
depay_src,540,11617599311111,,
parser_src,540,11617599311111,,33333333
decoder_sink,540,11617599311111,,33333333
decoder_src,540,11617599311111,,33333333
depay_src,541,11617632655555,,
parser_src,541,11617632655555,,33333333
decoder_sink,541,11617632655555,,33333333
decoder_src,541,11617632655555,,33333333
depay_src,542,11617665977777,,
parser_src,542,11617665977777,,33333333
decoder_sink,542,11617665977777,,33333333
decoder_src,542,11617665977777,,33333333
depay_src,543,11617699311111,,
parser_src,543,11617699311111,,33333333
decoder_sink,543,11617699311111,,33333333
decoder_src,543,11617699311111,,33333333
depay_src,544,11617732655555,,
parser_src,544,11617732655555,,33333333
decoder_sink,544,11617732655555,,33333333
decoder_src,544,11617732655555,,33333333
depay_src,545,11617765977777,,
parser_src,545,11617765977777,,33333333
decoder_sink,545,11617765977777,,33333333
decoder_src,545,11617765977777,,33333333
depay_src,546,11617799311111,,
parser_src,546,11617799311111,,33333333
decoder_sink,546,11617799311111,,33333333
decoder_src,546,11617799311111,,33333333
depay_src,547,11617832655555,,
parser_src,547,11617832655555,,33333333
decoder_sink,547,11617832655555,,33333333
decoder_src,547,11617832655555,,33333333
depay_src,548,11617865977777,,
parser_src,548,11617865977777,,33333333
decoder_sink,548,11617865977777,,33333333
decoder_src,548,11617865977777,,33333333
depay_src,549,11617899311111,,
parser_src,549,11617899311111,,33333333
decoder_sink,549,11617899311111,,33333333
decoder_src,549,11617899311111,,33333333
depay_src,550,11617932655555,,
parser_src,550,11617932655555,,33333333
decoder_sink,550,11617932655555,,33333333
decoder_src,550,11617932655555,,33333333
depay_src,551,11617965977777,,
parser_src,551,11617965977777,,33333333
decoder_sink,551,11617965977777,,33333333
decoder_src,551,11617965977777,,33333333
depay_src,552,11617999311111,,
parser_src,552,11617999311111,,33333333
decoder_sink,552,11617999311111,,33333333
decoder_src,552,11617999311111,,33333333
depay_src,553,11618032655555,,
parser_src,553,11618032655555,,33333333
decoder_sink,553,11618032655555,,33333333
decoder_src,553,11618032655555,,33333333
depay_src,554,11618065977777,,
parser_src,554,11618065977777,,33333333
decoder_sink,554,11618065977777,,33333333
decoder_src,554,11618065977777,,33333333
depay_src,555,11618099311111,,
parser_src,555,11618099311111,,33333333
decoder_sink,555,11618099311111,,33333333
decoder_src,555,11618099311111,,33333333
depay_src,556,11618132655555,,
parser_src,556,11618132655555,,33333333
decoder_sink,556,11618132655555,,33333333
decoder_src,556,11618132655555,,33333333
depay_src,557,11618165977777,,
parser_src,557,11618165977777,,33333333
decoder_sink,557,11618165977777,,33333333
decoder_src,557,11618165977777,,33333333
depay_src,558,11618199311111,,
parser_src,558,11618199311111,,33333333
decoder_sink,558,11618199311111,,33333333
decoder_src,558,11618199311111,,33333333
depay_src,559,11618232655555,,
parser_src,559,11618232655555,,33333333
decoder_sink,559,11618232655555,,33333333
decoder_src,559,11618232655555,,33333333
depay_src,560,11618265977777,,
parser_src,560,11618265977777,,33333333
decoder_sink,560,11618265977777,,33333333
decoder_src,560,11618265977777,,33333333
depay_src,561,11618299311111,,
parser_src,561,11618299311111,,33333333
decoder_sink,561,11618299311111,,33333333
decoder_src,561,11618299311111,,33333333
depay_src,562,11618332655555,,
parser_src,562,11618332655555,,33333333
decoder_sink,562,11618332655555,,33333333
decoder_src,562,11618332655555,,33333333
depay_src,563,11618365977777,,
parser_src,563,11618365977777,,33333333
decoder_sink,563,11618365977777,,33333333
decoder_src,563,11618365977777,,33333333
depay_src,564,11618399311111,,
parser_src,564,11618399311111,,33333333
decoder_sink,564,11618399311111,,33333333
decoder_src,564,11618399311111,,33333333
depay_src,565,11618432655555,,
parser_src,565,11618432655555,,33333333
decoder_sink,565,11618432655555,,33333333
decoder_src,565,11618432655555,,33333333
depay_src,566,11618465977777,,
parser_src,566,11618465977777,,33333333
decoder_sink,566,11618465977777,,33333333
decoder_src,566,11618465977777,,33333333
depay_src,567,11618499311111,,
parser_src,567,11618499311111,,33333333
decoder_sink,567,11618499311111,,33333333
decoder_src,567,11618499311111,,33333333
depay_src,568,11618532655555,,
parser_src,568,11618532655555,,33333333
decoder_sink,568,11618532655555,,33333333
decoder_src,568,11618532655555,,33333333
depay_src,569,11618565977777,,
parser_src,569,11618565977777,,33333333
decoder_sink,569,11618565977777,,33333333
decoder_src,569,11618565977777,,33333333
depay_src,570,11618599311111,,
parser_src,570,11618599311111,,33333333
decoder_sink,570,11618599311111,,33333333
decoder_src,570,11618599311111,,33333333
depay_src,571,11618632655555,,
parser_src,571,11618632655555,,33333333
decoder_sink,571,11618632655555,,33333333
decoder_src,571,11618632655555,,33333333
depay_src,572,11618665977777,,
parser_src,572,11618665977777,,33333333
decoder_sink,572,11618665977777,,33333333
decoder_src,572,11618665977777,,33333333
depay_src,573,11618699311111,,
parser_src,573,11618699311111,,33333333
decoder_sink,573,11618699311111,,33333333
decoder_src,573,11618699311111,,33333333
depay_src,574,11618732655555,,
parser_src,574,11618732655555,,33333333
decoder_sink,574,11618732655555,,33333333
decoder_src,574,11618732655555,,33333333
depay_src,575,11618765977777,,
parser_src,575,11618765977777,,33333333
decoder_sink,575,11618765977777,,33333333
decoder_src,575,11618765977777,,33333333
depay_src,576,11618799311111,,
parser_src,576,11618799311111,,33333333
decoder_sink,576,11618799311111,,33333333
decoder_src,576,11618799311111,,33333333
depay_src,577,11618832655555,,
parser_src,577,11618832655555,,33333333
decoder_sink,577,11618832655555,,33333333
decoder_src,577,11618832655555,,33333333
depay_src,578,11618865977777,,
parser_src,578,11618865977777,,33333333
decoder_sink,578,11618865977777,,33333333
decoder_src,578,11618865977777,,33333333
depay_src,579,11618899311111,,
parser_src,579,11618899311111,,33333333
decoder_sink,579,11618899311111,,33333333
decoder_src,579,11618899311111,,33333333
depay_src,580,11618932655555,,
parser_src,580,11618932655555,,33333333
decoder_sink,580,11618932655555,,33333333
decoder_src,580,11618932655555,,33333333
depay_src,581,11618965977777,,
parser_src,581,11618965977777,,33333333
decoder_sink,581,11618965977777,,33333333
decoder_src,581,11618965977777,,33333333
depay_src,582,11618999311111,,
parser_src,582,11618999311111,,33333333
decoder_sink,582,11618999311111,,33333333
decoder_src,582,11618999311111,,33333333
depay_src,583,11619032655555,,
parser_src,583,11619032655555,,33333333
decoder_sink,583,11619032655555,,33333333
decoder_src,583,11619032655555,,33333333
depay_src,584,11619065977777,,
parser_src,584,11619065977777,,33333333
decoder_sink,584,11619065977777,,33333333
decoder_src,584,11619065977777,,33333333
depay_src,585,11619099311111,,
parser_src,585,11619099311111,,33333333
decoder_sink,585,11619099311111,,33333333
decoder_src,585,11619099311111,,33333333
depay_src,586,11619132655555,,
parser_src,586,11619132655555,,33333333
decoder_sink,586,11619132655555,,33333333
decoder_src,586,11619132655555,,33333333
depay_src,587,11619165977777,,
parser_src,587,11619165977777,,33333333
decoder_sink,587,11619165977777,,33333333
decoder_src,587,11619165977777,,33333333
depay_src,588,11619199311111,,
parser_src,588,11619199311111,,33333333
decoder_sink,588,11619199311111,,33333333
decoder_src,588,11619199311111,,33333333
depay_src,589,11619232655555,,
parser_src,589,11619232655555,,33333333
decoder_sink,589,11619232655555,,33333333
decoder_src,589,11619232655555,,33333333
depay_src,590,11619265977777,,
parser_src,590,11619265977777,,33333333
decoder_sink,590,11619265977777,,33333333
decoder_src,590,11619265977777,,33333333
depay_src,591,11619299311111,,
parser_src,591,11619299311111,,33333333
decoder_sink,591,11619299311111,,33333333
decoder_src,591,11619299311111,,33333333
depay_src,592,11619332655555,,
parser_src,592,11619332655555,,33333333
decoder_sink,592,11619332655555,,33333333
decoder_src,592,11619332655555,,33333333
depay_src,593,11619365977777,,
parser_src,593,11619365977777,,33333333
decoder_sink,593,11619365977777,,33333333
decoder_src,593,11619365977777,,33333333
depay_src,594,11619399311111,,
parser_src,594,11619399311111,,33333333
decoder_sink,594,11619399311111,,33333333
decoder_src,594,11619399311111,,33333333
depay_src,595,11619432655555,,
parser_src,595,11619432655555,,33333333
decoder_sink,595,11619432655555,,33333333
decoder_src,595,11619432655555,,33333333
depay_src,596,11619465977777,,
parser_src,596,11619465977777,,33333333
decoder_sink,596,11619465977777,,33333333
decoder_src,596,11619465977777,,33333333
depay_src,597,11619499311111,,
parser_src,597,11619499311111,,33333333
decoder_sink,597,11619499311111,,33333333
decoder_src,597,11619499311111,,33333333
depay_src,598,11619532655555,,
parser_src,598,11619532655555,,33333333
decoder_sink,598,11619532655555,,33333333
decoder_src,598,11619532655555,,33333333
depay_src,599,11619565977777,,
parser_src,599,11619565977777,,33333333
decoder_sink,599,11619565977777,,33333333
decoder_src,599,11619565977777,,33333333
depay_src,600,11619599311111,,
parser_src,600,11619599311111,,33333333
decoder_sink,600,11619599311111,,33333333
decoder_src,600,11619599311111,,33333333
depay_src,601,11619632655555,,
parser_src,601,11619632655555,,33333333
decoder_sink,601,11619632655555,,33333333
decoder_src,601,11619632655555,,33333333
depay_src,602,11619665977777,,
parser_src,602,11619665977777,,33333333
decoder_sink,602,11619665977777,,33333333
decoder_src,602,11619665977777,,33333333
depay_src,603,11619699311111,,
parser_src,603,11619699311111,,33333333
decoder_sink,603,11619699311111,,33333333
decoder_src,603,11619699311111,,33333333
depay_src,604,11619732655555,,
parser_src,604,11619732655555,,33333333
decoder_sink,604,11619732655555,,33333333
decoder_src,604,11619732655555,,33333333
depay_src,605,11619765977777,,
parser_src,605,11619765977777,,33333333
decoder_sink,605,11619765977777,,33333333
decoder_src,605,11619765977777,,33333333
depay_src,606,11619799311111,,
parser_src,606,11619799311111,,33333333
decoder_sink,606,11619799311111,,33333333
decoder_src,606,11619799311111,,33333333
depay_src,607,11619832655555,,
parser_src,607,11619832655555,,33333333
decoder_sink,607,11619832655555,,33333333
decoder_src,607,11619832655555,,33333333
depay_src,608,11619865977777,,
parser_src,608,11619865977777,,33333333
decoder_sink,608,11619865977777,,33333333
decoder_src,608,11619865977777,,33333333
depay_src,609,11619899311111,,
parser_src,609,11619899311111,,33333333
decoder_sink,609,11619899311111,,33333333
decoder_src,609,11619899311111,,33333333
depay_src,610,11619932655555,,
parser_src,610,11619932655555,,33333333
decoder_sink,610,11619932655555,,33333333
decoder_src,610,11619932655555,,33333333
depay_src,611,11619965977777,,
parser_src,611,11619965977777,,33333333
decoder_sink,611,11619965977777,,33333333
decoder_src,611,11619965977777,,33333333
depay_src,612,11619999311111,,
parser_src,612,11619999311111,,33333333
decoder_sink,612,11619999311111,,33333333
decoder_src,612,11619999311111,,33333333
depay_src,613,11620032655555,,
parser_src,613,11620032655555,,33333333
decoder_sink,613,11620032655555,,33333333
decoder_src,613,11620032655555,,33333333
depay_src,614,11620065977777,,
parser_src,614,11620065977777,,33333333
decoder_sink,614,11620065977777,,33333333
decoder_src,614,11620065977777,,33333333
depay_src,615,11620099311111,,
parser_src,615,11620099311111,,33333333
decoder_sink,615,11620099311111,,33333333
decoder_src,615,11620099311111,,33333333
depay_src,616,11620132655555,,
parser_src,616,11620132655555,,33333333
decoder_sink,616,11620132655555,,33333333
decoder_src,616,11620132655555,,33333333
depay_src,617,11620165977777,,
parser_src,617,11620165977777,,33333333
decoder_sink,617,11620165977777,,33333333
decoder_src,617,11620165977777,,33333333
depay_src,618,11620199311111,,
parser_src,618,11620199311111,,33333333
decoder_sink,618,11620199311111,,33333333
decoder_src,618,11620199311111,,33333333
depay_src,619,11620232655555,,
parser_src,619,11620232655555,,33333333
decoder_sink,619,11620232655555,,33333333
decoder_src,619,11620232655555,,33333333
depay_src,620,11620265977777,,
parser_src,620,11620265977777,,33333333
decoder_sink,620,11620265977777,,33333333
decoder_src,620,11620265977777,,33333333
depay_src,621,11620299311111,,
parser_src,621,11620299311111,,33333333
decoder_sink,621,11620299311111,,33333333
decoder_src,621,11620299311111,,33333333
depay_src,622,11620332655555,,
parser_src,622,11620332655555,,33333333
decoder_sink,622,11620332655555,,33333333
decoder_src,622,11620332655555,,33333333
depay_src,623,11620365977777,,
parser_src,623,11620365977777,,33333333
decoder_sink,623,11620365977777,,33333333
decoder_src,623,11620365977777,,33333333
depay_src,624,11620399311111,,
parser_src,624,11620399311111,,33333333
decoder_sink,624,11620399311111,,33333333
decoder_src,624,11620399311111,,33333333
depay_src,625,11620432655555,,
parser_src,625,11620432655555,,33333333
decoder_sink,625,11620432655555,,33333333
decoder_src,625,11620432655555,,33333333
depay_src,626,11620465977777,,
parser_src,626,11620465977777,,33333333
decoder_sink,626,11620465977777,,33333333
decoder_src,626,11620465977777,,33333333
depay_src,627,11620499311111,,
parser_src,627,11620499311111,,33333333
decoder_sink,627,11620499311111,,33333333
decoder_src,627,11620499311111,,33333333
depay_src,628,11620532655555,,
parser_src,628,11620532655555,,33333333
decoder_sink,628,11620532655555,,33333333
decoder_src,628,11620532655555,,33333333
depay_src,629,11620565977777,,
parser_src,629,11620565977777,,33333333
decoder_sink,629,11620565977777,,33333333
decoder_src,629,11620565977777,,33333333
depay_src,630,11620599311111,,
parser_src,630,11620599311111,,33333333
decoder_sink,630,11620599311111,,33333333
decoder_src,630,11620599311111,,33333333
depay_src,631,11620632655555,,
parser_src,631,11620632655555,,33333333
decoder_sink,631,11620632655555,,33333333
decoder_src,631,11620632655555,,33333333
depay_src,632,11620665977777,,
parser_src,632,11620665977777,,33333333
decoder_sink,632,11620665977777,,33333333
decoder_src,632,11620665977777,,33333333
depay_src,633,11620699311111,,
parser_src,633,11620699311111,,33333333
decoder_sink,633,11620699311111,,33333333
decoder_src,633,11620699311111,,33333333
depay_src,634,11620732655555,,
parser_src,634,11620732655555,,33333333
decoder_sink,634,11620732655555,,33333333
decoder_src,634,11620732655555,,33333333
depay_src,635,11620765977777,,
parser_src,635,11620765977777,,33333333
decoder_sink,635,11620765977777,,33333333
decoder_src,635,11620765977777,,33333333
depay_src,636,11620799311111,,
parser_src,636,11620799311111,,33333333
decoder_sink,636,11620799311111,,33333333
decoder_src,636,11620799311111,,33333333
depay_src,637,11620832655555,,
parser_src,637,11620832655555,,33333333
decoder_sink,637,11620832655555,,33333333
decoder_src,637,11620832655555,,33333333
depay_src,638,11620865977777,,
parser_src,638,11620865977777,,33333333
decoder_sink,638,11620865977777,,33333333
decoder_src,638,11620865977777,,33333333
depay_src,639,11620899311111,,
parser_src,639,11620899311111,,33333333
decoder_sink,639,11620899311111,,33333333
decoder_src,639,11620899311111,,33333333
depay_src,640,11620932655555,,
parser_src,640,11620932655555,,33333333
decoder_sink,640,11620932655555,,33333333
decoder_src,640,11620932655555,,33333333
depay_src,641,11620965977777,,
parser_src,641,11620965977777,,33333333
decoder_sink,641,11620965977777,,33333333
decoder_src,641,11620965977777,,33333333
depay_src,642,11620999311111,,
parser_src,642,11620999311111,,33333333
decoder_sink,642,11620999311111,,33333333
decoder_src,642,11620999311111,,33333333
depay_src,643,11621032655555,,
parser_src,643,11621032655555,,33333333
decoder_sink,643,11621032655555,,33333333
decoder_src,643,11621032655555,,33333333
depay_src,644,11621065977777,,
parser_src,644,11621065977777,,33333333
decoder_sink,644,11621065977777,,33333333
decoder_src,644,11621065977777,,33333333
depay_src,645,11621099311111,,
parser_src,645,11621099311111,,33333333
decoder_sink,645,11621099311111,,33333333
decoder_src,645,11621099311111,,33333333
depay_src,646,11621132655555,,
parser_src,646,11621132655555,,33333333
decoder_sink,646,11621132655555,,33333333
decoder_src,646,11621132655555,,33333333
depay_src,647,11621165977777,,
parser_src,647,11621165977777,,33333333
decoder_sink,647,11621165977777,,33333333
decoder_src,647,11621165977777,,33333333
depay_src,648,11621199311111,,
parser_src,648,11621199311111,,33333333
decoder_sink,648,11621199311111,,33333333
decoder_src,648,11621199311111,,33333333
depay_src,649,11621232655555,,
parser_src,649,11621232655555,,33333333
decoder_sink,649,11621232655555,,33333333
decoder_src,649,11621232655555,,33333333
depay_src,650,11621265977777,,
parser_src,650,11621265977777,,33333333
decoder_sink,650,11621265977777,,33333333
decoder_src,650,11621265977777,,33333333
depay_src,651,11621299311111,,
parser_src,651,11621299311111,,33333333
decoder_sink,651,11621299311111,,33333333
decoder_src,651,11621299311111,,33333333
depay_src,652,11621332655555,,
parser_src,652,11621332655555,,33333333
decoder_sink,652,11621332655555,,33333333
decoder_src,652,11621332655555,,33333333
depay_src,653,11621365977777,,
parser_src,653,11621365977777,,33333333
decoder_sink,653,11621365977777,,33333333
decoder_src,653,11621365977777,,33333333
depay_src,654,11621399311111,,
parser_src,654,11621399311111,,33333333
decoder_sink,654,11621399311111,,33333333
decoder_src,654,11621399311111,,33333333
depay_src,655,11621432655555,,
parser_src,655,11621432655555,,33333333
decoder_sink,655,11621432655555,,33333333
decoder_src,655,11621432655555,,33333333
depay_src,656,11621465977777,,
parser_src,656,11621465977777,,33333333
decoder_sink,656,11621465977777,,33333333
decoder_src,656,11621465977777,,33333333
depay_src,657,11621499311111,,
parser_src,657,11621499311111,,33333333
decoder_sink,657,11621499311111,,33333333
decoder_src,657,11621499311111,,33333333
depay_src,658,11621532655555,,
parser_src,658,11621532655555,,33333333
decoder_sink,658,11621532655555,,33333333
decoder_src,658,11621532655555,,33333333
depay_src,659,11621565977777,,
parser_src,659,11621565977777,,33333333
decoder_sink,659,11621565977777,,33333333
decoder_src,659,11621565977777,,33333333
depay_src,660,11621599311111,,
parser_src,660,11621599311111,,33333333
decoder_sink,660,11621599311111,,33333333
decoder_src,660,11621599311111,,33333333
depay_src,661,11621632655555,,
parser_src,661,11621632655555,,33333333
decoder_sink,661,11621632655555,,33333333
decoder_src,661,11621632655555,,33333333
depay_src,662,11621665977777,,
parser_src,662,11621665977777,,33333333
decoder_sink,662,11621665977777,,33333333
decoder_src,662,11621665977777,,33333333
depay_src,663,11621699311111,,
parser_src,663,11621699311111,,33333333
decoder_sink,663,11621699311111,,33333333
decoder_src,663,11621699311111,,33333333
depay_src,664,11621732655555,,
parser_src,664,11621732655555,,33333333
decoder_sink,664,11621732655555,,33333333
decoder_src,664,11621732655555,,33333333
depay_src,665,11621765977777,,
parser_src,665,11621765977777,,33333333
decoder_sink,665,11621765977777,,33333333
decoder_src,665,11621765977777,,33333333
depay_src,666,11621799311111,,
parser_src,666,11621799311111,,33333333
decoder_sink,666,11621799311111,,33333333
decoder_src,666,11621799311111,,33333333
depay_src,667,11621832655555,,
parser_src,667,11621832655555,,33333333
decoder_sink,667,11621832655555,,33333333
decoder_src,667,11621832655555,,33333333
depay_src,668,11621865977777,,
parser_src,668,11621865977777,,33333333
decoder_sink,668,11621865977777,,33333333
decoder_src,668,11621865977777,,33333333
depay_src,669,11621899311111,,
parser_src,669,11621899311111,,33333333
decoder_sink,669,11621899311111,,33333333
decoder_src,669,11621899311111,,33333333
depay_src,670,11621932655555,,
parser_src,670,11621932655555,,33333333
decoder_sink,670,11621932655555,,33333333
decoder_src,670,11621932655555,,33333333
depay_src,671,11621965977777,,
parser_src,671,11621965977777,,33333333
decoder_sink,671,11621965977777,,33333333
decoder_src,671,11621965977777,,33333333
depay_src,672,11621999311111,,
parser_src,672,11621999311111,,33333333
decoder_sink,672,11621999311111,,33333333
decoder_src,672,11621999311111,,33333333
depay_src,673,11622032655555,,
parser_src,673,11622032655555,,33333333
decoder_sink,673,11622032655555,,33333333
decoder_src,673,11622032655555,,33333333
depay_src,674,11622065977777,,
parser_src,674,11622065977777,,33333333
decoder_sink,674,11622065977777,,33333333
decoder_src,674,11622065977777,,33333333
depay_src,675,11622099311111,,
parser_src,675,11622099311111,,33333333
decoder_sink,675,11622099311111,,33333333
decoder_src,675,11622099311111,,33333333
depay_src,676,11622132655555,,
parser_src,676,11622132655555,,33333333
decoder_sink,676,11622132655555,,33333333
decoder_src,676,11622132655555,,33333333
depay_src,677,11622165977777,,
parser_src,677,11622165977777,,33333333
decoder_sink,677,11622165977777,,33333333
decoder_src,677,11622165977777,,33333333
depay_src,678,11622199311111,,
parser_src,678,11622199311111,,33333333
decoder_sink,678,11622199311111,,33333333
decoder_src,678,11622199311111,,33333333
depay_src,679,11622232655555,,
parser_src,679,11622232655555,,33333333
decoder_sink,679,11622232655555,,33333333
decoder_src,679,11622232655555,,33333333
depay_src,680,11622265977777,,
parser_src,680,11622265977777,,33333333
decoder_sink,680,11622265977777,,33333333
decoder_src,680,11622265977777,,33333333
depay_src,681,11622299311111,,
parser_src,681,11622299311111,,33333333
decoder_sink,681,11622299311111,,33333333
decoder_src,681,11622299311111,,33333333
depay_src,682,11622332655555,,
parser_src,682,11622332655555,,33333333
decoder_sink,682,11622332655555,,33333333
decoder_src,682,11622332655555,,33333333
depay_src,683,11622365977777,,
parser_src,683,11622365977777,,33333333
decoder_sink,683,11622365977777,,33333333
decoder_src,683,11622365977777,,33333333
depay_src,684,11622399311111,,
parser_src,684,11622399311111,,33333333
decoder_sink,684,11622399311111,,33333333
decoder_src,684,11622399311111,,33333333
depay_src,685,11622432655555,,
parser_src,685,11622432655555,,33333333
decoder_sink,685,11622432655555,,33333333
decoder_src,685,11622432655555,,33333333
depay_src,686,11622465977777,,
parser_src,686,11622465977777,,33333333
decoder_sink,686,11622465977777,,33333333
decoder_src,686,11622465977777,,33333333
depay_src,687,11622499311111,,
parser_src,687,11622499311111,,33333333
decoder_sink,687,11622499311111,,33333333
decoder_src,687,11622499311111,,33333333
depay_src,688,11622532655555,,
parser_src,688,11622532655555,,33333333
decoder_sink,688,11622532655555,,33333333
decoder_src,688,11622532655555,,33333333
depay_src,689,11622565977777,,
parser_src,689,11622565977777,,33333333
decoder_sink,689,11622565977777,,33333333
decoder_src,689,11622565977777,,33333333
depay_src,690,11622599311111,,
parser_src,690,11622599311111,,33333333
decoder_sink,690,11622599311111,,33333333
decoder_src,690,11622599311111,,33333333
depay_src,691,11622632655555,,
parser_src,691,11622632655555,,33333333
decoder_sink,691,11622632655555,,33333333
decoder_src,691,11622632655555,,33333333
depay_src,692,11622665977777,,
parser_src,692,11622665977777,,33333333
decoder_sink,692,11622665977777,,33333333
decoder_src,692,11622665977777,,33333333
depay_src,693,11622699311111,,
parser_src,693,11622699311111,,33333333
decoder_sink,693,11622699311111,,33333333
decoder_src,693,11622699311111,,33333333
depay_src,694,11622732655555,,
parser_src,694,11622732655555,,33333333
decoder_sink,694,11622732655555,,33333333
decoder_src,694,11622732655555,,33333333
depay_src,695,11622765977777,,
parser_src,695,11622765977777,,33333333
decoder_sink,695,11622765977777,,33333333
decoder_src,695,11622765977777,,33333333
depay_src,696,11622799311111,,
parser_src,696,11622799311111,,33333333
decoder_sink,696,11622799311111,,33333333
decoder_src,696,11622799311111,,33333333
depay_src,697,11622832655555,,
parser_src,697,11622832655555,,33333333
decoder_sink,697,11622832655555,,33333333
decoder_src,697,11622832655555,,33333333
depay_src,698,11622865977777,,
parser_src,698,11622865977777,,33333333
decoder_sink,698,11622865977777,,33333333
decoder_src,698,11622865977777,,33333333
depay_src,699,11622899311111,,
parser_src,699,11622899311111,,33333333
decoder_sink,699,11622899311111,,33333333
decoder_src,699,11622899311111,,33333333
depay_src,700,11622932655555,,
parser_src,700,11622932655555,,33333333
decoder_sink,700,11622932655555,,33333333
decoder_src,700,11622932655555,,33333333
depay_src,701,11622965977777,,
parser_src,701,11622965977777,,33333333
decoder_sink,701,11622965977777,,33333333
decoder_src,701,11622965977777,,33333333
depay_src,702,11622999311111,,
parser_src,702,11622999311111,,33333333
decoder_sink,702,11622999311111,,33333333
decoder_src,702,11622999311111,,33333333
depay_src,703,11623032655555,,
parser_src,703,11623032655555,,33333333
decoder_sink,703,11623032655555,,33333333
decoder_src,703,11623032655555,,33333333
depay_src,704,11623065977777,,
parser_src,704,11623065977777,,33333333
decoder_sink,704,11623065977777,,33333333
decoder_src,704,11623065977777,,33333333
depay_src,705,11623099311111,,
parser_src,705,11623099311111,,33333333
decoder_sink,705,11623099311111,,33333333
decoder_src,705,11623099311111,,33333333
depay_src,706,11623132655555,,
parser_src,706,11623132655555,,33333333
decoder_sink,706,11623132655555,,33333333
decoder_src,706,11623132655555,,33333333
depay_src,707,11623165977777,,
parser_src,707,11623165977777,,33333333
decoder_sink,707,11623165977777,,33333333
decoder_src,707,11623165977777,,33333333
depay_src,708,11623199311111,,
parser_src,708,11623199311111,,33333333
decoder_sink,708,11623199311111,,33333333
decoder_src,708,11623199311111,,33333333
depay_src,709,11623232655555,,
parser_src,709,11623232655555,,33333333
decoder_sink,709,11623232655555,,33333333
decoder_src,709,11623232655555,,33333333
depay_src,710,11623265977777,,
parser_src,710,11623265977777,,33333333
decoder_sink,710,11623265977777,,33333333
decoder_src,710,11623265977777,,33333333
depay_src,711,11623299311111,,
parser_src,711,11623299311111,,33333333
decoder_sink,711,11623299311111,,33333333
decoder_src,711,11623299311111,,33333333
depay_src,712,11623332655555,,
parser_src,712,11623332655555,,33333333
decoder_sink,712,11623332655555,,33333333
decoder_src,712,11623332655555,,33333333
depay_src,713,11623365977777,,
parser_src,713,11623365977777,,33333333
decoder_sink,713,11623365977777,,33333333
decoder_src,713,11623365977777,,33333333
depay_src,714,11623399311111,,
parser_src,714,11623399311111,,33333333
decoder_sink,714,11623399311111,,33333333
decoder_src,714,11623399311111,,33333333
depay_src,715,11623432655555,,
parser_src,715,11623432655555,,33333333
decoder_sink,715,11623432655555,,33333333
decoder_src,715,11623432655555,,33333333
depay_src,716,11623465977777,,
parser_src,716,11623465977777,,33333333
decoder_sink,716,11623465977777,,33333333
decoder_src,716,11623465977777,,33333333
depay_src,717,11623499311111,,
parser_src,717,11623499311111,,33333333
decoder_sink,717,11623499311111,,33333333
decoder_src,717,11623499311111,,33333333
depay_src,718,11623532655555,,
parser_src,718,11623532655555,,33333333
decoder_sink,718,11623532655555,,33333333
decoder_src,718,11623532655555,,33333333
depay_src,719,11623565977777,,
parser_src,719,11623565977777,,33333333
decoder_sink,719,11623565977777,,33333333
decoder_src,719,11623565977777,,33333333
depay_src,720,11623599311111,,
parser_src,720,11623599311111,,33333333
decoder_sink,720,11623599311111,,33333333
decoder_src,720,11623599311111,,33333333
depay_src,721,11623632655555,,
parser_src,721,11623632655555,,33333333
decoder_sink,721,11623632655555,,33333333
decoder_src,721,11623632655555,,33333333
depay_src,722,11623665977777,,
parser_src,722,11623665977777,,33333333
decoder_sink,722,11623665977777,,33333333
decoder_src,722,11623665977777,,33333333
depay_src,723,11623699311111,,
parser_src,723,11623699311111,,33333333
decoder_sink,723,11623699311111,,33333333
decoder_src,723,11623699311111,,33333333
depay_src,724,11623732655555,,
parser_src,724,11623732655555,,33333333
decoder_sink,724,11623732655555,,33333333
decoder_src,724,11623732655555,,33333333
depay_src,725,11623765977777,,
parser_src,725,11623765977777,,33333333
decoder_sink,725,11623765977777,,33333333
decoder_src,725,11623765977777,,33333333
depay_src,726,11623799311111,,
parser_src,726,11623799311111,,33333333
decoder_sink,726,11623799311111,,33333333
decoder_src,726,11623799311111,,33333333
depay_src,727,11623832655555,,
parser_src,727,11623832655555,,33333333
decoder_sink,727,11623832655555,,33333333
decoder_src,727,11623832655555,,33333333
depay_src,728,11623865977777,,
parser_src,728,11623865977777,,33333333
decoder_sink,728,11623865977777,,33333333
decoder_src,728,11623865977777,,33333333
depay_src,729,11623899311111,,
parser_src,729,11623899311111,,33333333
decoder_sink,729,11623899311111,,33333333
decoder_src,729,11623899311111,,33333333
depay_src,730,11623932655555,,
parser_src,730,11623932655555,,33333333
decoder_sink,730,11623932655555,,33333333
decoder_src,730,11623932655555,,33333333
depay_src,731,11623965977777,,
parser_src,731,11623965977777,,33333333
decoder_sink,731,11623965977777,,33333333
decoder_src,731,11623965977777,,33333333
depay_src,732,11623999311111,,
parser_src,732,11623999311111,,33333333
decoder_sink,732,11623999311111,,33333333
decoder_src,732,11623999311111,,33333333
depay_src,733,11624032655555,,
parser_src,733,11624032655555,,33333333
decoder_sink,733,11624032655555,,33333333
decoder_src,733,11624032655555,,33333333
depay_src,734,11624065977777,,
parser_src,734,11624065977777,,33333333
decoder_sink,734,11624065977777,,33333333
decoder_src,734,11624065977777,,33333333
depay_src,735,11624099311111,,
parser_src,735,11624099311111,,33333333
decoder_sink,735,11624099311111,,33333333
decoder_src,735,11624099311111,,33333333
depay_src,736,11624132655555,,
parser_src,736,11624132655555,,33333333
decoder_sink,736,11624132655555,,33333333
decoder_src,736,11624132655555,,33333333
depay_src,737,11624165977777,,
parser_src,737,11624165977777,,33333333
decoder_sink,737,11624165977777,,33333333
decoder_src,737,11624165977777,,33333333
depay_src,738,11624199311111,,
parser_src,738,11624199311111,,33333333
decoder_sink,738,11624199311111,,33333333
decoder_src,738,11624199311111,,33333333
depay_src,739,11624232655555,,
parser_src,739,11624232655555,,33333333
decoder_sink,739,11624232655555,,33333333
decoder_src,739,11624232655555,,33333333
depay_src,740,11624265977777,,
parser_src,740,11624265977777,,33333333
decoder_sink,740,11624265977777,,33333333
decoder_src,740,11624265977777,,33333333
depay_src,741,11624299311111,,
parser_src,741,11624299311111,,33333333
decoder_sink,741,11624299311111,,33333333
decoder_src,741,11624299311111,,33333333
depay_src,742,11624332655555,,
parser_src,742,11624332655555,,33333333
decoder_sink,742,11624332655555,,33333333
decoder_src,742,11624332655555,,33333333
depay_src,743,11624365977777,,
parser_src,743,11624365977777,,33333333
decoder_sink,743,11624365977777,,33333333
decoder_src,743,11624365977777,,33333333
depay_src,744,11624399311111,,
parser_src,744,11624399311111,,33333333
decoder_sink,744,11624399311111,,33333333
decoder_src,744,11624399311111,,33333333
depay_src,745,11624432655555,,
parser_src,745,11624432655555,,33333333
decoder_sink,745,11624432655555,,33333333
decoder_src,745,11624432655555,,33333333
depay_src,746,11624465977777,,
parser_src,746,11624465977777,,33333333
decoder_sink,746,11624465977777,,33333333
decoder_src,746,11624465977777,,33333333
depay_src,747,11624499311111,,
parser_src,747,11624499311111,,33333333
decoder_sink,747,11624499311111,,33333333
decoder_src,747,11624499311111,,33333333
depay_src,748,11624532655555,,
parser_src,748,11624532655555,,33333333
decoder_sink,748,11624532655555,,33333333
decoder_src,748,11624532655555,,33333333
depay_src,749,11624565977777,,
parser_src,749,11624565977777,,33333333
decoder_sink,749,11624565977777,,33333333
decoder_src,749,11624565977777,,33333333
depay_src,750,11624599311111,,
parser_src,750,11624599311111,,33333333
decoder_sink,750,11624599311111,,33333333
decoder_src,750,11624599311111,,33333333
depay_src,751,11624632655555,,
parser_src,751,11624632655555,,33333333
decoder_sink,751,11624632655555,,33333333
decoder_src,751,11624632655555,,33333333
depay_src,752,11624665977777,,
parser_src,752,11624665977777,,33333333
decoder_sink,752,11624665977777,,33333333
decoder_src,752,11624665977777,,33333333
depay_src,753,11624699311111,,
parser_src,753,11624699311111,,33333333
decoder_sink,753,11624699311111,,33333333
decoder_src,753,11624699311111,,33333333
depay_src,754,11624732655555,,
parser_src,754,11624732655555,,33333333
decoder_sink,754,11624732655555,,33333333
decoder_src,754,11624732655555,,33333333
depay_src,755,11624765977777,,
parser_src,755,11624765977777,,33333333
decoder_sink,755,11624765977777,,33333333
decoder_src,755,11624765977777,,33333333
depay_src,756,11624799311111,,
parser_src,756,11624799311111,,33333333
decoder_sink,756,11624799311111,,33333333
decoder_src,756,11624799311111,,33333333
depay_src,757,11624832655555,,
parser_src,757,11624832655555,,33333333
decoder_sink,757,11624832655555,,33333333
decoder_src,757,11624832655555,,33333333
depay_src,758,11624865977777,,
parser_src,758,11624865977777,,33333333
decoder_sink,758,11624865977777,,33333333
decoder_src,758,11624865977777,,33333333
depay_src,759,11624899311111,,
parser_src,759,11624899311111,,33333333
decoder_sink,759,11624899311111,,33333333
decoder_src,759,11624899311111,,33333333
depay_src,760,11624932655555,,
parser_src,760,11624932655555,,33333333
decoder_sink,760,11624932655555,,33333333
decoder_src,760,11624932655555,,33333333
depay_src,761,11624965977777,,
parser_src,761,11624965977777,,33333333
decoder_sink,761,11624965977777,,33333333
decoder_src,761,11624965977777,,33333333
depay_src,762,11624999311111,,
parser_src,762,11624999311111,,33333333
decoder_sink,762,11624999311111,,33333333
decoder_src,762,11624999311111,,33333333
depay_src,763,11625032655555,,
parser_src,763,11625032655555,,33333333
decoder_sink,763,11625032655555,,33333333
decoder_src,763,11625032655555,,33333333
depay_src,764,11625065977777,,
parser_src,764,11625065977777,,33333333
decoder_sink,764,11625065977777,,33333333
decoder_src,764,11625065977777,,33333333
depay_src,765,11625099311111,,
parser_src,765,11625099311111,,33333333
decoder_sink,765,11625099311111,,33333333
decoder_src,765,11625099311111,,33333333
depay_src,766,11625132655555,,
parser_src,766,11625132655555,,33333333
decoder_sink,766,11625132655555,,33333333
decoder_src,766,11625132655555,,33333333
depay_src,767,11625165977777,,
parser_src,767,11625165977777,,33333333
decoder_sink,767,11625165977777,,33333333
decoder_src,767,11625165977777,,33333333
depay_src,768,11625199311111,,
parser_src,768,11625199311111,,33333333
decoder_sink,768,11625199311111,,33333333
decoder_src,768,11625199311111,,33333333
depay_src,769,11625232655555,,
parser_src,769,11625232655555,,33333333
decoder_sink,769,11625232655555,,33333333
decoder_src,769,11625232655555,,33333333
depay_src,770,11625265977777,,
parser_src,770,11625265977777,,33333333
decoder_sink,770,11625265977777,,33333333
decoder_src,770,11625265977777,,33333333
depay_src,771,11625299311111,,
parser_src,771,11625299311111,,33333333
decoder_sink,771,11625299311111,,33333333
decoder_src,771,11625299311111,,33333333
depay_src,772,11625332655555,,
parser_src,772,11625332655555,,33333333
decoder_sink,772,11625332655555,,33333333
decoder_src,772,11625332655555,,33333333
depay_src,773,11625365977777,,
parser_src,773,11625365977777,,33333333
decoder_sink,773,11625365977777,,33333333
decoder_src,773,11625365977777,,33333333
depay_src,774,11625399311111,,
parser_src,774,11625399311111,,33333333
decoder_sink,774,11625399311111,,33333333
decoder_src,774,11625399311111,,33333333
depay_src,775,11625432655555,,
parser_src,775,11625432655555,,33333333
decoder_sink,775,11625432655555,,33333333
decoder_src,775,11625432655555,,33333333
depay_src,776,11625465977777,,
parser_src,776,11625465977777,,33333333
decoder_sink,776,11625465977777,,33333333
decoder_src,776,11625465977777,,33333333
depay_src,777,11625499311111,,
parser_src,777,11625499311111,,33333333
decoder_sink,777,11625499311111,,33333333
decoder_src,777,11625499311111,,33333333
depay_src,778,11625532655555,,
parser_src,778,11625532655555,,33333333
decoder_sink,778,11625532655555,,33333333
decoder_src,778,11625532655555,,33333333
depay_src,779,11625565977777,,
parser_src,779,11625565977777,,33333333
decoder_sink,779,11625565977777,,33333333
decoder_src,779,11625565977777,,33333333
depay_src,780,11625599311111,,
parser_src,780,11625599311111,,33333333
decoder_sink,780,11625599311111,,33333333
decoder_src,780,11625599311111,,33333333
depay_src,781,11625632655555,,
parser_src,781,11625632655555,,33333333
decoder_sink,781,11625632655555,,33333333
decoder_src,781,11625632655555,,33333333
depay_src,782,11625665977777,,
parser_src,782,11625665977777,,33333333
decoder_sink,782,11625665977777,,33333333
decoder_src,782,11625665977777,,33333333
depay_src,783,11625699311111,,
parser_src,783,11625699311111,,33333333
decoder_sink,783,11625699311111,,33333333
decoder_src,783,11625699311111,,33333333
depay_src,784,11625732655555,,
parser_src,784,11625732655555,,33333333
decoder_sink,784,11625732655555,,33333333
decoder_src,784,11625732655555,,33333333
depay_src,785,11625765977777,,
parser_src,785,11625765977777,,33333333
decoder_sink,785,11625765977777,,33333333
decoder_src,785,11625765977777,,33333333
depay_src,786,11625799311111,,
parser_src,786,11625799311111,,33333333
decoder_sink,786,11625799311111,,33333333
decoder_src,786,11625799311111,,33333333
depay_src,787,11625832655555,,
parser_src,787,11625832655555,,33333333
decoder_sink,787,11625832655555,,33333333
decoder_src,787,11625832655555,,33333333
depay_src,788,11625865977777,,
parser_src,788,11625865977777,,33333333
decoder_sink,788,11625865977777,,33333333
decoder_src,788,11625865977777,,33333333
depay_src,789,11625899311111,,
parser_src,789,11625899311111,,33333333
decoder_sink,789,11625899311111,,33333333
decoder_src,789,11625899311111,,33333333
depay_src,790,11625932655555,,
parser_src,790,11625932655555,,33333333
decoder_sink,790,11625932655555,,33333333
decoder_src,790,11625932655555,,33333333
depay_src,791,11625965977777,,
parser_src,791,11625965977777,,33333333
decoder_sink,791,11625965977777,,33333333
decoder_src,791,11625965977777,,33333333
depay_src,792,11625999311111,,
parser_src,792,11625999311111,,33333333
decoder_sink,792,11625999311111,,33333333
decoder_src,792,11625999311111,,33333333
depay_src,793,11626032655555,,
parser_src,793,11626032655555,,33333333
decoder_sink,793,11626032655555,,33333333
decoder_src,793,11626032655555,,33333333
depay_src,794,11626065977777,,
parser_src,794,11626065977777,,33333333
decoder_sink,794,11626065977777,,33333333
decoder_src,794,11626065977777,,33333333
depay_src,795,11626099311111,,
parser_src,795,11626099311111,,33333333
decoder_sink,795,11626099311111,,33333333
decoder_src,795,11626099311111,,33333333
depay_src,796,11626132655555,,
parser_src,796,11626132655555,,33333333
decoder_sink,796,11626132655555,,33333333
decoder_src,796,11626132655555,,33333333
depay_src,797,11626165977777,,
parser_src,797,11626165977777,,33333333
decoder_sink,797,11626165977777,,33333333
decoder_src,797,11626165977777,,33333333
depay_src,798,11626199311111,,
parser_src,798,11626199311111,,33333333
decoder_sink,798,11626199311111,,33333333
decoder_src,798,11626199311111,,33333333
depay_src,799,11626232655555,,
parser_src,799,11626232655555,,33333333
decoder_sink,799,11626232655555,,33333333
decoder_src,799,11626232655555,,33333333
depay_src,800,11626265977777,,
parser_src,800,11626265977777,,33333333
decoder_sink,800,11626265977777,,33333333
decoder_src,800,11626265977777,,33333333
depay_src,801,11626299311111,,
parser_src,801,11626299311111,,33333333
decoder_sink,801,11626299311111,,33333333
decoder_src,801,11626299311111,,33333333
depay_src,802,11626332655555,,
parser_src,802,11626332655555,,33333333
decoder_sink,802,11626332655555,,33333333
decoder_src,802,11626332655555,,33333333
depay_src,803,11626365977777,,
parser_src,803,11626365977777,,33333333
decoder_sink,803,11626365977777,,33333333
decoder_src,803,11626365977777,,33333333
depay_src,804,11626399311111,,
parser_src,804,11626399311111,,33333333
decoder_sink,804,11626399311111,,33333333
decoder_src,804,11626399311111,,33333333
depay_src,805,11626432655555,,
parser_src,805,11626432655555,,33333333
decoder_sink,805,11626432655555,,33333333
decoder_src,805,11626432655555,,33333333
depay_src,806,11626465977777,,
parser_src,806,11626465977777,,33333333
decoder_sink,806,11626465977777,,33333333
decoder_src,806,11626465977777,,33333333
depay_src,807,11626499311111,,
parser_src,807,11626499311111,,33333333
decoder_sink,807,11626499311111,,33333333
decoder_src,807,11626499311111,,33333333
depay_src,808,11626532655555,,
parser_src,808,11626532655555,,33333333
decoder_sink,808,11626532655555,,33333333
decoder_src,808,11626532655555,,33333333
depay_src,809,11626565977777,,
parser_src,809,11626565977777,,33333333
decoder_sink,809,11626565977777,,33333333
decoder_src,809,11626565977777,,33333333
depay_src,810,11626599311111,,
parser_src,810,11626599311111,,33333333
decoder_sink,810,11626599311111,,33333333
decoder_src,810,11626599311111,,33333333
depay_src,811,11626632655555,,
parser_src,811,11626632655555,,33333333
decoder_sink,811,11626632655555,,33333333
decoder_src,811,11626632655555,,33333333
depay_src,812,11626665977777,,
parser_src,812,11626665977777,,33333333
decoder_sink,812,11626665977777,,33333333
decoder_src,812,11626665977777,,33333333
depay_src,813,11626699311111,,
parser_src,813,11626699311111,,33333333
decoder_sink,813,11626699311111,,33333333
decoder_src,813,11626699311111,,33333333
depay_src,814,11626732655555,,
parser_src,814,11626732655555,,33333333
decoder_sink,814,11626732655555,,33333333
decoder_src,814,11626732655555,,33333333
depay_src,815,11626765977777,,
parser_src,815,11626765977777,,33333333
decoder_sink,815,11626765977777,,33333333
decoder_src,815,11626765977777,,33333333
depay_src,816,11626799311111,,
parser_src,816,11626799311111,,33333333
decoder_sink,816,11626799311111,,33333333
decoder_src,816,11626799311111,,33333333
depay_src,817,11626832655555,,
parser_src,817,11626832655555,,33333333
decoder_sink,817,11626832655555,,33333333
decoder_src,817,11626832655555,,33333333
depay_src,818,11626865977777,,
parser_src,818,11626865977777,,33333333
decoder_sink,818,11626865977777,,33333333
decoder_src,818,11626865977777,,33333333
depay_src,819,11626899311111,,
parser_src,819,11626899311111,,33333333
decoder_sink,819,11626899311111,,33333333
decoder_src,819,11626899311111,,33333333
depay_src,820,11626932655555,,
parser_src,820,11626932655555,,33333333
decoder_sink,820,11626932655555,,33333333
decoder_src,820,11626932655555,,33333333
depay_src,821,11626965977777,,
parser_src,821,11626965977777,,33333333
decoder_sink,821,11626965977777,,33333333
decoder_src,821,11626965977777,,33333333
depay_src,822,11626999311111,,
parser_src,822,11626999311111,,33333333
decoder_sink,822,11626999311111,,33333333
decoder_src,822,11626999311111,,33333333
depay_src,823,11627032655555,,
parser_src,823,11627032655555,,33333333
decoder_sink,823,11627032655555,,33333333
decoder_src,823,11627032655555,,33333333
depay_src,824,11627065977777,,
parser_src,824,11627065977777,,33333333
decoder_sink,824,11627065977777,,33333333
decoder_src,824,11627065977777,,33333333
depay_src,825,11627099311111,,
parser_src,825,11627099311111,,33333333
decoder_sink,825,11627099311111,,33333333
decoder_src,825,11627099311111,,33333333
depay_src,826,11627132655555,,
parser_src,826,11627132655555,,33333333
decoder_sink,826,11627132655555,,33333333
decoder_src,826,11627132655555,,33333333
depay_src,827,11627165977777,,
parser_src,827,11627165977777,,33333333
decoder_sink,827,11627165977777,,33333333
decoder_src,827,11627165977777,,33333333
depay_src,828,11627199311111,,
parser_src,828,11627199311111,,33333333
decoder_sink,828,11627199311111,,33333333
decoder_src,828,11627199311111,,33333333
depay_src,829,11627232655555,,
parser_src,829,11627232655555,,33333333
decoder_sink,829,11627232655555,,33333333
decoder_src,829,11627232655555,,33333333
depay_src,830,11627265977777,,
parser_src,830,11627265977777,,33333333
decoder_sink,830,11627265977777,,33333333
decoder_src,830,11627265977777,,33333333
depay_src,831,11627299311111,,
parser_src,831,11627299311111,,33333333
decoder_sink,831,11627299311111,,33333333
decoder_src,831,11627299311111,,33333333
depay_src,832,11627332655555,,
parser_src,832,11627332655555,,33333333
decoder_sink,832,11627332655555,,33333333
decoder_src,832,11627332655555,,33333333
depay_src,833,11627365977777,,
parser_src,833,11627365977777,,33333333
decoder_sink,833,11627365977777,,33333333
decoder_src,833,11627365977777,,33333333
depay_src,834,11627399311111,,
parser_src,834,11627399311111,,33333333
decoder_sink,834,11627399311111,,33333333
decoder_src,834,11627399311111,,33333333
depay_src,835,11627432655555,,
parser_src,835,11627432655555,,33333333
decoder_sink,835,11627432655555,,33333333
decoder_src,835,11627432655555,,33333333
depay_src,836,11627465977777,,
parser_src,836,11627465977777,,33333333
decoder_sink,836,11627465977777,,33333333
decoder_src,836,11627465977777,,33333333
depay_src,837,11627499311111,,
parser_src,837,11627499311111,,33333333
decoder_sink,837,11627499311111,,33333333
decoder_src,837,11627499311111,,33333333
depay_src,838,11627532655555,,
parser_src,838,11627532655555,,33333333
decoder_sink,838,11627532655555,,33333333
decoder_src,838,11627532655555,,33333333
depay_src,839,11627565977777,,
parser_src,839,11627565977777,,33333333
decoder_sink,839,11627565977777,,33333333
decoder_src,839,11627565977777,,33333333
depay_src,840,11627599311111,,
parser_src,840,11627599311111,,33333333
decoder_sink,840,11627599311111,,33333333
decoder_src,840,11627599311111,,33333333
depay_src,841,11627632655555,,
parser_src,841,11627632655555,,33333333
decoder_sink,841,11627632655555,,33333333
decoder_src,841,11627632655555,,33333333
depay_src,842,11627665977777,,
parser_src,842,11627665977777,,33333333
decoder_sink,842,11627665977777,,33333333
decoder_src,842,11627665977777,,33333333
depay_src,843,11627699311111,,
parser_src,843,11627699311111,,33333333
decoder_sink,843,11627699311111,,33333333
decoder_src,843,11627699311111,,33333333
depay_src,844,11627732655555,,
parser_src,844,11627732655555,,33333333
decoder_sink,844,11627732655555,,33333333
decoder_src,844,11627732655555,,33333333
depay_src,845,11627765977777,,
parser_src,845,11627765977777,,33333333
decoder_sink,845,11627765977777,,33333333
decoder_src,845,11627765977777,,33333333
depay_src,846,11627799311111,,
parser_src,846,11627799311111,,33333333
decoder_sink,846,11627799311111,,33333333
decoder_src,846,11627799311111,,33333333
depay_src,847,11627832655555,,
parser_src,847,11627832655555,,33333333
decoder_sink,847,11627832655555,,33333333
decoder_src,847,11627832655555,,33333333
depay_src,848,11627865977777,,
parser_src,848,11627865977777,,33333333
decoder_sink,848,11627865977777,,33333333
decoder_src,848,11627865977777,,33333333
depay_src,849,11627899311111,,
parser_src,849,11627899311111,,33333333
decoder_sink,849,11627899311111,,33333333
decoder_src,849,11627899311111,,33333333
depay_src,850,11627932655555,,
parser_src,850,11627932655555,,33333333
decoder_sink,850,11627932655555,,33333333
decoder_src,850,11627932655555,,33333333
depay_src,851,11627965977777,,
parser_src,851,11627965977777,,33333333
decoder_sink,851,11627965977777,,33333333
decoder_src,851,11627965977777,,33333333
depay_src,852,11627999311111,,
parser_src,852,11627999311111,,33333333
decoder_sink,852,11627999311111,,33333333
decoder_src,852,11627999311111,,33333333
depay_src,853,11628032655555,,
parser_src,853,11628032655555,,33333333
decoder_sink,853,11628032655555,,33333333
decoder_src,853,11628032655555,,33333333
depay_src,854,11628065977777,,
parser_src,854,11628065977777,,33333333
decoder_sink,854,11628065977777,,33333333
decoder_src,854,11628065977777,,33333333
depay_src,855,11628099311111,,
parser_src,855,11628099311111,,33333333
decoder_sink,855,11628099311111,,33333333
decoder_src,855,11628099311111,,33333333
depay_src,856,11628132655555,,
parser_src,856,11628132655555,,33333333
decoder_sink,856,11628132655555,,33333333
decoder_src,856,11628132655555,,33333333
depay_src,857,11628165977777,,
parser_src,857,11628165977777,,33333333
decoder_sink,857,11628165977777,,33333333
decoder_src,857,11628165977777,,33333333
depay_src,858,11628199311111,,
parser_src,858,11628199311111,,33333333
decoder_sink,858,11628199311111,,33333333
decoder_src,858,11628199311111,,33333333
depay_src,859,11628232655555,,
parser_src,859,11628232655555,,33333333
decoder_sink,859,11628232655555,,33333333
decoder_src,859,11628232655555,,33333333
depay_src,860,11628265977777,,
parser_src,860,11628265977777,,33333333
decoder_sink,860,11628265977777,,33333333
decoder_src,860,11628265977777,,33333333
depay_src,861,11628299311111,,
parser_src,861,11628299311111,,33333333
decoder_sink,861,11628299311111,,33333333
decoder_src,861,11628299311111,,33333333
depay_src,862,11628332655555,,
parser_src,862,11628332655555,,33333333
decoder_sink,862,11628332655555,,33333333
decoder_src,862,11628332655555,,33333333
depay_src,863,11628365977777,,
parser_src,863,11628365977777,,33333333
decoder_sink,863,11628365977777,,33333333
decoder_src,863,11628365977777,,33333333
depay_src,864,11628399311111,,
parser_src,864,11628399311111,,33333333
decoder_sink,864,11628399311111,,33333333
decoder_src,864,11628399311111,,33333333
depay_src,865,11628432655555,,
parser_src,865,11628432655555,,33333333
decoder_sink,865,11628432655555,,33333333
decoder_src,865,11628432655555,,33333333
depay_src,866,11628465977777,,
parser_src,866,11628465977777,,33333333
decoder_sink,866,11628465977777,,33333333
decoder_src,866,11628465977777,,33333333
depay_src,867,11628499311111,,
parser_src,867,11628499311111,,33333333
decoder_sink,867,11628499311111,,33333333
decoder_src,867,11628499311111,,33333333
depay_src,868,11628532655555,,
parser_src,868,11628532655555,,33333333
decoder_sink,868,11628532655555,,33333333
decoder_src,868,11628532655555,,33333333
depay_src,869,11628565977777,,
parser_src,869,11628565977777,,33333333
decoder_sink,869,11628565977777,,33333333
decoder_src,869,11628565977777,,33333333
depay_src,870,11628599311111,,
parser_src,870,11628599311111,,33333333
decoder_sink,870,11628599311111,,33333333
decoder_src,870,11628599311111,,33333333
depay_src,871,11628632655555,,
parser_src,871,11628632655555,,33333333
decoder_sink,871,11628632655555,,33333333
decoder_src,871,11628632655555,,33333333
depay_src,872,11628665977777,,
parser_src,872,11628665977777,,33333333
decoder_sink,872,11628665977777,,33333333
decoder_src,872,11628665977777,,33333333
depay_src,873,11628699311111,,
parser_src,873,11628699311111,,33333333
decoder_sink,873,11628699311111,,33333333
decoder_src,873,11628699311111,,33333333
depay_src,874,11628732655555,,
parser_src,874,11628732655555,,33333333
decoder_sink,874,11628732655555,,33333333
decoder_src,874,11628732655555,,33333333
depay_src,875,11628765977777,,
parser_src,875,11628765977777,,33333333
decoder_sink,875,11628765977777,,33333333
decoder_src,875,11628765977777,,33333333
depay_src,876,11628799311111,,
parser_src,876,11628799311111,,33333333
decoder_sink,876,11628799311111,,33333333
decoder_src,876,11628799311111,,33333333
depay_src,877,11628832655555,,
parser_src,877,11628832655555,,33333333
decoder_sink,877,11628832655555,,33333333
decoder_src,877,11628832655555,,33333333
depay_src,878,11628865977777,,
parser_src,878,11628865977777,,33333333
decoder_sink,878,11628865977777,,33333333
decoder_src,878,11628865977777,,33333333
depay_src,879,11628899311111,,
parser_src,879,11628899311111,,33333333
decoder_sink,879,11628899311111,,33333333
decoder_src,879,11628899311111,,33333333
depay_src,880,11628932655555,,
parser_src,880,11628932655555,,33333333
decoder_sink,880,11628932655555,,33333333
decoder_src,880,11628932655555,,33333333
depay_src,881,11628965977777,,
parser_src,881,11628965977777,,33333333
decoder_sink,881,11628965977777,,33333333
decoder_src,881,11628965977777,,33333333
depay_src,882,11628999311111,,
parser_src,882,11628999311111,,33333333
decoder_sink,882,11628999311111,,33333333
decoder_src,882,11628999311111,,33333333
depay_src,883,11629032655555,,
parser_src,883,11629032655555,,33333333
decoder_sink,883,11629032655555,,33333333
decoder_src,883,11629032655555,,33333333
depay_src,884,11629065977777,,
parser_src,884,11629065977777,,33333333
decoder_sink,884,11629065977777,,33333333
decoder_src,884,11629065977777,,33333333
depay_src,885,11629099311111,,
parser_src,885,11629099311111,,33333333
decoder_sink,885,11629099311111,,33333333
decoder_src,885,11629099311111,,33333333
depay_src,886,11629132655555,,
parser_src,886,11629132655555,,33333333
decoder_sink,886,11629132655555,,33333333
decoder_src,886,11629132655555,,33333333
depay_src,887,11629165977777,,
parser_src,887,11629165977777,,33333333
decoder_sink,887,11629165977777,,33333333
decoder_src,887,11629165977777,,33333333
depay_src,888,11629199311111,,
parser_src,888,11629199311111,,33333333
decoder_sink,888,11629199311111,,33333333
decoder_src,888,11629199311111,,33333333
depay_src,889,11629232655555,,
parser_src,889,11629232655555,,33333333
decoder_sink,889,11629232655555,,33333333
decoder_src,889,11629232655555,,33333333
depay_src,890,11629265977777,,
parser_src,890,11629265977777,,33333333
decoder_sink,890,11629265977777,,33333333
decoder_src,890,11629265977777,,33333333
depay_src,891,11629299311111,,
parser_src,891,11629299311111,,33333333
decoder_sink,891,11629299311111,,33333333
decoder_src,891,11629299311111,,33333333
depay_src,892,11629332655555,,
parser_src,892,11629332655555,,33333333
decoder_sink,892,11629332655555,,33333333
decoder_src,892,11629332655555,,33333333
depay_src,893,11629365977777,,
parser_src,893,11629365977777,,33333333
decoder_sink,893,11629365977777,,33333333
decoder_src,893,11629365977777,,33333333
depay_src,894,11629399311111,,
parser_src,894,11629399311111,,33333333
decoder_sink,894,11629399311111,,33333333
decoder_src,894,11629399311111,,33333333
depay_src,895,11629432655555,,
parser_src,895,11629432655555,,33333333
decoder_sink,895,11629432655555,,33333333
decoder_src,895,11629432655555,,33333333
depay_src,896,11629465977777,,
parser_src,896,11629465977777,,33333333
decoder_sink,896,11629465977777,,33333333
decoder_src,896,11629465977777,,33333333
depay_src,897,11629499311111,,
parser_src,897,11629499311111,,33333333
decoder_sink,897,11629499311111,,33333333
decoder_src,897,11629499311111,,33333333
depay_src,898,11629532655555,,
parser_src,898,11629532655555,,33333333
decoder_sink,898,11629532655555,,33333333
decoder_src,898,11629532655555,,33333333
depay_src,899,11629565977777,,
parser_src,899,11629565977777,,33333333
decoder_sink,899,11629565977777,,33333333
decoder_src,899,11629565977777,,33333333
depay_src,900,11629599311111,,
parser_src,900,11629599311111,,33333333
decoder_sink,900,11629599311111,,33333333
decoder_src,900,11629599311111,,33333333
depay_src,901,11629632655555,,
parser_src,901,11629632655555,,33333333
decoder_sink,901,11629632655555,,33333333
decoder_src,901,11629632655555,,33333333
depay_src,902,11629665977777,,
parser_src,902,11629665977777,,33333333
decoder_sink,902,11629665977777,,33333333
decoder_src,902,11629665977777,,33333333
depay_src,903,11629699311111,,
parser_src,903,11629699311111,,33333333
decoder_sink,903,11629699311111,,33333333
decoder_src,903,11629699311111,,33333333
depay_src,904,11629732655555,,
parser_src,904,11629732655555,,33333333
decoder_sink,904,11629732655555,,33333333
decoder_src,904,11629732655555,,33333333
depay_src,905,11629765977777,,
parser_src,905,11629765977777,,33333333
decoder_sink,905,11629765977777,,33333333
decoder_src,905,11629765977777,,33333333
depay_src,906,11629799311111,,
parser_src,906,11629799311111,,33333333
decoder_sink,906,11629799311111,,33333333
decoder_src,906,11629799311111,,33333333
depay_src,907,11629832655555,,
parser_src,907,11629832655555,,33333333
decoder_sink,907,11629832655555,,33333333
decoder_src,907,11629832655555,,33333333
depay_src,908,11629865977777,,
parser_src,908,11629865977777,,33333333
decoder_sink,908,11629865977777,,33333333
decoder_src,908,11629865977777,,33333333
depay_src,909,11629899311111,,
parser_src,909,11629899311111,,33333333
decoder_sink,909,11629899311111,,33333333
decoder_src,909,11629899311111,,33333333
depay_src,910,11629932655555,,
parser_src,910,11629932655555,,33333333
decoder_sink,910,11629932655555,,33333333
decoder_src,910,11629932655555,,33333333
depay_src,911,11629965977777,,
parser_src,911,11629965977777,,33333333
decoder_sink,911,11629965977777,,33333333
decoder_src,911,11629965977777,,33333333
depay_src,912,11629999311111,,
parser_src,912,11629999311111,,33333333
decoder_sink,912,11629999311111,,33333333
decoder_src,912,11629999311111,,33333333
depay_src,913,11630032655555,,
parser_src,913,11630032655555,,33333333
decoder_sink,913,11630032655555,,33333333
decoder_src,913,11630032655555,,33333333
depay_src,914,11630065977777,,
parser_src,914,11630065977777,,33333333
decoder_sink,914,11630065977777,,33333333
decoder_src,914,11630065977777,,33333333
depay_src,915,11630099311111,,
parser_src,915,11630099311111,,33333333
decoder_sink,915,11630099311111,,33333333
decoder_src,915,11630099311111,,33333333
depay_src,916,11630132655555,,
parser_src,916,11630132655555,,33333333
decoder_sink,916,11630132655555,,33333333
decoder_src,916,11630132655555,,33333333
depay_src,917,11630165977777,,
parser_src,917,11630165977777,,33333333
decoder_sink,917,11630165977777,,33333333
decoder_src,917,11630165977777,,33333333
depay_src,918,11630199311111,,
parser_src,918,11630199311111,,33333333
decoder_sink,918,11630199311111,,33333333
decoder_src,918,11630199311111,,33333333
depay_src,919,11630232655555,,
parser_src,919,11630232655555,,33333333
decoder_sink,919,11630232655555,,33333333
decoder_src,919,11630232655555,,33333333
depay_src,920,11630265977777,,
parser_src,920,11630265977777,,33333333
decoder_sink,920,11630265977777,,33333333
decoder_src,920,11630265977777,,33333333
depay_src,921,11630299311111,,
parser_src,921,11630299311111,,33333333
decoder_sink,921,11630299311111,,33333333
decoder_src,921,11630299311111,,33333333
depay_src,922,11630332655555,,
parser_src,922,11630332655555,,33333333
decoder_sink,922,11630332655555,,33333333
decoder_src,922,11630332655555,,33333333
depay_src,923,11630365977777,,
parser_src,923,11630365977777,,33333333
decoder_sink,923,11630365977777,,33333333
decoder_src,923,11630365977777,,33333333
depay_src,924,11630399311111,,
parser_src,924,11630399311111,,33333333
decoder_sink,924,11630399311111,,33333333
decoder_src,924,11630399311111,,33333333
depay_src,925,11630432655555,,
parser_src,925,11630432655555,,33333333
decoder_sink,925,11630432655555,,33333333
decoder_src,925,11630432655555,,33333333
depay_src,926,11630465977777,,
parser_src,926,11630465977777,,33333333
decoder_sink,926,11630465977777,,33333333
decoder_src,926,11630465977777,,33333333
depay_src,927,11630499311111,,
parser_src,927,11630499311111,,33333333
decoder_sink,927,11630499311111,,33333333
decoder_src,927,11630499311111,,33333333
depay_src,928,11630532655555,,
parser_src,928,11630532655555,,33333333
decoder_sink,928,11630532655555,,33333333
decoder_src,928,11630532655555,,33333333
depay_src,929,11630565977777,,
parser_src,929,11630565977777,,33333333
decoder_sink,929,11630565977777,,33333333
decoder_src,929,11630565977777,,33333333
depay_src,930,11630599311111,,
parser_src,930,11630599311111,,33333333
decoder_sink,930,11630599311111,,33333333
decoder_src,930,11630599311111,,33333333
depay_src,931,11630632655555,,
parser_src,931,11630632655555,,33333333
decoder_sink,931,11630632655555,,33333333
decoder_src,931,11630632655555,,33333333
depay_src,932,11630665977777,,
parser_src,932,11630665977777,,33333333
decoder_sink,932,11630665977777,,33333333
decoder_src,932,11630665977777,,33333333
depay_src,933,11630699311111,,
parser_src,933,11630699311111,,33333333
decoder_sink,933,11630699311111,,33333333
decoder_src,933,11630699311111,,33333333
depay_src,934,11630732655555,,
parser_src,934,11630732655555,,33333333
decoder_sink,934,11630732655555,,33333333
decoder_src,934,11630732655555,,33333333
depay_src,935,11630765977777,,
parser_src,935,11630765977777,,33333333
decoder_sink,935,11630765977777,,33333333
decoder_src,935,11630765977777,,33333333
depay_src,936,11630799311111,,
parser_src,936,11630799311111,,33333333
decoder_sink,936,11630799311111,,33333333
decoder_src,936,11630799311111,,33333333
depay_src,937,11630832655555,,
parser_src,937,11630832655555,,33333333
decoder_sink,937,11630832655555,,33333333
decoder_src,937,11630832655555,,33333333
depay_src,938,11630865977777,,
parser_src,938,11630865977777,,33333333
decoder_sink,938,11630865977777,,33333333
decoder_src,938,11630865977777,,33333333
depay_src,939,11630899311111,,
parser_src,939,11630899311111,,33333333
decoder_sink,939,11630899311111,,33333333
decoder_src,939,11630899311111,,33333333
depay_src,940,11630932655555,,
parser_src,940,11630932655555,,33333333
decoder_sink,940,11630932655555,,33333333
decoder_src,940,11630932655555,,33333333
depay_src,941,11630965977777,,
parser_src,941,11630965977777,,33333333
decoder_sink,941,11630965977777,,33333333
decoder_src,941,11630965977777,,33333333
depay_src,942,11630999311111,,
parser_src,942,11630999311111,,33333333
decoder_sink,942,11630999311111,,33333333
decoder_src,942,11630999311111,,33333333
depay_src,943,11631032655555,,
parser_src,943,11631032655555,,33333333
decoder_sink,943,11631032655555,,33333333
decoder_src,943,11631032655555,,33333333
depay_src,944,11631065977777,,
parser_src,944,11631065977777,,33333333
decoder_sink,944,11631065977777,,33333333
decoder_src,944,11631065977777,,33333333
depay_src,945,11631099311111,,
parser_src,945,11631099311111,,33333333
decoder_sink,945,11631099311111,,33333333
decoder_src,945,11631099311111,,33333333
depay_src,946,11631132655555,,
parser_src,946,11631132655555,,33333333
decoder_sink,946,11631132655555,,33333333
decoder_src,946,11631132655555,,33333333
depay_src,947,11631165977777,,
parser_src,947,11631165977777,,33333333
decoder_sink,947,11631165977777,,33333333
decoder_src,947,11631165977777,,33333333
depay_src,948,11631199311111,,
parser_src,948,11631199311111,,33333333
decoder_sink,948,11631199311111,,33333333
decoder_src,948,11631199311111,,33333333
depay_src,949,11631232655555,,
parser_src,949,11631232655555,,33333333
decoder_sink,949,11631232655555,,33333333
decoder_src,949,11631232655555,,33333333
depay_src,950,11631265977777,,
parser_src,950,11631265977777,,33333333
decoder_sink,950,11631265977777,,33333333
decoder_src,950,11631265977777,,33333333
depay_src,951,11631299311111,,
parser_src,951,11631299311111,,33333333
decoder_sink,951,11631299311111,,33333333
decoder_src,951,11631299311111,,33333333
depay_src,952,11631332655555,,
parser_src,952,11631332655555,,33333333
decoder_sink,952,11631332655555,,33333333
decoder_src,952,11631332655555,,33333333
depay_src,953,11631365977777,,
parser_src,953,11631365977777,,33333333
decoder_sink,953,11631365977777,,33333333
decoder_src,953,11631365977777,,33333333
depay_src,954,11631399311111,,
parser_src,954,11631399311111,,33333333
decoder_sink,954,11631399311111,,33333333
decoder_src,954,11631399311111,,33333333
depay_src,955,11631432655555,,
parser_src,955,11631432655555,,33333333
decoder_sink,955,11631432655555,,33333333
decoder_src,955,11631432655555,,33333333
depay_src,956,11631465977777,,
parser_src,956,11631465977777,,33333333
decoder_sink,956,11631465977777,,33333333
decoder_src,956,11631465977777,,33333333
depay_src,957,11631499311111,,
parser_src,957,11631499311111,,33333333
decoder_sink,957,11631499311111,,33333333
decoder_src,957,11631499311111,,33333333
depay_src,958,11631532655555,,
parser_src,958,11631532655555,,33333333
decoder_sink,958,11631532655555,,33333333
decoder_src,958,11631532655555,,33333333
depay_src,959,11631565977777,,
parser_src,959,11631565977777,,33333333
decoder_sink,959,11631565977777,,33333333
decoder_src,959,11631565977777,,33333333
depay_src,960,11631599311111,,
parser_src,960,11631599311111,,33333333
decoder_sink,960,11631599311111,,33333333
decoder_src,960,11631599311111,,33333333
depay_src,961,11631632655555,,
parser_src,961,11631632655555,,33333333
decoder_sink,961,11631632655555,,33333333
decoder_src,961,11631632655555,,33333333
depay_src,962,11631665977777,,
parser_src,962,11631665977777,,33333333
decoder_sink,962,11631665977777,,33333333
decoder_src,962,11631665977777,,33333333
depay_src,963,11631699311111,,
parser_src,963,11631699311111,,33333333
decoder_sink,963,11631699311111,,33333333
decoder_src,963,11631699311111,,33333333
depay_src,964,11631732655555,,
parser_src,964,11631732655555,,33333333
decoder_sink,964,11631732655555,,33333333
decoder_src,964,11631732655555,,33333333
depay_src,965,11631765977777,,
parser_src,965,11631765977777,,33333333
decoder_sink,965,11631765977777,,33333333
decoder_src,965,11631765977777,,33333333
depay_src,966,11631799311111,,
parser_src,966,11631799311111,,33333333
decoder_sink,966,11631799311111,,33333333
decoder_src,966,11631799311111,,33333333
depay_src,967,11631832655555,,
parser_src,967,11631832655555,,33333333
decoder_sink,967,11631832655555,,33333333
decoder_src,967,11631832655555,,33333333
depay_src,968,11631865977777,,
parser_src,968,11631865977777,,33333333
decoder_sink,968,11631865977777,,33333333
decoder_src,968,11631865977777,,33333333
depay_src,969,11631899311111,,
parser_src,969,11631899311111,,33333333
decoder_sink,969,11631899311111,,33333333
decoder_src,969,11631899311111,,33333333
depay_src,970,11631932655555,,
parser_src,970,11631932655555,,33333333
decoder_sink,970,11631932655555,,33333333
decoder_src,970,11631932655555,,33333333
depay_src,971,11631965977777,,
parser_src,971,11631965977777,,33333333
decoder_sink,971,11631965977777,,33333333
decoder_src,971,11631965977777,,33333333
